arm	geometry_spec	reaction_split	descriptor	n_reactions	spearman_rho	partial_rank_eta2_given_entropy	mae_entropy	mae_entropy_plus_eta2	mae_improvement
A1	original_20x20	ALL	eta2	3289	0.8665861148901247				
A1	original_20x20	ALL	H_dir	3289	0.8826242646386692				
A1	original_20x20	ALL	eta2_increment	3289		0.395187320392568	0.0468387638549454	0.0427479039055997	0.0040908599493456
A1	original_20x20	CONFIRMATION_HOLDOUT	eta2	838	0.8540430850962117				
A1	original_20x20	CONFIRMATION_HOLDOUT	H_dir	838	0.8864977261344046				
A1	original_20x20	CONFIRMATION_HOLDOUT	eta2_increment	838		0.3496524604466672	0.0453896404951321	0.0424160773884397	0.0029735631066923
A1	original_20x20	DEVELOPMENT	eta2	2451	0.87063909171337				
A1	original_20x20	DEVELOPMENT	H_dir	2451	0.8809213750027721				
A1	original_20x20	DEVELOPMENT	eta2_increment	2451		0.4108790338406266	0.0473285765381319	0.0427736987092126	0.0045548778289193
A1	truth_excluded_19x19	ALL	eta2	3289	0.8872077319969031				
A1	truth_excluded_19x19	ALL	H_dir	3289	0.9082837287321288				
A1	truth_excluded_19x19	ALL	eta2_increment	3289		0.45179462473066	0.0406663023760807	0.0362328973445138	0.0044334050315669
A1	truth_excluded_19x19	CONFIRMATION_HOLDOUT	eta2	838	0.8660049872645483				
A1	truth_excluded_19x19	CONFIRMATION_HOLDOUT	H_dir	838	0.910502309553374				
A1	truth_excluded_19x19	CONFIRMATION_HOLDOUT	eta2_increment	838		0.3888572385853112	0.0402203310531797	0.0370535615668142	0.0031667694863654
A1	truth_excluded_19x19	DEVELOPMENT	eta2	2451	0.8947713702531388				
A1	truth_excluded_19x19	DEVELOPMENT	H_dir	2451	0.9072239386816376				
A1	truth_excluded_19x19	DEVELOPMENT	eta2_increment	2451		0.4763967361597919	0.040845502492767	0.0358509817149427	0.0049945207778243
A2	original_20x20	ALL	eta2	3326	0.8309956522503813				
A2	original_20x20	ALL	H_dir	3326	0.9189342556857668				
A2	original_20x20	ALL	eta2_increment	3326		0.2876715877800791	0.0537965095002938	0.051253926168868	0.0025425833314257
A2	original_20x20	CONFIRMATION_HOLDOUT	eta2	843	0.8379464955236153				
A2	original_20x20	CONFIRMATION_HOLDOUT	H_dir	843	0.9140602435020942				
A2	original_20x20	CONFIRMATION_HOLDOUT	eta2_increment	843		0.3081015215197547	0.0543140906739789	0.0514487896170409	0.0028653010569379
A2	original_20x20	DEVELOPMENT	eta2	2483	0.8293240667039129				
A2	original_20x20	DEVELOPMENT	H_dir	2483	0.920239979305121				
A2	original_20x20	DEVELOPMENT	eta2_increment	2483		0.2820249214051212	0.0534058117569732	0.0505869251641537	0.0028188865928194
A2	truth_excluded_19x19	ALL	eta2	3326	0.8290351898552815				
A2	truth_excluded_19x19	ALL	H_dir	3326	0.9191221515060788				
A2	truth_excluded_19x19	ALL	eta2_increment	3326		0.2875420001079193	0.0532575442661823	0.0500225329832523	0.00323501128293
A2	truth_excluded_19x19	CONFIRMATION_HOLDOUT	eta2	843	0.8337771557014612				
A2	truth_excluded_19x19	CONFIRMATION_HOLDOUT	H_dir	843	0.9062693291055394				
A2	truth_excluded_19x19	CONFIRMATION_HOLDOUT	eta2_increment	843		0.3161638435722865	0.0554262700084116	0.051861013607737	0.0035652564006746
A2	truth_excluded_19x19	DEVELOPMENT	eta2	2483	0.8281301140513393				
A2	truth_excluded_19x19	DEVELOPMENT	H_dir	2483	0.9231443496497564				
A2	truth_excluded_19x19	DEVELOPMENT	eta2_increment	2483		0.2770132612164758	0.0523212353116272	0.0490598514205777	0.0032613838910494
