anchor	method	rna_context_key	tumor	mouse_id	candidate_count	weight_sum	conditional_ess	max_candidate_weight	positive_candidate_count	zero_candidate_count
A1	CORDA	training_samples=setx1,setx2	CT2A	C1	20	0.99999999999999989	1.0132422849111922	0.99342759262179503	20	0
A1	CORDA	training_samples=setx1,setx2	CT2A	C2	20	1	1.1377950830227046	0.93525445565786569	20	0
A1	CORDA	training_samples=setx1,setx2	CT2A	C3	20	1	1.5090068301405832	0.7852157084758089	20	0
A1	CORDA	training_samples=setx1,setx2	CT2A	C4	20	1	2.2313756716114539	0.50687048782467192	20	0
A1	CORDA	training_samples=setx1,setx2	CT2A	C5	20	1	1.1206014109472822	0.94362198656850549	20	0
A1	CORDA	training_samples=setx1,setx2	GL261	G1	20	1	2.4593820800547253	0.48270132675348598	20	0
A1	CORDA	training_samples=setx1,setx2	GL261	G2	20	1	1.0000000000463274	0.99999999997683631	20	0
A1	CORDA	training_samples=setx1,setx2	GL261	G3	20	1	8.1136862612402361	0.16314726202286051	20	0
A1	CORDA	training_samples=setx1,setx2	GL261	G4	20	1	1.000000000001485	0.99999999999925748	20	0
A1	CORDA	training_samples=setx1,setx2	GL261	G5	20	1	1	1	12	8
A1	CORDA	training_samples=setx1,setx2,setx3	CT2A	C1	20	1	2.1865284535372882	0.62662385731483394	20	0
A1	CORDA	training_samples=setx1,setx2,setx3	CT2A	C2	20	0.99999999999999989	1.1179173816027428	0.94413992294055438	19	1
A1	CORDA	training_samples=setx1,setx2,setx3	CT2A	C3	20	1	1.4946767128138867	0.79105326559541034	20	0
A1	CORDA	training_samples=setx1,setx2,setx3	CT2A	C4	20	1	2.3014251565187003	0.52833053188733436	20	0
A1	CORDA	training_samples=setx1,setx2,setx3	CT2A	C5	20	1	3.380110740455069	0.35905604816919445	20	0
A1	CORDA	training_samples=setx1,setx2,setx3	GL261	G1	20	0.99999999999999978	2.4507364521496147	0.53709211656640621	20	0
A1	CORDA	training_samples=setx1,setx2,setx3	GL261	G2	20	1	1.7272041350092755	0.72986128992609756	20	0
A1	CORDA	training_samples=setx1,setx2,setx3	GL261	G3	20	0.99999999999999989	1.0426093087425521	0.97913052022349256	20	0
A1	CORDA	training_samples=setx1,setx2,setx3	GL261	G4	20	1	6.3551243741260706	0.20661788251610486	20	0
A1	CORDA	training_samples=setx1,setx2,setx3	GL261	G5	20	1	1.168932885900015	0.92206822209156469	20	0
A1	CORDA	training_samples=setx1,setx3	CT2A	C1	20	1	5.7823815133113534	0.27740268437623872	20	0
A1	CORDA	training_samples=setx1,setx3	CT2A	C2	20	1	1	1	15	5
A1	CORDA	training_samples=setx1,setx3	CT2A	C3	20	1	1.0000000000019644	0.99999999999901779	20	0
A1	CORDA	training_samples=setx1,setx3	CT2A	C4	20	1	1.0000000038252972	0.9999999980873514	20	0
A1	CORDA	training_samples=setx1,setx3	CT2A	C5	20	0.99999999999999989	4.2469934877195792	0.35731117042080046	20	0
A1	CORDA	training_samples=setx1,setx3	GL261	G1	20	1	1.049128646347828	0.97617371529841501	20	0
A1	CORDA	training_samples=setx1,setx3	GL261	G2	20	1.0000000000000002	1.0259760912512297	0.98717635035833873	20	0
A1	CORDA	training_samples=setx1,setx3	GL261	G3	20	1	1.0451995480037044	0.97799950453273132	20	0
A1	CORDA	training_samples=setx1,setx3	GL261	G4	20	1	1.1881899774941322	0.91330338406555933	20	0
A1	CORDA	training_samples=setx1,setx3	GL261	G5	20	0.99999999999999989	1.0001008286157393	0.99994958823347635	19	1
A1	CORDA	training_samples=setx2,setx3	CT2A	C1	20	1	1.7128345729354533	0.7049254671849946	20	0
A1	CORDA	training_samples=setx2,setx3	CT2A	C2	20	1	1.1294764765274283	0.9389566823283374	20	0
A1	CORDA	training_samples=setx2,setx3	CT2A	C3	20	0.99999999999999989	1.5021066044008669	0.78786592774188924	20	0
A1	CORDA	training_samples=setx2,setx3	CT2A	C4	20	1	2.0758831558396849	0.54095987337773821	20	0
A1	CORDA	training_samples=setx2,setx3	CT2A	C5	20	1	2.2126208961560763	0.57586403945690323	20	0
A1	CORDA	training_samples=setx2,setx3	GL261	G1	20	1	1.00188384588377	0.99905896853631293	20	0
A1	CORDA	training_samples=setx2,setx3	GL261	G2	20	0.99999999999999989	1.0000118441580967	0.99999407795850137	20	0
A1	CORDA	training_samples=setx2,setx3	GL261	G3	20	1	1.0001874111112137	0.99990630329344099	20	0
A1	CORDA	training_samples=setx2,setx3	GL261	G4	20	1	1.1118111169003031	0.94776665142680172	20	0
A1	CORDA	training_samples=setx2,setx3	GL261	G5	20	1	1.0000000000101363	0.99999999999493183	20	0
A1	GIMME	training_samples=setx1,setx2	CT2A	C1	20	0.99999999999999989	1.0000006768230592	0.99999966158858478	20	0
A1	GIMME	training_samples=setx1,setx2	CT2A	C2	20	1.0000000000000002	1.9998705057498645	0.50780713966642876	20	0
A1	GIMME	training_samples=setx1,setx2	CT2A	C3	20	0.99999999999999989	1.8268255133143949	0.65394427922205667	20	0
A1	GIMME	training_samples=setx1,setx2	CT2A	C4	20	0.99999999999999989	3.0699490900530564	0.37628974615327143	20	0
A1	GIMME	training_samples=setx1,setx2	CT2A	C5	20	1	1.0000000000500986	0.9999999999749507	20	0
A1	GIMME	training_samples=setx1,setx2	GL261	G1	20	0.99999999999999989	1.0065744760775193	0.99672349721993203	20	0
A1	GIMME	training_samples=setx1,setx2	GL261	G2	20	1	1.0133909241917336	0.99335966262641184	20	0
A1	GIMME	training_samples=setx1,setx2	GL261	G3	20	1	1.1718529514002212	0.92087394180157522	20	0
A1	GIMME	training_samples=setx1,setx2	GL261	G4	20	1	3.5969512892481013	0.42397710000407413	20	0
A1	GIMME	training_samples=setx1,setx2	GL261	G5	20	0.99999999999999989	1.0002589715654968	0.99987053311496532	19	1
A1	GIMME	training_samples=setx1,setx2,setx3	CT2A	C1	20	1.0000000000000002	1.3845489636717865	0.83337344760899257	20	0
A1	GIMME	training_samples=setx1,setx2,setx3	CT2A	C2	20	1.0000000000000002	6.5564206118351214	0.24981331769609327	20	0
A1	GIMME	training_samples=setx1,setx2,setx3	CT2A	C3	20	1	1.8420132061449457	0.70928683929447656	20	0
A1	GIMME	training_samples=setx1,setx2,setx3	CT2A	C4	20	1	1.4596677033934313	0.80425040190970132	20	0
A1	GIMME	training_samples=setx1,setx2,setx3	CT2A	C5	20	1	1.0393904545482646	0.98067782925303926	20	0
A1	GIMME	training_samples=setx1,setx2,setx3	GL261	G1	20	1	1.0000106667825044	0.99999466663764891	20	0
A1	GIMME	training_samples=setx1,setx2,setx3	GL261	G2	20	0.99999999999999989	2.0918655989212884	0.66255189623271316	20	0
A1	GIMME	training_samples=setx1,setx2,setx3	GL261	G3	20	0.99999999999999989	1.0178746469587505	0.99115357854480346	20	0
A1	GIMME	training_samples=setx1,setx2,setx3	GL261	G4	20	1	1.0245739826043472	0.98788476828311622	20	0
A1	GIMME	training_samples=setx1,setx2,setx3	GL261	G5	20	1	5.3678263049915476	0.30490851387934709	20	0
A1	GIMME	training_samples=setx1,setx3	CT2A	C1	20	0.99999999999999989	11.278613800728396	0.10412713223081474	20	0
A1	GIMME	training_samples=setx1,setx3	CT2A	C2	20	0.99999999999999989	1.0000000002193221	0.99999999989033883	8	12
A1	GIMME	training_samples=setx1,setx3	CT2A	C3	20	0.99999999999999989	1.0002787151221244	0.99986066185441824	20	0
A1	GIMME	training_samples=setx1,setx3	CT2A	C4	20	1	1.0000628910205012	0.99996855547850871	20	0
A1	GIMME	training_samples=setx1,setx3	CT2A	C5	20	1	2.4849841824816759	0.50210282308766097	20	0
A1	GIMME	training_samples=setx1,setx3	GL261	G1	20	1	1.0052766192498745	0.99736861446997982	20	0
A1	GIMME	training_samples=setx1,setx3	GL261	G2	20	1.0000000000000002	1.0007510708152707	0.99962462872970304	20	0
A1	GIMME	training_samples=setx1,setx3	GL261	G3	20	1	1.1286301884655527	0.93933945480563041	20	0
A1	GIMME	training_samples=setx1,setx3	GL261	G4	20	0.99999999999999989	1.7896035038923477	0.69333346578801391	20	0
A1	GIMME	training_samples=setx1,setx3	GL261	G5	20	1	1.0001114534435382	0.9999442766568386	20	0
A1	GIMME	training_samples=setx2,setx3	CT2A	C1	20	0.99999999999999978	1.5635735163295363	0.77205658862734006	20	0
A1	GIMME	training_samples=setx2,setx3	CT2A	C2	20	1	1.0956535965705312	0.95445145328888792	20	0
A1	GIMME	training_samples=setx2,setx3	CT2A	C3	20	1	1.0427941996901013	0.97907520336504439	20	0
A1	GIMME	training_samples=setx2,setx3	CT2A	C4	20	0.99999999999999989	4.846626233693077	0.31467373229825596	20	0
A1	GIMME	training_samples=setx2,setx3	CT2A	C5	20	1	1.1300401560066733	0.93872244157407581	20	0
A1	GIMME	training_samples=setx2,setx3	GL261	G1	20	1	1	1	20	0
A1	GIMME	training_samples=setx2,setx3	GL261	G2	20	0.99999999999999978	3.0339087116295871	0.48752268157378048	20	0
A1	GIMME	training_samples=setx2,setx3	GL261	G3	20	1	1	1	20	0
A1	GIMME	training_samples=setx2,setx3	GL261	G4	20	0.99999999999999989	1.0000000208854753	0.99999998955726233	20	0
A1	GIMME	training_samples=setx2,setx3	GL261	G5	20	0.99999999999999989	5.9926009249269221	0.19794818130372133	20	0
A1	RIPTiDe	training_samples=setx1,setx2	CT2A	C1	20	1	1.3497145017802974	0.85108813263553329	20	0
A1	RIPTiDe	training_samples=setx1,setx2	CT2A	C2	20	1	5.3441460420279308	0.23029872001948717	20	0
A1	RIPTiDe	training_samples=setx1,setx2	CT2A	C3	20	1.0000000000000002	3.6534324528945805	0.40951416962248249	20	0
A1	RIPTiDe	training_samples=setx1,setx2	CT2A	C4	20	1	1.1641234303098147	0.92414632453898338	20	0
A1	RIPTiDe	training_samples=setx1,setx2	CT2A	C5	20	1	1.0123976760211668	0.99383934361649184	18	2
A1	RIPTiDe	training_samples=setx1,setx2	GL261	G1	20	1	3.0000000000025433	0.33333333333319204	10	10
A1	RIPTiDe	training_samples=setx1,setx2	GL261	G2	20	0.99999999999999989	8.9056319739982435	0.15044288087332702	20	0
A1	RIPTiDe	training_samples=setx1,setx2	GL261	G3	20	0.99999999999999989	3.0001261948441806	0.33332632251054028	20	0
A1	RIPTiDe	training_samples=setx1,setx2	GL261	G4	20	1	3.0000002075735503	0.33333332180146941	20	0
A1	RIPTiDe	training_samples=setx1,setx2	GL261	G5	20	0.99999999999999989	3.0178083745788169	0.33234437456585281	20	0
A1	RIPTiDe	training_samples=setx1,setx2,setx3	CT2A	C1	20	1	1.0000004342796023	0.99999978286024693	20	0
A1	RIPTiDe	training_samples=setx1,setx2,setx3	CT2A	C2	20	1	1.9889432513554317	0.66535529600170662	20	0
A1	RIPTiDe	training_samples=setx1,setx2,setx3	CT2A	C3	20	1	7.0071677689324607	0.2042937444578217	20	0
A1	RIPTiDe	training_samples=setx1,setx2,setx3	CT2A	C4	20	1	1.0000000012006371	0.99999999939968143	20	0
A1	RIPTiDe	training_samples=setx1,setx2,setx3	CT2A	C5	20	1	1	1	16	4
A1	RIPTiDe	training_samples=setx1,setx2,setx3	GL261	G1	20	1	1.012795796800158	0.99364276653654093	20	0
A1	RIPTiDe	training_samples=setx1,setx2,setx3	GL261	G2	20	1	4.377304031767089	0.31032641920525705	20	0
A1	RIPTiDe	training_samples=setx1,setx2,setx3	GL261	G3	20	1	1.3540840408606158	0.84956011772524898	20	0
A1	RIPTiDe	training_samples=setx1,setx2,setx3	GL261	G4	20	0.99999999999999989	1.1698500968157419	0.92170774010244894	20	0
A1	RIPTiDe	training_samples=setx1,setx2,setx3	GL261	G5	20	1	9.9918925117319048	0.14092157917241829	20	0
A1	RIPTiDe	training_samples=setx1,setx3	CT2A	C1	20	1	1.0001262680065763	0.99993687046197244	20	0
A1	RIPTiDe	training_samples=setx1,setx3	CT2A	C2	20	0.99999999999999989	2.1951735959893797	0.65110013901721076	20	0
A1	RIPTiDe	training_samples=setx1,setx3	CT2A	C3	20	0.99999999999999978	4.8969204566385365	0.22042415731623938	20	0
A1	RIPTiDe	training_samples=setx1,setx3	CT2A	C4	20	0.99999999999999989	1.0000015322508047	0.9999992338752145	20	0
A1	RIPTiDe	training_samples=setx1,setx3	CT2A	C5	20	1	1.0000000000050784	0.99999999999746081	15	5
A1	RIPTiDe	training_samples=setx1,setx3	GL261	G1	20	1	2.0000000000025429	0.49999999999968214	7	13
A1	RIPTiDe	training_samples=setx1,setx3	GL261	G2	20	1.0000000000000002	10.927161225710373	0.13329804733467926	20	0
A1	RIPTiDe	training_samples=setx1,setx3	GL261	G3	20	1	2.0001257129990924	0.49998428612248519	20	0
A1	RIPTiDe	training_samples=setx1,setx3	GL261	G4	20	1	2.0000002075532595	0.49999997405584323	20	0
A1	RIPTiDe	training_samples=setx1,setx3	GL261	G5	20	1	2.0171768226080529	0.49785769225792692	20	0
A1	RIPTiDe	training_samples=setx2,setx3	CT2A	C1	20	0.99999999999999989	1.0000164178822841	0.99999179112624337	20	0
A1	RIPTiDe	training_samples=setx2,setx3	CT2A	C2	20	1	1.3900966093156186	0.83145554023529022	20	0
A1	RIPTiDe	training_samples=setx2,setx3	CT2A	C3	20	0.99999999999999989	11.024730102158724	0.11890220865937352	20	0
A1	RIPTiDe	training_samples=setx2,setx3	CT2A	C4	20	1	1.0000001138129175	0.99999994309354445	20	0
A1	RIPTiDe	training_samples=setx2,setx3	CT2A	C5	20	1	1.0000000000000322	0.9999999999999839	8	12
A1	RIPTiDe	training_samples=setx2,setx3	GL261	G1	20	1	1.0068067294346332	0.9966081776801442	20	0
A1	RIPTiDe	training_samples=setx2,setx3	GL261	G2	20	1	8.7684042135325679	0.11877195149563015	20	0
A1	RIPTiDe	training_samples=setx2,setx3	GL261	G3	20	1	1.2951150065329486	0.87139912102752914	20	0
A1	RIPTiDe	training_samples=setx2,setx3	GL261	G4	20	1	1.0872878183689827	0.95817896006385084	20	0
A1	RIPTiDe	training_samples=setx2,setx3	GL261	G5	20	1	2.9739598995191372	0.4982215692510521	20	0
A1	iMAT	training_samples=setx1,setx2	CT2A	C1	20	1	1.333235738458892	0.86160079436648795	20	0
A1	iMAT	training_samples=setx1,setx2	CT2A	C2	20	1	1.9613176352731219	0.57021866128520904	19	1
A1	iMAT	training_samples=setx1,setx2	CT2A	C3	20	0.99999999999999978	1.4953008684366225	0.7904838488725916	20	0
A1	iMAT	training_samples=setx1,setx2	CT2A	C4	20	1	3.5772439954453317	0.34685566557775738	20	0
A1	iMAT	training_samples=setx1,setx2	CT2A	C5	20	1	1.7953236131607144	0.67137742424827374	20	0
A1	iMAT	training_samples=setx1,setx2	GL261	G1	20	1	2.96114891128942	0.39007575623376844	20	0
A1	iMAT	training_samples=setx1,setx2	GL261	G2	20	0.99999999999999989	1.0000000000336104	0.99999999998319467	20	0
A1	iMAT	training_samples=setx1,setx2	GL261	G3	20	1	5.2218878429871936	0.2529065954665865	20	0
A1	iMAT	training_samples=setx1,setx2	GL261	G4	20	0.99999999999999978	1.6765914667792667	0.719599888853934	20	0
A1	iMAT	training_samples=setx1,setx2	GL261	G5	20	1	1	1	14	6
A1	iMAT	training_samples=setx1,setx2,setx3	CT2A	C1	20	1	1.0012153848419627	0.99939276117063114	20	0
A1	iMAT	training_samples=setx1,setx2,setx3	CT2A	C2	20	0.99999999999999989	1.0000000032576881	0.99999999837115583	19	1
A1	iMAT	training_samples=setx1,setx2,setx3	CT2A	C3	20	1	1.0000000928646724	0.99999995356766624	20	0
A1	iMAT	training_samples=setx1,setx2,setx3	CT2A	C4	20	1	2.7287217904126058	0.42314578483400883	20	0
A1	iMAT	training_samples=setx1,setx2,setx3	CT2A	C5	20	0.99999999999999989	2.1235276403088155	0.5282086252988929	20	0
A1	iMAT	training_samples=setx1,setx2,setx3	GL261	G1	20	0.99999999999999989	4.1879283001124223	0.35699636933488321	20	0
A1	iMAT	training_samples=setx1,setx2,setx3	GL261	G2	20	1	1.0000812145921729	0.99995939435273207	20	0
A1	iMAT	training_samples=setx1,setx2,setx3	GL261	G3	20	0.99999999999999989	1.4905893201181826	0.81064073536493531	20	0
A1	iMAT	training_samples=setx1,setx2,setx3	GL261	G4	20	1	1.9329169607891117	0.59314719279813466	20	0
A1	iMAT	training_samples=setx1,setx2,setx3	GL261	G5	20	1	1.0000000025468216	0.99999999872658918	19	1
A1	iMAT	training_samples=setx1,setx3	CT2A	C1	20	1	2.8653534514494536	0.44303882380550297	20	0
A1	iMAT	training_samples=setx1,setx3	CT2A	C2	20	1	1.0000002496322273	0.99999987518390199	17	3
A1	iMAT	training_samples=setx1,setx3	CT2A	C3	20	1.0000000000000002	1.000037357134741	0.99998132178211863	20	0
A1	iMAT	training_samples=setx1,setx3	CT2A	C4	20	1	1.0007350872583793	0.99963259244643554	20	0
A1	iMAT	training_samples=setx1,setx3	CT2A	C5	20	1.0000000000000002	2.3249950545601674	0.50847490202323786	20	0
A1	iMAT	training_samples=setx1,setx3	GL261	G1	20	1	2.5095728082949722	0.4942345078080792	20	0
A1	iMAT	training_samples=setx1,setx3	GL261	G2	20	1	1.1687512202688908	0.92167172061462543	20	0
A1	iMAT	training_samples=setx1,setx3	GL261	G3	20	1	4.8447839531645869	0.32938452475801883	20	0
A1	iMAT	training_samples=setx1,setx3	GL261	G4	20	1	1.9877885691859545	0.53918936139305362	20	0
A1	iMAT	training_samples=setx1,setx3	GL261	G5	20	1	1.0153598862327289	0.99237814273855207	15	5
A1	iMAT	training_samples=setx2,setx3	CT2A	C1	20	1	1.0611759026681349	0.97032116497060683	20	0
A1	iMAT	training_samples=setx2,setx3	CT2A	C2	20	1	1.2191077303065536	0.90016999661085295	20	0
A1	iMAT	training_samples=setx2,setx3	CT2A	C3	20	1	1.0931740004528936	0.95539403629976327	20	0
A1	iMAT	training_samples=setx2,setx3	CT2A	C4	20	1	1.3392381074707136	0.85570060417726579	20	0
A1	iMAT	training_samples=setx2,setx3	CT2A	C5	20	0.99999999999999989	3.0989968807328028	0.40883024831758324	20	0
A1	iMAT	training_samples=setx2,setx3	GL261	G1	20	1	4.8422532642054072	0.28042555589935425	20	0
A1	iMAT	training_samples=setx2,setx3	GL261	G2	20	1	1.0000000703428666	0.9999999648285679	20	0
A1	iMAT	training_samples=setx2,setx3	GL261	G3	20	0.99999999999999989	1.0000126996025176	0.99999365023946751	20	0
A1	iMAT	training_samples=setx2,setx3	GL261	G4	20	1	3.6579371754549559	0.33730439069099893	20	0
A1	iMAT	training_samples=setx2,setx3	GL261	G5	20	1.0000000000000002	1.0000000000086433	0.99999999999567857	19	1
A2	CORDA	training_samples=setx1,setx2	CT2A	C1	20	1	5.4651189687473494	0.3416455950291456	20	0
A2	CORDA	training_samples=setx1,setx2	CT2A	C2	20	1	2.2974753614636549	0.51422183558930146	20	0
A2	CORDA	training_samples=setx1,setx2	CT2A	C3	20	1.0000000000000002	3.2456805711499377	0.40013071934730138	20	0
A2	CORDA	training_samples=setx1,setx2	CT2A	C4	20	1	15.75088090257446	0.096309350205003211	20	0
A2	CORDA	training_samples=setx1,setx2	CT2A	C5	20	1	12.665321773671794	0.12590062983981398	20	0
A2	CORDA	training_samples=setx1,setx2	GL261	G1	20	0.99999999999999978	10.230381771850931	0.15553377181221745	20	0
A2	CORDA	training_samples=setx1,setx2	GL261	G2	20	1	1.2172126891515802	0.90096801236591839	20	0
A2	CORDA	training_samples=setx1,setx2	GL261	G3	20	1	12.763254048521993	0.11885374450518463	20	0
A2	CORDA	training_samples=setx1,setx2	GL261	G4	20	1	1.1020804444603827	0.95187533519007061	20	0
A2	CORDA	training_samples=setx1,setx2	GL261	G5	20	0.99999999999999989	1.6865359674722673	0.71820885959338188	20	0
A2	CORDA	training_samples=setx1,setx2,setx3	CT2A	C1	20	1	4.8757269637207319	0.3130536424472139	20	0
A2	CORDA	training_samples=setx1,setx2,setx3	CT2A	C2	20	1	2.3641004228604632	0.60186686838446857	20	0
A2	CORDA	training_samples=setx1,setx2,setx3	CT2A	C3	20	1	3.7584179156661084	0.40069568464980748	20	0
A2	CORDA	training_samples=setx1,setx2,setx3	CT2A	C4	20	0.99999999999999989	6.2266368213931793	0.19273014320181178	20	0
A2	CORDA	training_samples=setx1,setx2,setx3	CT2A	C5	20	1.0000000000000002	9.4443739619859954	0.22238814779211469	20	0
A2	CORDA	training_samples=setx1,setx2,setx3	GL261	G1	20	1	12.448539661697728	0.13603319067309422	20	0
A2	CORDA	training_samples=setx1,setx2,setx3	GL261	G2	20	1	1.1350096926307223	0.93656902272280673	20	0
A2	CORDA	training_samples=setx1,setx2,setx3	GL261	G3	20	0.99999999999999989	3.7558767109379372	0.40997239039652522	20	0
A2	CORDA	training_samples=setx1,setx2,setx3	GL261	G4	20	1	5.7963545523003273	0.22816226012474264	20	0
A2	CORDA	training_samples=setx1,setx2,setx3	GL261	G5	20	0.99999999999999989	1.832969804369609	0.69922963283188244	20	0
A2	CORDA	training_samples=setx1,setx3	CT2A	C1	20	1	9.9363868059116296	0.14914129255188016	20	0
A2	CORDA	training_samples=setx1,setx3	CT2A	C2	20	0.99999999999999989	1.1917341004983093	0.91326410726775653	20	0
A2	CORDA	training_samples=setx1,setx3	CT2A	C3	20	1	2.3821701523622765	0.57309030257901861	20	0
A2	CORDA	training_samples=setx1,setx3	CT2A	C4	20	1.0000000000000002	5.5181311042832126	0.31036059811094757	20	0
A2	CORDA	training_samples=setx1,setx3	CT2A	C5	20	0.99999999999999978	9.7579952848414653	0.13201695092481183	20	0
A2	CORDA	training_samples=setx1,setx3	GL261	G1	20	1	6.6352267048426015	0.26505851627847471	20	0
A2	CORDA	training_samples=setx1,setx3	GL261	G2	20	0.99999999999999978	1.0000006920689881	0.99999965396562562	20	0
A2	CORDA	training_samples=setx1,setx3	GL261	G3	20	1	4.3809066385380238	0.33146154532399397	20	0
A2	CORDA	training_samples=setx1,setx3	GL261	G4	20	1	2.2627070895350228	0.63930612029849176	20	0
A2	CORDA	training_samples=setx1,setx3	GL261	G5	20	1	1.0013872799109416	0.99930685090665983	20	0
A2	CORDA	training_samples=setx2,setx3	CT2A	C1	20	1	3.2031410355844998	0.39432730078001421	20	0
A2	CORDA	training_samples=setx2,setx3	CT2A	C2	20	1	2.2420607707808662	0.5230418216652245	20	0
A2	CORDA	training_samples=setx2,setx3	CT2A	C3	20	1	2.9190035285110483	0.42490840411795322	20	0
A2	CORDA	training_samples=setx2,setx3	CT2A	C4	20	0.99999999999999989	5.6180806175393769	0.22889385786697225	20	0
A2	CORDA	training_samples=setx2,setx3	CT2A	C5	20	1	4.8962032468597183	0.2678690879644437	20	0
A2	CORDA	training_samples=setx2,setx3	GL261	G1	20	1	6.7949954585730952	0.2265008747937064	20	0
A2	CORDA	training_samples=setx2,setx3	GL261	G2	20	0.99999999999999978	1.0002792181621183	0.99986041040423912	20	0
A2	CORDA	training_samples=setx2,setx3	GL261	G3	20	1	8.0179579721275065	0.24025131972969763	20	0
A2	CORDA	training_samples=setx2,setx3	GL261	G4	20	1	8.4354110722581233	0.17548448180929374	20	0
A2	CORDA	training_samples=setx2,setx3	GL261	G5	20	0.99999999999999989	1.0663129948286896	0.96787780393903888	20	0
A2	GIMME	training_samples=setx1,setx2	CT2A	C1	20	1	1.1226866099484145	0.94241951397536072	20	0
A2	GIMME	training_samples=setx1,setx2	CT2A	C2	20	1	2.6208818213624445	0.50624776240007652	20	0
A2	GIMME	training_samples=setx1,setx2	CT2A	C3	20	0.99999999999999989	2.7052258842555132	0.47197621855611316	20	0
A2	GIMME	training_samples=setx1,setx2	CT2A	C4	20	1	15.487639830880035	0.11471265235980475	20	0
A2	GIMME	training_samples=setx1,setx2	CT2A	C5	20	1	1.7884258960423018	0.72000054162323535	20	0
A2	GIMME	training_samples=setx1,setx2	GL261	G1	20	1	8.7885958276757687	0.20170461623125452	20	0
A2	GIMME	training_samples=setx1,setx2	GL261	G2	20	0.99999999999999978	1.2735224120582118	0.87785375632619278	20	0
A2	GIMME	training_samples=setx1,setx2	GL261	G3	20	1	4.0032085002924234	0.35944805050022949	20	0
A2	GIMME	training_samples=setx1,setx2	GL261	G4	20	0.99999999999999989	4.274734132793415	0.27045157501320155	20	0
A2	GIMME	training_samples=setx1,setx2	GL261	G5	20	1	2.3153643826659511	0.56949000569034502	20	0
A2	GIMME	training_samples=setx1,setx2,setx3	CT2A	C1	20	1	3.0525376401983548	0.44761086589177507	20	0
A2	GIMME	training_samples=setx1,setx2,setx3	CT2A	C2	20	1	14.54437557356572	0.082303054456221866	20	0
A2	GIMME	training_samples=setx1,setx2,setx3	CT2A	C3	20	1	13.259840483451066	0.11637669482313677	20	0
A2	GIMME	training_samples=setx1,setx2,setx3	CT2A	C4	20	1	16.236654947133552	0.098089297121091615	20	0
A2	GIMME	training_samples=setx1,setx2,setx3	CT2A	C5	20	1	3.7826117004350439	0.34532181651007732	20	0
A2	GIMME	training_samples=setx1,setx2,setx3	GL261	G1	20	1	11.16648717245006	0.16842034176943205	20	0
A2	GIMME	training_samples=setx1,setx2,setx3	GL261	G2	20	0.99999999999999989	1.6036667410898673	0.775712465499521	20	0
A2	GIMME	training_samples=setx1,setx2,setx3	GL261	G3	20	1	4.7123407133963076	0.3761593848960052	20	0
A2	GIMME	training_samples=setx1,setx2,setx3	GL261	G4	20	1	2.6581119381134157	0.56140660914387619	20	0
A2	GIMME	training_samples=setx1,setx2,setx3	GL261	G5	20	0.99999999999999989	7.7632442332477991	0.2361400018838492	20	0
A2	GIMME	training_samples=setx1,setx3	CT2A	C1	20	0.99999999999999989	13.173298825641838	0.10406091409509938	20	0
A2	GIMME	training_samples=setx1,setx3	CT2A	C2	20	0.99999999999999989	1.7474652991387929	0.73504382935076795	20	0
A2	GIMME	training_samples=setx1,setx3	CT2A	C3	20	1	3.148513295735992	0.46590658097592813	20	0
A2	GIMME	training_samples=setx1,setx3	CT2A	C4	20	1	4.4137033385137157	0.28773267457921498	20	0
A2	GIMME	training_samples=setx1,setx3	CT2A	C5	20	0.99999999999999989	6.7083697098085757	0.19254680444843908	20	0
A2	GIMME	training_samples=setx1,setx3	GL261	G1	20	1	11.552103836426108	0.16841501853426005	20	0
A2	GIMME	training_samples=setx1,setx3	GL261	G2	20	0.99999999999999989	1.0002310758991881	0.99988447557295634	20	0
A2	GIMME	training_samples=setx1,setx3	GL261	G3	20	0.99999999999999989	9.4110027201185531	0.18542235015064354	20	0
A2	GIMME	training_samples=setx1,setx3	GL261	G4	20	1.0000000000000002	10.77333028237233	0.17320772002196919	20	0
A2	GIMME	training_samples=setx1,setx3	GL261	G5	20	1.0000000000000002	1.1312100657932063	0.93879770617997427	20	0
A2	GIMME	training_samples=setx2,setx3	CT2A	C1	20	1	2.9343529233041852	0.41007695111817005	20	0
A2	GIMME	training_samples=setx2,setx3	CT2A	C2	20	0.99999999999999989	4.9073549064381625	0.32702553545003954	20	0
A2	GIMME	training_samples=setx2,setx3	CT2A	C3	20	1.0000000000000002	6.4644117373304821	0.24450359311602343	20	0
A2	GIMME	training_samples=setx2,setx3	CT2A	C4	20	1.0000000000000002	10.179570641575717	0.14998486611073639	20	0
A2	GIMME	training_samples=setx2,setx3	CT2A	C5	20	1	4.084651762244528	0.25787035241535877	20	0
A2	GIMME	training_samples=setx2,setx3	GL261	G1	20	1.0000000000000002	1.8501900567387364	0.72983068370219373	20	0
A2	GIMME	training_samples=setx2,setx3	GL261	G2	20	1	2.4820911042576652	0.56993772553981914	20	0
A2	GIMME	training_samples=setx2,setx3	GL261	G3	20	0.99999999999999989	2.7906808580955849	0.57250169812275409	20	0
A2	GIMME	training_samples=setx2,setx3	GL261	G4	20	1	1.4636380187533391	0.8216753717864661	20	0
A2	GIMME	training_samples=setx2,setx3	GL261	G5	20	1	4.9128948961322605	0.26722191821764613	20	0
A2	RIPTiDe	training_samples=setx1,setx2	CT2A	C1	20	0.99999999999999989	1.1080018891320991	0.94863048621919299	20	0
A2	RIPTiDe	training_samples=setx1,setx2	CT2A	C2	20	1	8.7524365398116277	0.15110615720418138	20	0
A2	RIPTiDe	training_samples=setx1,setx2	CT2A	C3	20	1	11.887599473656788	0.12183662172128688	20	0
A2	RIPTiDe	training_samples=setx1,setx2	CT2A	C4	20	1	8.2101415712731374	0.17231510297230787	20	0
A2	RIPTiDe	training_samples=setx1,setx2	CT2A	C5	20	0.99999999999999989	1.3035448376672043	0.8661382065904103	20	0
A2	RIPTiDe	training_samples=setx1,setx2	GL261	G1	20	1	3.9229546554681387	0.323879963470319	20	0
A2	RIPTiDe	training_samples=setx1,setx2	GL261	G2	20	0.99999999999999978	7.3443141943768424	0.16974556498856402	20	0
A2	RIPTiDe	training_samples=setx1,setx2	GL261	G3	20	1	2.2880078129131403	0.59070359516626259	20	0
A2	RIPTiDe	training_samples=setx1,setx2	GL261	G4	20	1	1.2755290490620828	0.87857353859188658	20	0
A2	RIPTiDe	training_samples=setx1,setx2	GL261	G5	20	0.99999999999999989	9.4620286099370858	0.19850404665907057	20	0
A2	RIPTiDe	training_samples=setx1,setx2,setx3	CT2A	C1	20	1	1.3774417770420291	0.84507331501305594	20	0
A2	RIPTiDe	training_samples=setx1,setx2,setx3	CT2A	C2	20	1.0000000000000002	7.0054971242376061	0.20896289682275726	20	0
A2	RIPTiDe	training_samples=setx1,setx2,setx3	CT2A	C3	20	1	13.760316446492819	0.0969866119963778	20	0
A2	RIPTiDe	training_samples=setx1,setx2,setx3	CT2A	C4	20	0.99999999999999989	4.4717265308421306	0.37294603978555035	20	0
A2	RIPTiDe	training_samples=setx1,setx2,setx3	CT2A	C5	20	0.99999999999999989	1.4630014622333047	0.81675534854646203	20	0
A2	RIPTiDe	training_samples=setx1,setx2,setx3	GL261	G1	20	1	8.7511639220006696	0.2176061125276974	20	0
A2	RIPTiDe	training_samples=setx1,setx2,setx3	GL261	G2	20	1	2.3640075746305969	0.57399979417054359	20	0
A2	RIPTiDe	training_samples=setx1,setx2,setx3	GL261	G3	20	1	4.5091526673179745	0.32960231981766741	20	0
A2	RIPTiDe	training_samples=setx1,setx2,setx3	GL261	G4	20	1	3.0777744135962375	0.39797487441640794	20	0
A2	RIPTiDe	training_samples=setx1,setx2,setx3	GL261	G5	20	1.0000000000000002	13.282261493702809	0.11670153261992898	20	0
A2	RIPTiDe	training_samples=setx1,setx3	CT2A	C1	20	1.0000000000000002	1.040604879294093	0.98010697160731408	20	0
A2	RIPTiDe	training_samples=setx1,setx3	CT2A	C2	20	0.99999999999999989	8.3964520685759076	0.15735989628230365	20	0
A2	RIPTiDe	training_samples=setx1,setx3	CT2A	C3	20	0.99999999999999989	11.893547862478318	0.11937971163005531	20	0
A2	RIPTiDe	training_samples=setx1,setx3	CT2A	C4	20	1	8.9761642945701201	0.17869340234649234	20	0
A2	RIPTiDe	training_samples=setx1,setx3	CT2A	C5	20	1	1.1003874946366461	0.95218115724841068	20	0
A2	RIPTiDe	training_samples=setx1,setx3	GL261	G1	20	0.99999999999999989	2.1242126201659453	0.50964881834076436	20	0
A2	RIPTiDe	training_samples=setx1,setx3	GL261	G2	20	1	12.12400429372881	0.11203277338250082	20	0
A2	RIPTiDe	training_samples=setx1,setx3	GL261	G3	20	1.0000000000000002	1.8782191222697546	0.62993313409825935	20	0
A2	RIPTiDe	training_samples=setx1,setx3	GL261	G4	20	1	1.4371212473268213	0.81291899611921548	20	0
A2	RIPTiDe	training_samples=setx1,setx3	GL261	G5	20	0.99999999999999989	3.9024971643438597	0.40339134351509914	20	0
A2	RIPTiDe	training_samples=setx2,setx3	CT2A	C1	20	1	1.3529078284855833	0.8479374388159886	20	0
A2	RIPTiDe	training_samples=setx2,setx3	CT2A	C2	20	1	10.442006238720662	0.17221375390378341	20	0
A2	RIPTiDe	training_samples=setx2,setx3	CT2A	C3	20	0.99999999999999978	10.368489897679286	0.16158715245534891	20	0
A2	RIPTiDe	training_samples=setx2,setx3	CT2A	C4	20	1	4.2248479540741259	0.38227722433726052	20	0
A2	RIPTiDe	training_samples=setx2,setx3	CT2A	C5	20	1	1.4438164896038526	0.81498444776402801	20	0
A2	RIPTiDe	training_samples=setx2,setx3	GL261	G1	20	1	6.2516433995169844	0.26296949526074026	20	0
A2	RIPTiDe	training_samples=setx2,setx3	GL261	G2	20	1	3.0409032948283463	0.47585010309552844	20	0
A2	RIPTiDe	training_samples=setx2,setx3	GL261	G3	20	1	2.6394611194423052	0.43731304976386232	20	0
A2	RIPTiDe	training_samples=setx2,setx3	GL261	G4	20	0.99999999999999989	1.9460020960173781	0.59025004375017764	20	0
A2	RIPTiDe	training_samples=setx2,setx3	GL261	G5	20	0.99999999999999989	12.322620143422682	0.1397616898576533	20	0
A2	iMAT	training_samples=setx1,setx2	CT2A	C1	20	1	1.6584490004360992	0.72988157120183195	20	0
A2	iMAT	training_samples=setx1,setx2	CT2A	C2	20	0.99999999999999989	1.000337812939919	0.99983112229093607	20	0
A2	iMAT	training_samples=setx1,setx2	CT2A	C3	20	1	1.0021916759095775	0.99890547923648243	20	0
A2	iMAT	training_samples=setx1,setx2	CT2A	C4	20	0.99999999999999989	2.2530127879010067	0.64438713225363142	20	0
A2	iMAT	training_samples=setx1,setx2	CT2A	C5	20	1	2.88876177660554	0.41849554680862172	20	0
A2	iMAT	training_samples=setx1,setx2	GL261	G1	20	1	12.851563948138217	0.11160355215532902	20	0
A2	iMAT	training_samples=setx1,setx2	GL261	G2	20	0.99999999999999989	1.0000168274723717	0.99999158633460372	20	0
A2	iMAT	training_samples=setx1,setx2	GL261	G3	20	0.99999999999999978	13.333294576427789	0.097025306372679906	20	0
A2	iMAT	training_samples=setx1,setx2	GL261	G4	20	1.0000000000000002	2.0820043966411679	0.51358074766932016	20	0
A2	iMAT	training_samples=setx1,setx2	GL261	G5	20	1	1.0313295093617953	0.98457312680600917	20	0
A2	iMAT	training_samples=setx1,setx2,setx3	CT2A	C1	20	0.99999999999999989	3.6238351703172378	0.47100203584300959	20	0
A2	iMAT	training_samples=setx1,setx2,setx3	CT2A	C2	20	1	2.8745284597350893	0.40917748087624728	20	0
A2	iMAT	training_samples=setx1,setx2,setx3	CT2A	C3	20	0.99999999999999978	4.2958351745350116	0.29999961641868339	20	0
A2	iMAT	training_samples=setx1,setx2,setx3	CT2A	C4	20	1	11.289599181272472	0.14206339834385603	20	0
A2	iMAT	training_samples=setx1,setx2,setx3	CT2A	C5	20	1	7.0262710192496023	0.20756684728893657	20	0
A2	iMAT	training_samples=setx1,setx2,setx3	GL261	G1	20	0.99999999999999978	10.347092899774335	0.1649339284557664	20	0
A2	iMAT	training_samples=setx1,setx2,setx3	GL261	G2	20	1	1.7275410733959222	0.69856666150694802	20	0
A2	iMAT	training_samples=setx1,setx2,setx3	GL261	G3	20	0.99999999999999989	10.660545904505195	0.14783572897920619	20	0
A2	iMAT	training_samples=setx1,setx2,setx3	GL261	G4	20	1	1.6407147286161228	0.73472310986839251	20	0
A2	iMAT	training_samples=setx1,setx2,setx3	GL261	G5	20	1	1.5345429481519992	0.77537233182377419	20	0
A2	iMAT	training_samples=setx1,setx3	CT2A	C1	20	0.99999999999999989	1.0000000002154559	0.99999999989227195	20	0
A2	iMAT	training_samples=setx1,setx3	CT2A	C2	20	1.0000000000000002	1.6969717585133468	0.74157440678827025	20	0
A2	iMAT	training_samples=setx1,setx3	CT2A	C3	20	1.0000000000000002	2.0573556360385958	0.64674385234951426	20	0
A2	iMAT	training_samples=setx1,setx3	CT2A	C4	20	0.99999999999999989	4.3127829853461126	0.3186325665054382	20	0
A2	iMAT	training_samples=setx1,setx3	CT2A	C5	20	1	1.0000002898618958	0.99999985506908273	20	0
A2	iMAT	training_samples=setx1,setx3	GL261	G1	20	1.0000000000000002	14.68245457530959	0.092589323928798192	20	0
A2	iMAT	training_samples=setx1,setx3	GL261	G2	20	1	1.5703123514735506	0.76154921203343118	20	0
A2	iMAT	training_samples=setx1,setx3	GL261	G3	20	1	13.631867475602441	0.10180907622149407	20	0
A2	iMAT	training_samples=setx1,setx3	GL261	G4	20	1	2.0000937944251596	0.50412538863040157	20	0
A2	iMAT	training_samples=setx1,setx3	GL261	G5	20	1	1.9213459524172096	0.60116441113852048	20	0
A2	iMAT	training_samples=setx2,setx3	CT2A	C1	20	1.0000000000000002	1.0033620860714154	0.99832177339291917	20	0
A2	iMAT	training_samples=setx2,setx3	CT2A	C2	20	0.99999999999999989	2.6660456406715931	0.46873789746234812	20	0
A2	iMAT	training_samples=setx2,setx3	CT2A	C3	20	1	2.7211095343942682	0.48158107337046913	20	0
A2	iMAT	training_samples=setx2,setx3	CT2A	C4	20	1.0000000000000002	12.493162819576614	0.12248726612929332	20	0
A2	iMAT	training_samples=setx2,setx3	CT2A	C5	20	0.99999999999999989	1.0443194570332819	0.9783102542982316	20	0
A2	iMAT	training_samples=setx2,setx3	GL261	G1	20	1	11.474810749374688	0.10176504032867717	20	0
A2	iMAT	training_samples=setx2,setx3	GL261	G2	20	1	1.0006212145124609	0.99968948984167705	20	0
A2	iMAT	training_samples=setx2,setx3	GL261	G3	20	1	4.7724207861004055	0.40107487984098456	20	0
A2	iMAT	training_samples=setx2,setx3	GL261	G4	20	1	7.5290384651480302	0.16339334919567108	20	0
A2	iMAT	training_samples=setx2,setx3	GL261	G5	20	0.99999999999999989	1.3220157629418787	0.8641832190025438	20	0
