evaluation_id	anchor	method	rna_context_key	ct2a_mouse	gl261_mouse	cartesian_candidate_pairs	contrast_product_ess	ct2a_conditional_ess	gl261_conditional_ess
E0000	A1	CORDA	training_samples=setx1,setx2	C1	G1	400	2.4919499182642904	1.0132422849111922	2.4593820800547253
E0000	A2	CORDA	training_samples=setx1,setx2	C1	G1	400	55.910253478869642	5.4651189687473494	10.230381771850931
E0001	A1	CORDA	training_samples=setx1,setx2	C1	G2	400	1.0132422849581331	1.0132422849111922	1.0000000000463274
E0001	A2	CORDA	training_samples=setx1,setx2	C1	G2	400	6.652212156482272	5.4651189687473494	1.2172126891515802
E0002	A1	CORDA	training_samples=setx1,setx2	C1	G3	400	8.2211300063916042	1.0132422849111922	8.1136862612402361
E0002	A2	CORDA	training_samples=setx1,setx2	C1	G3	400	69.752701803518946	5.4651189687473494	12.763254048521993
E0003	A1	CORDA	training_samples=setx1,setx2	C1	G4	400	1.013242284912697	1.0132422849111922	1.000000000001485
E0003	A2	CORDA	training_samples=setx1,setx2	C1	G4	400	6.023000742105947	5.4651189687473494	1.1020804444603827
E0004	A1	CORDA	training_samples=setx1,setx2	C1	G5	400	1.0132422849111922	1.0132422849111922	1
E0004	A2	CORDA	training_samples=setx1,setx2	C1	G5	400	9.2171197073073508	5.4651189687473494	1.6865359674722673
E0005	A1	CORDA	training_samples=setx1,setx2	C2	G1	400	2.7982728379604183	1.1377950830227046	2.4593820800547253
E0005	A2	CORDA	training_samples=setx1,setx2	C2	G1	400	23.504050059194405	2.2974753614636549	10.230381771850931
E0006	A1	CORDA	training_samples=setx1,setx2	C2	G2	400	1.1377950830754158	1.1377950830227046	1.0000000000463274
E0006	A2	CORDA	training_samples=setx1,setx2	C2	G2	400	2.7965161629866744	2.2974753614636549	1.2172126891515802
E0007	A1	CORDA	training_samples=setx1,setx2	C2	G3	400	9.2317123332280122	1.1377950830227046	8.1136862612402361
E0007	A2	CORDA	training_samples=setx1,setx2	C2	G3	400	29.323261708580524	2.2974753614636549	12.763254048521993
E0008	A1	CORDA	training_samples=setx1,setx2	C2	G4	400	1.1377950830243944	1.1377950830227046	1.000000000001485
E0008	A2	CORDA	training_samples=setx1,setx2	C2	G4	400	2.5320026674986433	2.2974753614636549	1.1020804444603827
E0009	A1	CORDA	training_samples=setx1,setx2	C2	G5	400	1.1377950830227046	1.1377950830227046	1
E0009	A2	CORDA	training_samples=setx1,setx2	C2	G5	400	3.8747748314898023	2.2974753614636549	1.6865359674722673
E0010	A1	CORDA	training_samples=setx1,setx2	C3	G1	400	3.7112243567279353	1.5090068301405832	2.4593820800547253
E0010	A2	CORDA	training_samples=setx1,setx2	C3	G1	400	33.204551352343039	3.2456805711499377	10.230381771850931
E0011	A1	CORDA	training_samples=setx1,setx2	C3	G2	400	1.5090068302104915	1.5090068301405832	1.0000000000463274
E0011	A2	CORDA	training_samples=setx1,setx2	C3	G2	400	3.9506835761364525	3.2456805711499377	1.2172126891515802
E0012	A1	CORDA	training_samples=setx1,setx2	C3	G3	400	12.243607985829328	1.5090068301405832	8.1136862612402361
E0012	A2	CORDA	training_samples=setx1,setx2	C3	G3	400	41.42544568993862	3.2456805711499377	12.763254048521993
E0013	A1	CORDA	training_samples=setx1,setx2	C3	G4	400	1.5090068301428241	1.5090068301405832	1.000000000001485
E0013	A2	CORDA	training_samples=setx1,setx2	C3	G4	400	3.5770010864293522	3.2456805711499377	1.1020804444603827
E0014	A1	CORDA	training_samples=setx1,setx2	C3	G5	400	1.5090068301405832	1.5090068301405832	1
E0014	A2	CORDA	training_samples=setx1,setx2	C3	G5	400	5.4739570221703016	3.2456805711499377	1.6865359674722673
E0015	A1	CORDA	training_samples=setx1,setx2	C4	G1	400	5.4878053406312874	2.2313756716114539	2.4593820800547253
E0015	A2	CORDA	training_samples=setx1,setx2	C4	G1	400	161.1375248762927	15.75088090257446	10.230381771850931
E0016	A1	CORDA	training_samples=setx1,setx2	C4	G2	400	2.2313756717148276	2.2313756716114539	1.0000000000463274
E0016	A2	CORDA	training_samples=setx1,setx2	C4	G2	400	19.172172099928929	15.75088090257446	1.2172126891515802
E0017	A1	CORDA	training_samples=setx1,setx2	C4	G3	400	18.104682130419558	2.2313756716114539	8.1136862612402361
E0017	A2	CORDA	training_samples=setx1,setx2	C4	G3	400	201.03249444757122	15.75088090257446	12.763254048521993
E0018	A1	CORDA	training_samples=setx1,setx2	C4	G4	400	2.2313756716147677	2.2313756716114539	1.000000000001485
E0018	A2	CORDA	training_samples=setx1,setx2	C4	G4	400	17.358737825751813	15.75088090257446	1.1020804444603827
E0019	A1	CORDA	training_samples=setx1,setx2	C4	G5	400	2.2313756716114539	2.2313756716114539	1
E0019	A2	CORDA	training_samples=setx1,setx2	C4	G5	400	26.564427161563877	15.75088090257446	1.6865359674722673
E0020	A1	CORDA	training_samples=setx1,setx2	C5	G1	400	2.7559870289677866	1.1206014109472822	2.4593820800547253
E0020	A2	CORDA	training_samples=setx1,setx2	C5	G1	400	129.57107700799861	12.665321773671794	10.230381771850931
E0021	A1	CORDA	training_samples=setx1,setx2	C5	G2	400	1.1206014109991966	1.1206014109472822	1.0000000000463274
E0021	A2	CORDA	training_samples=setx1,setx2	C5	G2	400	15.416390375101106	12.665321773671794	1.2172126891515802
E0022	A1	CORDA	training_samples=setx1,setx2	C5	G3	400	9.0922082723293869	1.1206014109472822	8.1136862612402361
E0022	A2	CORDA	training_samples=setx1,setx2	C5	G3	400	161.65071940365027	12.665321773671794	12.763254048521993
E0023	A1	CORDA	training_samples=setx1,setx2	C5	G4	400	1.1206014109489464	1.1206014109472822	1.000000000001485
E0023	A2	CORDA	training_samples=setx1,setx2	C5	G4	400	13.958203449561973	12.665321773671794	1.1020804444603827
E0024	A1	CORDA	training_samples=setx1,setx2	C5	G5	400	1.1206014109472822	1.1206014109472822	1
E0024	A2	CORDA	training_samples=setx1,setx2	C5	G5	400	21.360520710907132	12.665321773671794	1.6865359674722673
E0025	A1	CORDA	training_samples=setx1,setx2,setx3	C1	G1	400	5.3586049847461572	2.1865284535372882	2.4507364521496147
E0025	A2	CORDA	training_samples=setx1,setx2,setx3	C1	G1	400	60.69568048748657	4.8757269637207319	12.448539661697728
E0026	A1	CORDA	training_samples=setx1,setx2,setx3	C1	G2	400	3.7765809862650408	2.1865284535372882	1.7272041350092755
E0026	A2	CORDA	training_samples=setx1,setx2,setx3	C1	G2	400	5.5339973624439924	4.8757269637207319	1.1350096926307223
E0027	A1	CORDA	training_samples=setx1,setx2,setx3	C1	G3	400	2.2796949194884335	2.1865284535372882	1.0426093087425521
E0027	A2	CORDA	training_samples=setx1,setx2,setx3	C1	G3	400	18.312629351930838	4.8757269637207319	3.7558767109379372
E0028	A1	CORDA	training_samples=setx1,setx2,setx3	C1	G4	400	13.895660269795004	2.1865284535372882	6.3551243741260706
E0028	A2	CORDA	training_samples=setx1,setx2,setx3	C1	G4	400	28.261442181936118	4.8757269637207319	5.7963545523003273
E0029	A1	CORDA	training_samples=setx1,setx2,setx3	C1	G5	400	2.5559050152958389	2.1865284535372882	1.168932885900015
E0029	A2	CORDA	training_samples=setx1,setx2,setx3	C1	G5	400	8.9370602988508168	4.8757269637207319	1.832969804369609
E0030	A1	CORDA	training_samples=setx1,setx2,setx3	C2	G1	400	2.7397208775854929	1.1179173816027428	2.4507364521496147
E0030	A2	CORDA	training_samples=setx1,setx2,setx3	C2	G1	400	29.429597878214846	2.3641004228604632	12.448539661697728
E0031	A1	CORDA	training_samples=setx1,setx2,setx3	C2	G2	400	1.9308715241029994	1.1179173816027428	1.7272041350092755
E0031	A2	CORDA	training_samples=setx1,setx2,setx3	C2	G2	400	2.6832768942990151	2.3641004228604632	1.1350096926307223
E0032	A1	CORDA	training_samples=setx1,setx2,setx3	C2	G3	400	1.1655510684641195	1.1179173816027428	1.0426093087425521
E0032	A2	CORDA	training_samples=setx1,setx2,setx3	C2	G3	400	8.8792697205401421	2.3641004228604632	3.7558767109379372
E0033	A1	CORDA	training_samples=setx1,setx2,setx3	C2	G4	400	7.1045040000827866	1.1179173816027428	6.3551243741260706
E0033	A2	CORDA	training_samples=setx1,setx2,setx3	C2	G4	400	13.703164248142375	2.3641004228604632	5.7963545523003273
E0034	A1	CORDA	training_samples=setx1,setx2,setx3	C2	G5	400	1.3067703910746824	1.1179173816027428	1.168932885900015
E0034	A2	CORDA	training_samples=setx1,setx2,setx3	C2	G5	400	4.3333246896006532	2.3641004228604632	1.832969804369609
E0035	A1	CORDA	training_samples=setx1,setx2,setx3	C3	G1	400	3.663058704272153	1.4946767128138867	2.4507364521496147
E0035	A2	CORDA	training_samples=setx1,setx2,setx3	C3	G1	400	46.786814488404858	3.7584179156661084	12.448539661697728
E0036	A1	CORDA	training_samples=setx1,setx2,setx3	C3	G2	400	2.5816117988742167	1.4946767128138867	1.7272041350092755
E0036	A2	CORDA	training_samples=setx1,setx2,setx3	C3	G2	400	4.2658407632379891	3.7584179156661084	1.1350096926307223
E0037	A1	CORDA	training_samples=setx1,setx2,setx3	C3	G3	400	1.5583638543404765	1.4946767128138867	1.0426093087425521
E0037	A2	CORDA	training_samples=setx1,setx2,setx3	C3	G3	400	14.116154319422241	3.7584179156661084	3.7558767109379372
E0038	A1	CORDA	training_samples=setx1,setx2,setx3	C3	G4	400	9.4988564090421637	1.4946767128138867	6.3551243741260706
E0038	A2	CORDA	training_samples=setx1,setx2,setx3	C3	G4	400	21.785122794918355	3.7584179156661084	5.7963545523003273
E0039	A1	CORDA	training_samples=setx1,setx2,setx3	C3	G5	400	1.7471767633970845	1.4946767128138867	1.168932885900015
E0039	A2	CORDA	training_samples=setx1,setx2,setx3	C3	G5	400	6.8890665516177405	3.7584179156661084	1.832969804369609
E0040	A1	CORDA	training_samples=setx1,setx2,setx3	C4	G1	400	5.6401865229745107	2.3014251565187003	2.4507364521496147
E0040	A2	CORDA	training_samples=setx1,setx2,setx3	C4	G1	400	77.512535430100471	6.2266368213931793	12.448539661697728
E0041	A1	CORDA	training_samples=setx1,setx2,setx3	C4	G2	400	3.9750310467534682	2.3014251565187003	1.7272041350092755
E0041	A2	CORDA	training_samples=setx1,setx2,setx3	C4	G2	400	7.0672931447726102	6.2266368213931793	1.1350096926307223
E0042	A1	CORDA	training_samples=setx1,setx2,setx3	C4	G3	400	2.399487291560682	2.3014251565187003	1.0426093087425521
E0042	A2	CORDA	training_samples=setx1,setx2,setx3	C4	G3	400	23.386480224939266	6.2266368213931793	3.7558767109379372
E0043	A1	CORDA	training_samples=setx1,setx2,setx3	C4	G4	400	14.625843107418898	2.3014251565187003	6.3551243741260706
E0043	A2	CORDA	training_samples=setx1,setx2,setx3	C4	G4	400	36.091794685203197	6.2266368213931793	5.7963545523003273
E0044	A1	CORDA	training_samples=setx1,setx2,setx3	C4	G5	400	2.690211549892298	2.3014251565187003	1.168932885900015
E0044	A2	CORDA	training_samples=setx1,setx2,setx3	C4	G5	400	11.41323727638966	6.2266368213931793	1.832969804369609
E0045	A1	CORDA	training_samples=setx1,setx2,setx3	C5	G1	400	8.2837606039356633	3.380110740455069	2.4507364521496147
E0045	A2	CORDA	training_samples=setx1,setx2,setx3	C5	G1	400	117.56866384568798	9.4443739619859954	12.448539661697728
E0046	A1	CORDA	training_samples=setx1,setx2,setx3	C5	G2	400	5.838141247703259	3.380110740455069	1.7272041350092755
E0046	A2	CORDA	training_samples=setx1,setx2,setx3	C5	G2	400	10.719455987683322	9.4443739619859954	1.1350096926307223
E0047	A1	CORDA	training_samples=setx1,setx2,setx3	C5	G3	400	3.5241349225791354	3.380110740455069	1.0426093087425521
E0047	A2	CORDA	training_samples=setx1,setx2,setx3	C5	G3	400	35.471904213211857	9.4443739619859954	3.7558767109379372
E0048	A1	CORDA	training_samples=setx1,setx2,setx3	C5	G4	400	21.481024153911328	3.380110740455069	6.3551243741260706
E0048	A2	CORDA	training_samples=setx1,setx2,setx3	C5	G4	400	54.742940008184199	9.4443739619859954	5.7963545523003273
E0049	A1	CORDA	training_samples=setx1,setx2,setx3	C5	G5	400	3.9511226025017803	3.380110740455069	1.168932885900015
E0049	A2	CORDA	training_samples=setx1,setx2,setx3	C5	G5	400	17.311252293494899	9.4443739619859954	1.832969804369609
E0050	A1	CORDA	training_samples=setx1,setx3	C1	G1	400	6.0664620897270449	5.7823815133113534	1.049128646347828
E0050	A2	CORDA	training_samples=setx1,setx3	C1	G1	400	65.930179084230531	9.9363868059116296	6.6352267048426015
E0051	A1	CORDA	training_samples=setx1,setx3	C1	G2	400	5.9325851831505529	5.7823815133113534	1.0259760912512297
E0051	A2	CORDA	training_samples=setx1,setx3	C1	G2	400	9.9363936825767922	9.9363868059116296	1.0000006920689881
E0052	A1	CORDA	training_samples=setx1,setx3	C1	G3	400	6.043742544098003	5.7823815133113534	1.0451995480037044
E0052	A2	CORDA	training_samples=setx1,setx3	C1	G3	400	43.530382921099886	9.9363868059116296	4.3809066385380238
E0053	A1	CORDA	training_samples=setx1,setx3	C1	G4	400	6.8705677601639037	5.7823815133113534	1.1881899774941322
E0053	A2	CORDA	training_samples=setx1,setx3	C1	G4	400	22.483132870098505	9.9363868059116296	2.2627070895350228
E0054	A1	CORDA	training_samples=setx1,setx3	C1	G5	400	5.7829645428350176	5.7823815133113534	1.0001008286157393
E0054	A2	CORDA	training_samples=setx1,setx3	C1	G5	400	9.950171355714815	9.9363868059116296	1.0013872799109416
E0055	A1	CORDA	training_samples=setx1,setx3	C2	G1	400	1.049128646347828	1	1.049128646347828
E0055	A2	CORDA	training_samples=setx1,setx3	C2	G1	400	7.9074259286979585	1.1917341004983093	6.6352267048426015
E0056	A1	CORDA	training_samples=setx1,setx3	C2	G2	400	1.0259760912512297	1	1.0259760912512297
E0056	A2	CORDA	training_samples=setx1,setx3	C2	G2	400	1.1917349252605223	1.1917341004983093	1.0000006920689881
E0057	A1	CORDA	training_samples=setx1,setx3	C2	G3	400	1.0451995480037044	1	1.0451995480037044
E0057	A2	CORDA	training_samples=setx1,setx3	C2	G3	400	5.2208758322451834	1.1917341004983093	4.3809066385380238
E0058	A1	CORDA	training_samples=setx1,setx3	C2	G4	400	1.1881899774941322	1	1.1881899774941322
E0058	A2	CORDA	training_samples=setx1,setx3	C2	G4	400	2.6965451980381676	1.1917341004983093	2.2627070895350228
E0059	A1	CORDA	training_samples=setx1,setx3	C2	G5	400	1.0001008286157393	1	1.0001008286157393
E0059	A2	CORDA	training_samples=setx1,setx3	C2	G5	400	1.1933873692751147	1.1917341004983093	1.0013872799109416
E0060	A1	CORDA	training_samples=setx1,setx3	C3	G1	400	1.049128646349889	1.0000000000019644	1.049128646347828
E0060	A2	CORDA	training_samples=setx1,setx3	C3	G1	400	15.806239010433146	2.3821701523622765	6.6352267048426015
E0061	A1	CORDA	training_samples=setx1,setx3	C3	G2	400	1.0259760912532452	1.0000000000019644	1.0259760912512297
E0061	A2	CORDA	training_samples=setx1,setx3	C3	G2	400	2.3821718009883632	2.3821701523622765	1.0000006920689881
E0062	A1	CORDA	training_samples=setx1,setx3	C3	G3	400	1.0451995480057577	1.0000000000019644	1.0451995480037044
E0062	A2	CORDA	training_samples=setx1,setx3	C3	G3	400	10.436065034611033	2.3821701523622765	4.3809066385380238
E0063	A1	CORDA	training_samples=setx1,setx3	C3	G4	400	1.1881899774964664	1.0000000000019644	1.1881899774941322
E0063	A2	CORDA	training_samples=setx1,setx3	C3	G4	400	5.390153292228848	2.3821701523622765	2.2627070895350228
E0064	A1	CORDA	training_samples=setx1,setx3	C3	G5	400	1.000100828617704	1.0000000000019644	1.0001008286157393
E0064	A2	CORDA	training_samples=setx1,setx3	C3	G5	400	2.3854748891590933	2.3821701523622765	1.0013872799109416
E0065	A1	CORDA	training_samples=setx1,setx3	C4	G1	400	1.0491286503610568	1.0000000038252972	1.049128646347828
E0065	A2	CORDA	training_samples=setx1,setx3	C4	G1	400	36.614050863962568	5.5181311042832126	6.6352267048426015
E0066	A1	CORDA	training_samples=setx1,setx3	C4	G2	400	1.0259760951758932	1.0000000038252972	1.0259760912512297
E0066	A2	CORDA	training_samples=setx1,setx3	C4	G2	400	5.5181349232106225	5.5181311042832126	1.0000006920689881
E0067	A1	CORDA	training_samples=setx1,setx3	C4	G3	400	1.0451995520019033	1.0000000038252972	1.0451995480037044
E0067	A2	CORDA	training_samples=setx1,setx3	C4	G3	400	24.174417187077481	5.5181311042832126	4.3809066385380238
E0068	A1	CORDA	training_samples=setx1,setx3	C4	G4	400	1.188189982039312	1.0000000038252972	1.1881899774941322
E0068	A2	CORDA	training_samples=setx1,setx3	C4	G4	400	12.485914370645348	5.5181311042832126	2.2627070895350228
E0069	A1	CORDA	training_samples=setx1,setx3	C4	G5	400	1.0001008324414222	1.0000000038252972	1.0001008286157393
E0069	A2	CORDA	training_samples=setx1,setx3	C4	G5	400	5.5257862967101268	5.5181311042832126	1.0013872799109416
E0070	A1	CORDA	training_samples=setx1,setx3	C5	G1	400	4.4556425288192827	4.2469934877195792	1.049128646347828
E0070	A2	CORDA	training_samples=setx1,setx3	C5	G1	400	64.746510899708284	9.7579952848414653	6.6352267048426015
E0071	A1	CORDA	training_samples=setx1,setx3	C5	G2	400	4.3573137780999609	4.2469934877195792	1.0259760912512297
E0071	A2	CORDA	training_samples=setx1,setx3	C5	G2	400	9.7580020380473886	9.7579952848414653	1.0000006920689881
E0072	A1	CORDA	training_samples=setx1,setx3	C5	G3	400	4.43895567373918	4.2469934877195792	1.0451995480037044
E0072	A2	CORDA	training_samples=setx1,setx3	C5	G3	400	42.74886632218471	9.7579952848414653	4.3809066385380238
E0073	A1	CORDA	training_samples=setx1,setx3	C5	G4	400	5.0462350965912526	4.2469934877195792	1.1881899774941322
E0073	A2	CORDA	training_samples=setx1,setx3	C5	G4	400	22.079485110660109	9.7579952848414653	2.2627070895350228
E0074	A1	CORDA	training_samples=setx1,setx3	C5	G5	400	4.2474217061940003	4.2469934877195792	1.0001008286157393
E0074	A2	CORDA	training_samples=setx1,setx3	C5	G5	400	9.7715323556711891	9.7579952848414653	1.0013872799109416
E0075	A1	CORDA	training_samples=setx2,setx3	C1	G1	400	1.7160612892952567	1.7128345729354533	1.00188384588377
E0075	A2	CORDA	training_samples=setx2,setx3	C1	G1	400	21.765328789965796	3.2031410355844998	6.7949954585730952
E0076	A1	CORDA	training_samples=setx2,setx3	C1	G2	400	1.7128548600189286	1.7128345729354533	1.0000118441580967
E0076	A2	CORDA	training_samples=setx2,setx3	C1	G2	400	3.2040354107374616	3.2031410355844998	1.0002792181621183
E0077	A1	CORDA	training_samples=setx2,setx3	C1	G3	400	1.7131555771660922	1.7128345729354533	1.0001874111112137
E0077	A2	CORDA	training_samples=setx2,setx3	C1	G3	400	25.682650202113496	3.2031410355844998	8.0179579721275065
E0078	A1	CORDA	training_samples=setx2,setx3	C1	G4	400	1.9043485196008201	1.7128345729354533	1.1118111169003031
E0078	A2	CORDA	training_samples=setx2,setx3	C1	G4	400	27.01981135757384	3.2031410355844998	8.4354110722581233
E0079	A1	CORDA	training_samples=setx2,setx3	C1	G5	400	1.7128345729528152	1.7128345729354533	1.0000000000101363
E0079	A2	CORDA	training_samples=setx2,setx3	C1	G5	400	3.4155509105127781	3.2031410355844998	1.0663129948286896
E0080	A1	CORDA	training_samples=setx2,setx3	C2	G1	400	1.1316042361385497	1.1294764765274283	1.00188384588377
E0080	A2	CORDA	training_samples=setx2,setx3	C2	G1	400	15.234792755300878	2.2420607707808662	6.7949954585730952
E0081	A1	CORDA	training_samples=setx2,setx3	C2	G2	400	1.1294898542253828	1.1294764765274283	1.0000118441580967
E0081	A2	CORDA	training_samples=setx2,setx3	C2	G2	400	2.2426867948686411	2.2420607707808662	1.0002792181621183
E0082	A1	CORDA	training_samples=setx2,setx3	C2	G3	400	1.1296881529689839	1.1294764765274283	1.0001874111112137
E0082	A2	CORDA	training_samples=setx2,setx3	C2	G3	400	17.976749031076789	2.2420607707808662	8.0179579721275065
E0083	A1	CORDA	training_samples=setx2,setx3	C2	G4	400	1.2557645028805791	1.1294764765274283	1.1118111169003031
E0083	A2	CORDA	training_samples=setx2,setx3	C2	G4	400	18.912704250520502	2.2420607707808662	8.4354110722581233
E0084	A1	CORDA	training_samples=setx2,setx3	C2	G5	400	1.1294764765388772	1.1294764765274283	1.0000000000101363
E0084	A2	CORDA	training_samples=setx2,setx3	C2	G5	400	2.3907385350792656	2.2420607707808662	1.0663129948286896
E0085	A1	CORDA	training_samples=setx2,setx3	C3	G1	400	1.5049363417445512	1.5021066044008669	1.00188384588377
E0085	A2	CORDA	training_samples=setx2,setx3	C3	G1	400	19.834615719791412	2.9190035285110483	6.7949954585730952
E0086	A1	CORDA	training_samples=setx2,setx3	C3	G2	400	1.5021243955889676	1.5021066044008669	1.0000118441580967
E0086	A2	CORDA	training_samples=setx2,setx3	C3	G2	400	2.9198185673114958	2.9190035285110483	1.0002792181621183
E0087	A1	CORDA	training_samples=setx2,setx3	C3	G3	400	1.5023881158687591	1.5021066044008669	1.0001874111112137
E0087	A2	CORDA	training_samples=setx2,setx3	C3	G3	400	23.404447612093481	2.9190035285110483	8.0179579721275065
E0088	A1	CORDA	training_samples=setx2,setx3	C3	G4	400	1.6700588215422496	1.5021066044008669	1.1118111169003031
E0088	A2	CORDA	training_samples=setx2,setx3	C3	G4	400	24.622994684362627	2.9190035285110483	8.4354110722581233
E0089	A1	CORDA	training_samples=setx2,setx3	C3	G5	400	1.5021066044160927	1.5021066044008669	1.0000000000101363
E0089	A2	CORDA	training_samples=setx2,setx3	C3	G5	400	3.1125713944021278	2.9190035285110483	1.0663129948286896
E0090	A1	CORDA	training_samples=setx2,setx3	C4	G1	400	2.0797937997780007	2.0758831558396849	1.00188384588377
E0090	A2	CORDA	training_samples=setx2,setx3	C4	G1	400	38.174832282077595	5.6180806175393769	6.7949954585730952
E0091	A1	CORDA	training_samples=setx2,setx3	C4	G2	400	2.0759077429279729	2.0758831558396849	1.0000118441580967
E0091	A2	CORDA	training_samples=setx2,setx3	C4	G2	400	5.6196492876840383	5.6180806175393769	1.0002792181621183
E0092	A1	CORDA	training_samples=setx2,setx3	C4	G3	400	2.0762721994086704	2.0758831558396849	1.0001874111112137
E0092	A2	CORDA	training_samples=setx2,setx3	C4	G3	400	45.04553427545487	5.6180806175393769	8.0179579721275065
E0093	A1	CORDA	training_samples=setx2,setx3	C4	G4	400	2.3079899700486459	2.0758831558396849	1.1118111169003031
E0093	A2	CORDA	training_samples=setx2,setx3	C4	G4	400	47.390819446030413	5.6180806175393769	8.4354110722581233
E0094	A1	CORDA	training_samples=setx2,setx3	C4	G5	400	2.0758831558607267	2.0758831558396849	1.0000000000101363
E0094	A2	CORDA	training_samples=setx2,setx3	C4	G5	400	5.990632368477427	5.6180806175393769	1.0663129948286896
E0095	A1	CORDA	training_samples=setx2,setx3	C5	G1	400	2.2167891329236435	2.2126208961560763	1.00188384588377
E0095	A2	CORDA	training_samples=setx2,setx3	C5	G1	400	33.269678826662627	4.8962032468597183	6.7949954585730952
E0096	A1	CORDA	training_samples=setx2,setx3	C5	G2	400	2.2126471027877783	2.2126208961560763	1.0000118441580967
E0096	A2	CORDA	training_samples=setx2,setx3	C5	G2	400	4.8975703557316637	4.8962032468597183	1.0002792181621183
E0097	A1	CORDA	training_samples=setx2,setx3	C5	G3	400	2.2130355658969196	2.2126208961560763	1.0001874111112137
E0097	A2	CORDA	training_samples=setx2,setx3	C5	G3	400	39.257551856315459	4.8962032468597183	8.0179579721275065
E0098	A1	CORDA	training_samples=setx2,setx3	C5	G4	400	2.4600165098322369	2.2126208961560763	1.1118111169003031
E0098	A2	CORDA	training_samples=setx2,setx3	C5	G4	400	41.301487080586639	4.8962032468597183	8.4354110722581233
E0099	A1	CORDA	training_samples=setx2,setx3	C5	G5	400	2.2126208961785041	2.2126208961560763	1.0000000000101363
E0099	A2	CORDA	training_samples=setx2,setx3	C5	G5	400	5.2208851474489402	4.8962032468597183	1.0663129948286896
E0100	A1	GIMME	training_samples=setx1,setx2	C1	G1	400	1.0065751573503354	1.0000006768230592	1.0065744760775193
E0100	A2	GIMME	training_samples=setx1,setx2	C1	G1	400	9.8668388559800881	1.1226866099484145	8.7885958276757687
E0101	A1	GIMME	training_samples=setx1,setx2	C1	G2	400	1.0133916100780791	1.0000006768230592	1.0133909241917336
E0101	A2	GIMME	training_samples=setx1,setx2	C1	G2	400	1.4297665594869617	1.1226866099484145	1.2735224120582118
E0102	A1	GIMME	training_samples=setx1,setx2	C1	G3	400	1.1718537445373207	1.0000006768230592	1.1718529514002212
E0102	A2	GIMME	training_samples=setx1,setx2	C1	G3	400	4.4943485801099774	1.1226866099484145	4.0032085002924234
E0103	A1	GIMME	training_samples=setx1,setx2	C1	G4	400	3.5969537237476765	1.0000006768230592	3.5969512892481013
E0103	A2	GIMME	training_samples=setx1,setx2	C1	G4	400	4.7991867719766148	1.1226866099484145	4.274734132793415
E0104	A1	GIMME	training_samples=setx1,setx2	C1	G5	400	1.000259648563834	1.0000006768230592	1.0002589715654968
E0104	A2	GIMME	training_samples=setx1,setx2	C1	G5	400	2.5994285895705405	1.1226866099484145	2.3153643826659511
E0105	A1	GIMME	training_samples=setx1,setx2	C2	G1	400	2.0130186065480533	1.9998705057498645	1.0065744760775193
E0105	A2	GIMME	training_samples=setx1,setx2	C2	G1	400	23.03387104005725	2.6208818213624445	8.7885958276757687
E0106	A1	GIMME	training_samples=setx1,setx2	C2	G2	400	2.0266506200856447	1.9998705057498645	1.0133909241917336
E0106	A2	GIMME	training_samples=setx1,setx2	C2	G2	400	3.3377517388610198	2.6208818213624445	1.2735224120582118
E0107	A1	GIMME	training_samples=setx1,setx2	C2	G3	400	2.3435541545812315	1.9998705057498645	1.1718529514002212
E0107	A2	GIMME	training_samples=setx1,setx2	C2	G3	400	10.491936385540027	2.6208818213624445	4.0032085002924234
E0108	A1	GIMME	training_samples=setx1,setx2	C2	G4	400	7.1934367939862272	1.9998705057498645	3.5969512892481013
E0108	A2	GIMME	training_samples=setx1,setx2	C2	G4	400	11.203572979795815	2.6208818213624445	4.274734132793415
E0109	A1	GIMME	training_samples=setx1,setx2	C2	G5	400	2.0003884153455296	1.9998705057498645	1.0002589715654968
E0109	A2	GIMME	training_samples=setx1,setx2	C2	G5	400	6.0682964203592702	2.6208818213624445	2.3153643826659511
E0110	A1	GIMME	training_samples=setx1,setx2	C3	G1	400	1.8388359339494822	1.8268255133143949	1.0065744760775193
E0110	A2	GIMME	training_samples=setx1,setx2	C3	G1	400	23.775136919288496	2.7052258842555132	8.7885958276757687
E0111	A1	GIMME	training_samples=setx1,setx2	C3	G2	400	1.8512883952747128	1.8268255133143949	1.0133909241917336
E0111	A2	GIMME	training_samples=setx1,setx2	C3	G2	400	3.44516579327939	2.7052258842555132	1.2735224120582118
E0112	A1	GIMME	training_samples=setx1,setx2	C3	G3	400	2.1407708694706975	1.8268255133143949	1.1718529514002212
E0112	A2	GIMME	training_samples=setx1,setx2	C3	G3	400	10.829583255062758	2.7052258842555132	4.0032085002924234
E0113	A1	GIMME	training_samples=setx1,setx2	C3	G4	400	6.571002385347537	1.8268255133143949	3.5969512892481013
E0113	A2	GIMME	training_samples=setx1,setx2	C3	G4	400	11.564121424343291	2.7052258842555132	4.274734132793415
E0114	A1	GIMME	training_samples=setx1,setx2	C3	G5	400	1.8272986091774674	1.8268255133143949	1.0002589715654968
E0114	A2	GIMME	training_samples=setx1,setx2	C3	G5	400	6.2635836594712178	2.7052258842555132	2.3153643826659511
E0115	A1	GIMME	training_samples=setx1,setx2	C4	G1	400	3.0901323969048122	3.0699490900530564	1.0065744760775193
E0115	A2	GIMME	training_samples=setx1,setx2	C4	G1	400	136.11460679821732	15.487639830880035	8.7885958276757687
E0116	A1	GIMME	training_samples=setx1,setx2	C4	G2	400	3.1110585455904385	3.0699490900530564	1.0133909241917336
E0116	A2	GIMME	training_samples=setx1,setx2	C4	G2	400	19.723856434511177	15.487639830880035	1.2735224120582118
E0117	A1	GIMME	training_samples=setx1,setx2	C4	G3	400	3.5975289018270975	3.0699490900530564	1.1718529514002212
E0117	A2	GIMME	training_samples=setx1,setx2	C4	G3	400	62.000251420446467	15.487639830880035	4.0032085002924234
E0118	A1	GIMME	training_samples=setx1,setx2	C4	G4	400	11.042457337392376	3.0699490900530564	3.5969512892481013
E0118	A2	GIMME	training_samples=setx1,setx2	C4	G4	400	66.205542621473711	15.487639830880035	4.274734132793415
E0119	A1	GIMME	training_samples=setx1,setx2	C4	G5	400	3.0707441195749028	3.0699490900530564	1.0002589715654968
E0119	A2	GIMME	training_samples=setx1,setx2	C4	G5	400	35.859529635978149	15.487639830880035	2.3153643826659511
E0120	A1	GIMME	training_samples=setx1,setx2	C5	G1	400	1.0065744761279471	1.0000000000500986	1.0065744760775193
E0120	A2	GIMME	training_samples=setx1,setx2	C5	G1	400	15.717752368064673	1.7884258960423018	8.7885958276757687
E0121	A1	GIMME	training_samples=setx1,setx2	C5	G2	400	1.013390924242503	1.0000000000500986	1.0133909241917336
E0121	A2	GIMME	training_samples=setx1,setx2	C5	G2	400	2.2776004609151612	1.7884258960423018	1.2735224120582118
E0122	A1	GIMME	training_samples=setx1,setx2	C5	G3	400	1.1718529514589293	1.0000000000500986	1.1718529514002212
E0122	A2	GIMME	training_samples=setx1,setx2	C5	G3	400	7.1594417491796367	1.7884258960423018	4.0032085002924234
E0123	A1	GIMME	training_samples=setx1,setx2	C5	G4	400	3.5969512894283033	1.0000000000500986	3.5969512892481013
E0123	A2	GIMME	training_samples=setx1,setx2	C5	G4	400	7.6450452217836755	1.7884258960423018	4.274734132793415
E0124	A1	GIMME	training_samples=setx1,setx2	C5	G5	400	1.0002589716156083	1.0000000000500986	1.0002589715654968
E0124	A2	GIMME	training_samples=setx1,setx2	C5	G5	400	4.1408576207337848	1.7884258960423018	2.3153643826659511
E0125	A1	GIMME	training_samples=setx1,setx2,setx3	C1	G1	400	1.3845637323544486	1.3845489636717865	1.0000106667825044
E0125	A2	GIMME	training_samples=setx1,setx2,setx3	C1	G1	400	34.086122402695906	3.0525376401983548	11.16648717245006
E0126	A1	GIMME	training_samples=setx1,setx2,setx3	C1	G2	400	2.8962903471271306	1.3845489636717865	2.0918655989212884
E0126	A2	GIMME	training_samples=setx1,setx2,setx3	C1	G2	400	4.8952530895110495	3.0525376401983548	1.6036667410898673
E0127	A1	GIMME	training_samples=setx1,setx2,setx3	C1	G3	400	1.4092972875945236	1.3845489636717865	1.0178746469587505
E0127	A2	GIMME	training_samples=setx1,setx2,setx3	C1	G3	400	14.384597401081397	3.0525376401983548	4.7123407133963076
E0128	A1	GIMME	training_samples=setx1,setx2,setx3	C1	G4	400	1.4185728458199238	1.3845489636717865	1.0245739826043472
E0128	A2	GIMME	training_samples=setx1,setx2,setx3	C1	G4	400	8.113986742951802	3.0525376401983548	2.6581119381134157
E0129	A1	GIMME	training_samples=setx1,setx2,setx3	C1	G5	400	7.4320183477462018	1.3845489636717865	5.3678263049915476
E0129	A2	GIMME	training_samples=setx1,setx2,setx3	C1	G5	400	23.697595232041724	3.0525376401983548	7.7632442332477991
E0130	A1	GIMME	training_samples=setx1,setx2,setx3	C2	G1	400	6.5564905477477948	6.5564206118351214	1.0000106667825044
E0130	A2	GIMME	training_samples=setx1,setx2,setx3	C2	G1	400	162.4095832735176	14.54437557356572	11.16648717245006
E0131	A1	GIMME	training_samples=setx1,setx2,setx3	C2	G2	400	13.715150729956356	6.5564206118351214	2.0918655989212884
E0131	A2	GIMME	training_samples=setx1,setx2,setx3	C2	G2	400	23.324331377247209	14.54437557356572	1.6036667410898673
E0132	A1	GIMME	training_samples=setx1,setx2,setx3	C2	G3	400	6.6736143155847492	6.5564206118351214	1.0178746469587505
E0132	A2	GIMME	training_samples=setx1,setx2,setx3	C2	G3	400	68.538053166240516	14.54437557356572	4.7123407133963076
E0133	A1	GIMME	training_samples=setx1,setx2,setx3	C2	G4	400	6.7175379778971411	6.5564206118351214	1.0245739826043472
E0133	A2	GIMME	training_samples=setx1,setx2,setx3	C2	G4	400	38.660578344500195	14.54437557356572	2.6581119381134157
E0134	A1	GIMME	training_samples=setx1,setx2,setx3	C2	G5	400	35.19372702679734	6.5564206118351214	5.3678263049915476
E0134	A2	GIMME	training_samples=setx1,setx2,setx3	C2	G5	400	112.91153979767422	14.54437557356572	7.7632442332477991
E0135	A1	GIMME	training_samples=setx1,setx2,setx3	C3	G1	400	1.8420328544991857	1.8420132061449457	1.0000106667825044
E0135	A2	GIMME	training_samples=setx1,setx2,setx3	C3	G1	400	148.06583866719032	13.259840483451066	11.16648717245006
E0136	A1	GIMME	training_samples=setx1,setx2,setx3	C3	G2	400	3.8532440586933197	1.8420132061449457	2.0918655989212884
E0136	A2	GIMME	training_samples=setx1,setx2,setx3	C3	G2	400	21.264365175467461	13.259840483451066	1.6036667410898673
E0137	A1	GIMME	training_samples=setx1,setx2,setx3	C3	G3	400	1.8749385418981428	1.8420132061449457	1.0178746469587505
E0137	A2	GIMME	training_samples=setx1,setx2,setx3	C3	G3	400	62.484886163307038	13.259840483451066	4.7123407133963076
E0138	A1	GIMME	training_samples=setx1,setx2,setx3	C3	G4	400	1.8872788066297292	1.8420132061449457	1.0245739826043472
E0138	A2	GIMME	training_samples=setx1,setx2,setx3	C3	G4	400	35.246140286540843	13.259840483451066	2.6581119381134157
E0139	A1	GIMME	training_samples=setx1,setx2,setx3	C3	G5	400	9.8876069420866575	1.8420132061449457	5.3678263049915476
E0139	A2	GIMME	training_samples=setx1,setx2,setx3	C3	G5	400	102.9393801669372	13.259840483451066	7.7632442332477991
E0140	A1	GIMME	training_samples=setx1,setx2,setx3	C4	G1	400	1.4596832733513521	1.4596677033934313	1.0000106667825044
E0140	A2	GIMME	training_samples=setx1,setx2,setx3	C4	G1	400	181.30639919066459	16.236654947133552	11.16648717245006
E0141	A1	GIMME	training_samples=setx1,setx2,setx3	C4	G2	400	3.0534286545851619	1.4596677033934313	2.0918655989212884
E0141	A2	GIMME	training_samples=setx1,setx2,setx3	C4	G2	400	26.038183525270334	16.236654947133552	1.6036667410898673
E0142	A1	GIMME	training_samples=setx1,setx2,setx3	C4	G3	400	1.4857587482686792	1.4596677033934313	1.0178746469587505
E0142	A2	GIMME	training_samples=setx1,setx2,setx3	C4	G3	400	76.512650156745011	16.236654947133552	4.7123407133963076
E0143	A1	GIMME	training_samples=setx1,setx2,setx3	C4	G4	400	1.4955375521447489	1.4596677033934313	1.0245739826043472
E0143	A2	GIMME	training_samples=setx1,setx2,setx3	C4	G4	400	43.158846350003948	16.236654947133552	2.6581119381134157
E0144	A1	GIMME	training_samples=setx1,setx2,setx3	C4	G5	400	7.8352426948218605	1.4596677033934313	5.3678263049915476
E0144	A2	GIMME	training_samples=setx1,setx2,setx3	C4	G5	400	126.04911788556889	16.236654947133552	7.7632442332477991
E0145	A1	GIMME	training_samples=setx1,setx2,setx3	C5	G1	400	1.0394015415001805	1.0393904545482646	1.0000106667825044
E0145	A2	GIMME	training_samples=setx1,setx2,setx3	C5	G1	400	42.238485031267423	3.7826117004350439	11.16648717245006
E0146	A1	GIMME	training_samples=setx1,setx2,setx3	C5	G2	400	2.1742651357166758	1.0393904545482646	2.0918655989212884
E0146	A2	GIMME	training_samples=setx1,setx2,setx3	C5	G2	400	6.0660485784450682	3.7826117004350439	1.6036667410898673
E0147	A1	GIMME	training_samples=setx1,setx2,setx3	C5	G3	400	1.05796919197561	1.0393904545482646	1.0178746469587505
E0147	A2	GIMME	training_samples=setx1,setx2,setx3	C5	G3	400	17.824955118929296	3.7826117004350439	4.7123407133963076
E0148	A1	GIMME	training_samples=setx1,setx2,setx3	C5	G4	400	1.0649324174974582	1.0393904545482646	1.0245739826043472
E0148	A2	GIMME	training_samples=setx1,setx2,setx3	C5	G4	400	10.054605318173877	3.7826117004350439	2.6581119381134157
E0149	A1	GIMME	training_samples=setx1,setx2,setx3	C5	G5	400	5.579267423081296	1.0393904545482646	5.3678263049915476
E0149	A2	GIMME	training_samples=setx1,setx2,setx3	C5	G5	400	29.365338470018006	3.7826117004350439	7.7632442332477991
E0150	A1	GIMME	training_samples=setx1,setx3	C1	G1	400	11.338126751421219	11.278613800728396	1.0052766192498745
E0150	A2	GIMME	training_samples=setx1,setx3	C1	G1	400	152.17931590208462	13.173298825641838	11.552103836426108
E0151	A1	GIMME	training_samples=setx1,setx3	C1	G2	400	11.287084838390832	11.278613800728396	1.0007510708152707
E0151	A2	GIMME	training_samples=setx1,setx3	C1	G2	400	13.176342857513248	13.173298825641838	1.0002310758991881
E0152	A1	GIMME	training_samples=setx1,setx3	C1	G3	400	12.729384019546274	11.278613800728396	1.1286301884655527
E0152	A2	GIMME	training_samples=setx1,setx3	C1	G3	400	123.97395108104988	13.173298825641838	9.4110027201185531
E0153	A1	GIMME	training_samples=setx1,setx3	C1	G4	400	20.184246776832126	11.278613800728396	1.7896035038923477
E0153	A2	GIMME	training_samples=setx1,setx3	C1	G4	400	141.92029915702707	13.173298825641838	10.77333028237233
E0154	A1	GIMME	training_samples=setx1,setx3	C1	G5	400	11.279870841074825	11.278613800728396	1.0001114534435382
E0154	A2	GIMME	training_samples=setx1,setx3	C1	G5	400	14.901768231267871	13.173298825641838	1.1312100657932063
E0155	A1	GIMME	training_samples=setx1,setx3	C2	G1	400	1.005276619470354	1.0000000002193221	1.0052766192498745
E0155	A2	GIMME	training_samples=setx1,setx3	C2	G1	400	20.186900586202746	1.7474652991387929	11.552103836426108
E0156	A1	GIMME	training_samples=setx1,setx3	C2	G2	400	1.0007510710347576	1.0000000002193221	1.0007510708152707
E0156	A2	GIMME	training_samples=setx1,setx3	C2	G2	400	1.7478690962540915	1.7474652991387929	1.0002310758991881
E0157	A1	GIMME	training_samples=setx1,setx3	C2	G3	400	1.1286301887130863	1.0000000002193221	1.1286301884655527
E0157	A2	GIMME	training_samples=setx1,setx3	C2	G3	400	16.445400683507962	1.7474652991387929	9.4110027201185531
E0158	A1	GIMME	training_samples=setx1,setx3	C2	G4	400	1.7896035042848473	1.0000000002193221	1.7896035038923477
E0158	A2	GIMME	training_samples=setx1,setx3	C2	G4	400	18.826020824606779	1.7474652991387929	10.77333028237233
E0159	A1	GIMME	training_samples=setx1,setx3	C2	G5	400	1.0001114536628848	1.0000000002193221	1.0001114534435382
E0159	A2	GIMME	training_samples=setx1,setx3	C2	G5	400	1.9767503360101388	1.7474652991387929	1.1312100657932063
E0160	A1	GIMME	training_samples=setx1,setx3	C3	G1	400	1.0055568050455777	1.0002787151221244	1.0052766192498745
E0160	A2	GIMME	training_samples=setx1,setx3	C3	G1	400	36.371952522710359	3.148513295735992	11.552103836426108
E0161	A1	GIMME	training_samples=setx1,setx3	C3	G2	400	1.0010299952721891	1.0002787151221244	1.0007510708152707
E0161	A2	GIMME	training_samples=setx1,setx3	C3	G2	400	3.1492408412769102	3.148513295735992	1.0002310758991881
E0162	A1	GIMME	training_samples=setx1,setx3	C3	G3	400	1.1289447547663642	1.0002787151221244	1.1286301884655527
E0162	A2	GIMME	training_samples=setx1,setx3	C3	G3	400	29.630667190500851	3.148513295735992	9.4110027201185531
E0163	A1	GIMME	training_samples=setx1,setx3	C3	G4	400	1.7901022934514894	1.0002787151221244	1.7896035038923477
E0163	A2	GIMME	training_samples=setx1,setx3	C3	G4	400	33.919973633404467	3.148513295735992	10.77333028237233
E0164	A1	GIMME	training_samples=setx1,setx3	C3	G5	400	1.0003901996294229	1.0002787151221244	1.0001114534435382
E0164	A2	GIMME	training_samples=setx1,setx3	C3	G5	400	3.5616299324202965	3.148513295735992	1.1312100657932063
E0165	A1	GIMME	training_samples=setx1,setx3	C4	G1	400	1.0053398421223452	1.0000628910205012	1.0052766192498745
E0165	A2	GIMME	training_samples=setx1,setx3	C4	G1	400	50.987559269691012	4.4137033385137157	11.552103836426108
E0166	A1	GIMME	training_samples=setx1,setx3	C4	G2	400	1.000814009071382	1.0000628910205012	1.0007510708152707
E0166	A2	GIMME	training_samples=setx1,setx3	C4	G2	400	4.4147232389814128	4.4137033385137157	1.0002310758991881
E0167	A1	GIMME	training_samples=setx1,setx3	C4	G3	400	1.1287011691698738	1.0000628910205012	1.1286301884655527
E0167	A2	GIMME	training_samples=setx1,setx3	C4	G3	400	41.537374124548919	4.4137033385137157	9.4110027201185531
E0168	A1	GIMME	training_samples=setx1,setx3	C4	G4	400	1.7897160538829999	1.0000628910205012	1.7896035038923477
E0168	A2	GIMME	training_samples=setx1,setx3	C4	G4	400	47.550283834217659	4.4137033385137157	10.77333028237233
E0169	A1	GIMME	training_samples=setx1,setx3	C4	G5	400	1.0001743514734602	1.0000628910205012	1.0001114534435382
E0169	A2	GIMME	training_samples=setx1,setx3	C4	G5	400	4.9928256439517948	4.4137033385137157	1.1312100657932063
E0170	A1	GIMME	training_samples=setx1,setx3	C5	G1	400	2.4980964978545925	2.4849841824816759	1.0052766192498745
E0170	A2	GIMME	training_samples=setx1,setx3	C5	G1	400	77.495783460844336	6.7083697098085757	11.552103836426108
E0171	A1	GIMME	training_samples=setx1,setx3	C5	G2	400	2.486850581577547	2.4849841824816759	1.0007510708152707
E0171	A2	GIMME	training_samples=setx1,setx3	C5	G2	400	6.7099198523713559	6.7083697098085757	1.0002310758991881
E0172	A1	GIMME	training_samples=setx1,setx3	C5	G3	400	2.8046281662082113	2.4849841824816759	1.1286301884655527
E0172	A2	GIMME	training_samples=setx1,setx3	C5	G3	400	63.132485586569416	6.7083697098085757	9.4110027201185531
E0173	A1	GIMME	training_samples=setx1,setx3	C5	G4	400	4.4471364000862685	2.4849841824816759	1.7896035038923477
E0173	A2	GIMME	training_samples=setx1,setx3	C5	G4	400	72.271482540030007	6.7083697098085757	10.77333028237233
E0174	A1	GIMME	training_samples=setx1,setx3	C5	G5	400	2.4852611425259514	2.4849841824816759	1.0001114534435382
E0174	A2	GIMME	training_samples=setx1,setx3	C5	G5	400	7.5885753407977106	6.7083697098085757	1.1312100657932063
E0175	A1	GIMME	training_samples=setx2,setx3	C1	G1	400	1.5635735163295363	1.5635735163295363	1
E0175	A2	GIMME	training_samples=setx2,setx3	C1	G1	400	5.4291106016596471	2.9343529233041852	1.8501900567387364
E0176	A1	GIMME	training_samples=setx2,setx3	C1	G2	400	4.743739312465487	1.5635735163295363	3.0339087116295871
E0176	A2	GIMME	training_samples=setx2,setx3	C1	G2	400	7.283331287685793	2.9343529233041852	2.4820911042576652
E0177	A1	GIMME	training_samples=setx2,setx3	C1	G3	400	1.5635735163295363	1.5635735163295363	1
E0177	A2	GIMME	training_samples=setx2,setx3	C1	G3	400	8.1888425339618109	2.9343529233041852	2.7906808580955849
E0178	A1	GIMME	training_samples=setx2,setx3	C1	G4	400	1.5635735489855125	1.5635735163295363	1.0000000208854753
E0178	A2	GIMME	training_samples=setx2,setx3	C1	G4	400	4.2948304989880066	2.9343529233041852	1.4636380187533391
E0179	A1	GIMME	training_samples=setx2,setx3	C1	G5	400	9.3698721001476191	1.5635735163295363	5.9926009249269221
E0179	A2	GIMME	training_samples=setx2,setx3	C1	G5	400	14.416167500351909	2.9343529233041852	4.9128948961322605
E0180	A1	GIMME	training_samples=setx2,setx3	C2	G1	400	1.0956535965705312	1.0956535965705312	1
E0180	A2	GIMME	training_samples=setx2,setx3	C2	G1	400	9.0795392527799397	4.9073549064381625	1.8501900567387364
E0181	A1	GIMME	training_samples=setx2,setx3	C2	G2	400	3.3241129915636236	1.0956535965705312	3.0339087116295871
E0181	A2	GIMME	training_samples=setx2,setx3	C2	G2	400	12.180501958705371	4.9073549064381625	2.4820911042576652
E0182	A1	GIMME	training_samples=setx2,setx3	C2	G3	400	1.0956535965705312	1.0956535965705312	1
E0182	A2	GIMME	training_samples=setx2,setx3	C2	G3	400	13.69486140127843	4.9073549064381625	2.7906808580955849
E0183	A1	GIMME	training_samples=setx2,setx3	C2	G4	400	1.0956536194537774	1.0956535965705312	1.0000000208854753
E0183	A2	GIMME	training_samples=setx2,setx3	C2	G4	400	7.1825912125786298	4.9073549064381625	1.4636380187533391
E0184	A1	GIMME	training_samples=setx2,setx3	C2	G5	400	6.5658147562080735	1.0956535965705312	5.9926009249269221
E0184	A2	GIMME	training_samples=setx2,setx3	C2	G5	400	24.109318873349654	4.9073549064381625	4.9128948961322605
E0185	A1	GIMME	training_samples=setx2,setx3	C3	G1	400	1.0427941996901013	1.0427941996901013	1
E0185	A2	GIMME	training_samples=setx2,setx3	C3	G1	400	11.960390319074039	6.4644117373304821	1.8501900567387364
E0186	A1	GIMME	training_samples=setx2,setx3	C3	G2	400	3.1637424068766018	1.0427941996901013	3.0339087116295871
E0186	A2	GIMME	training_samples=setx2,setx3	C3	G2	400	16.04525886748683	6.4644117373304821	2.4820911042576652
E0187	A1	GIMME	training_samples=setx2,setx3	C3	G3	400	1.0427941996901013	1.0427941996901013	1
E0187	A2	GIMME	training_samples=setx2,setx3	C3	G3	400	18.040110094216601	6.4644117373304821	2.7906808580955849
E0188	A1	GIMME	training_samples=setx2,setx3	C3	G4	400	1.042794221469354	1.0427941996901013	1.0000000208854753
E0188	A2	GIMME	training_samples=setx2,setx3	C3	G4	400	9.4615587876322174	6.4644117373304821	1.4636380187533391
E0189	A1	GIMME	training_samples=setx2,setx3	C3	G5	400	6.249049485571331	1.0427941996901013	5.9926009249269221
E0189	A2	GIMME	training_samples=setx2,setx3	C3	G5	400	31.758975430828404	6.4644117373304821	4.9128948961322605
E0190	A1	GIMME	training_samples=setx2,setx3	C4	G1	400	4.846626233693077	4.846626233693077	1
E0190	A2	GIMME	training_samples=setx2,setx3	C4	G1	400	18.834140382912953	10.179570641575717	1.8501900567387364
E0191	A1	GIMME	training_samples=setx2,setx3	C4	G2	400	14.704221552413921	4.846626233693077	3.0339087116295871
E0191	A2	GIMME	training_samples=setx2,setx3	C4	G2	400	25.26662173461758	10.179570641575717	2.4820911042576652
E0192	A1	GIMME	training_samples=setx2,setx3	C4	G3	400	4.846626233693077	4.846626233693077	1
E0192	A2	GIMME	training_samples=setx2,setx3	C4	G3	400	28.407932933077145	10.179570641575717	2.7906808580955849
E0193	A1	GIMME	training_samples=setx2,setx3	C4	G4	400	4.8466263349171701	4.846626233693077	1.0000000208854753
E0193	A2	GIMME	training_samples=setx2,setx3	C4	G4	400	14.899206605595539	10.179570641575717	1.4636380187533391
E0194	A1	GIMME	training_samples=setx2,setx3	C4	G5	400	29.043896850804217	4.846626233693077	5.9926009249269221
E0194	A2	GIMME	training_samples=setx2,setx3	C4	G5	400	50.011160649815139	10.179570641575717	4.9128948961322605
E0195	A1	GIMME	training_samples=setx2,setx3	C5	G1	400	1.1300401560066733	1.1300401560066733	1
E0195	A2	GIMME	training_samples=setx2,setx3	C5	G1	400	7.5573820757451831	4.084651762244528	1.8501900567387364
E0196	A1	GIMME	training_samples=setx2,setx3	C5	G2	400	3.4284386737999037	1.1300401560066733	3.0339087116295871
E0196	A2	GIMME	training_samples=setx2,setx3	C5	G2	400	10.138477803057539	4.084651762244528	2.4820911042576652
E0197	A1	GIMME	training_samples=setx2,setx3	C5	G3	400	1.1300401560066733	1.1300401560066733	1
E0197	A2	GIMME	training_samples=setx2,setx3	C5	G3	400	11.398959484882202	4.084651762244528	2.7906808580955849
E0198	A1	GIMME	training_samples=setx2,setx3	C5	G4	400	1.1300401796080992	1.1300401560066733	1.0000000208854753
E0198	A2	GIMME	training_samples=setx2,setx3	C5	G4	400	5.9784516125889162	4.084651762244528	1.4636380187533391
E0199	A1	GIMME	training_samples=setx2,setx3	C5	G5	400	6.7718796840901536	1.1300401560066733	5.9926009249269221
E0199	A2	GIMME	training_samples=setx2,setx3	C5	G5	400	20.067464795208785	4.084651762244528	4.9128948961322605
E0200	A1	RIPTiDe	training_samples=setx1,setx2	C1	G1	400	4.0491435053443245	1.3497145017802974	3.0000000000025433
E0200	A2	RIPTiDe	training_samples=setx1,setx2	C1	G1	400	4.3466411692382607	1.1080018891320991	3.9229546554681387
E0201	A1	RIPTiDe	training_samples=setx1,setx2	C1	G2	400	12.020060622823726	1.3497145017802974	8.9056319739982435
E0201	A2	RIPTiDe	training_samples=setx1,setx2	C1	G2	400	8.1375140017492313	1.1080018891320991	7.3443141943768424
E0202	A1	RIPTiDe	training_samples=setx1,setx2	C1	G3	400	4.0493138323521327	1.3497145017802974	3.0001261948441806
E0202	A2	RIPTiDe	training_samples=setx1,setx2	C1	G3	400	2.5351169790567618	1.1080018891320991	2.2880078129131403
E0203	A1	RIPTiDe	training_samples=setx1,setx2	C1	G4	400	4.0491437855059234	1.3497145017802974	3.0000002075735503
E0203	A2	RIPTiDe	training_samples=setx1,setx2	C1	G4	400	1.4132885960036576	1.1080018891320991	1.2755290490620828
E0204	A1	RIPTiDe	training_samples=setx1,setx2	C1	G5	400	4.0731797267630565	1.3497145017802974	3.0178083745788169
E0204	A2	RIPTiDe	training_samples=setx1,setx2	C1	G5	400	10.48394557483226	1.1080018891320991	9.4620286099370858
E0205	A1	RIPTiDe	training_samples=setx1,setx2	C2	G1	400	16.032438126097382	5.3441460420279308	3.0000000000025433
E0205	A2	RIPTiDe	training_samples=setx1,setx2	C2	G1	400	34.335411670543472	8.7524365398116277	3.9229546554681387
E0206	A1	RIPTiDe	training_samples=setx1,setx2	C2	G2	400	47.592997865600104	5.3441460420279308	8.9056319739982435
E0206	A2	RIPTiDe	training_samples=setx1,setx2	C2	G2	400	64.280643914721068	8.7524365398116277	7.3443141943768424
E0207	A1	RIPTiDe	training_samples=setx1,setx2	C2	G3	400	16.033112529760846	5.3441460420279308	3.0001261948441806
E0207	A2	RIPTiDe	training_samples=setx1,setx2	C2	G3	400	20.025643185115456	8.7524365398116277	2.2880078129131403
E0208	A1	RIPTiDe	training_samples=setx1,setx2	C2	G4	400	16.032439235387159	5.3441460420279308	3.0000002075735503
E0208	A2	RIPTiDe	training_samples=setx1,setx2	C2	G4	400	11.163987056602151	8.7524365398116277	1.2755290490620828
E0209	A1	RIPTiDe	training_samples=setx1,setx2	C2	G5	400	16.127608680604126	5.3441460420279308	3.0178083745788169
E0209	A2	RIPTiDe	training_samples=setx1,setx2	C2	G5	400	82.81580494635638	8.7524365398116277	9.4620286099370858
E0210	A1	RIPTiDe	training_samples=setx1,setx2	C3	G1	400	10.960297358693033	3.6534324528945805	3.0000000000025433
E0210	A2	RIPTiDe	training_samples=setx1,setx2	C3	G1	400	46.634513697522493	11.887599473656788	3.9229546554681387
E0211	A1	RIPTiDe	training_samples=setx1,setx2	C3	G2	400	32.53612486734081	3.6534324528945805	8.9056319739982435
E0211	A2	RIPTiDe	training_samples=setx1,setx2	C3	G2	400	87.306265551444227	11.887599473656788	7.3443141943768424
E0212	A1	RIPTiDe	training_samples=setx1,setx2	C3	G3	400	10.96075840302286	3.6534324528945805	3.0001261948441806
E0212	A2	RIPTiDe	training_samples=setx1,setx2	C3	G3	400	27.198920472508867	11.887599473656788	2.2880078129131403
E0213	A1	RIPTiDe	training_samples=setx1,setx2	C3	G4	400	10.960298117039686	3.6534324528945805	3.0000002075735503
E0213	A2	RIPTiDe	training_samples=setx1,setx2	C3	G4	400	15.162978452264358	11.887599473656788	1.2755290490620828
E0214	A1	RIPTiDe	training_samples=setx1,setx2	C3	G5	400	11.025359052303294	3.6534324528945805	3.0178083745788169
E0214	A2	RIPTiDe	training_samples=setx1,setx2	C3	G5	400	112.48080632321357	11.887599473656788	9.4620286099370858
E0215	A1	RIPTiDe	training_samples=setx1,setx2	C4	G1	400	3.4923702909324046	1.1641234303098147	3.0000000000025433
E0215	A2	RIPTiDe	training_samples=setx1,setx2	C4	G1	400	32.208013099078457	8.2101415712731374	3.9229546554681387
E0216	A1	RIPTiDe	training_samples=setx1,setx2	C4	G2	400	10.367254842647602	1.1641234303098147	8.9056319739982435
E0216	A2	RIPTiDe	training_samples=setx1,setx2	C4	G2	400	60.297859279744692	8.2101415712731374	7.3443141943768424
E0217	A1	RIPTiDe	training_samples=setx1,setx2	C4	G3	400	3.492517197304339	1.1641234303098147	3.0001261948441806
E0217	A2	RIPTiDe	training_samples=setx1,setx2	C4	G3	400	18.784868060195905	8.2101415712731374	2.2880078129131403
E0218	A1	RIPTiDe	training_samples=setx1,setx2	C4	G4	400	3.4923705325706775	1.1641234303098147	3.0000002075735503
E0218	A2	RIPTiDe	training_samples=setx1,setx2	C4	G4	400	10.472274071071098	8.2101415712731374	1.2755290490620828
E0219	A1	RIPTiDe	training_samples=setx1,setx2	C4	G5	400	3.5131014370323785	1.1641234303098147	3.0178083745788169
E0219	A2	RIPTiDe	training_samples=setx1,setx2	C4	G5	400	77.684594439020245	8.2101415712731374	9.4620286099370858
E0220	A1	RIPTiDe	training_samples=setx1,setx2	C5	G1	400	3.0371930280660755	1.0123976760211668	3.0000000000025433
E0220	A2	RIPTiDe	training_samples=setx1,setx2	C5	G1	400	5.1137472895380185	1.3035448376672043	3.9229546554681387
E0221	A1	RIPTiDe	training_samples=setx1,setx2	C5	G2	400	9.0160411139756178	1.0123976760211668	8.9056319739982435
E0221	A2	RIPTiDe	training_samples=setx1,setx2	C5	G2	400	9.5736428542859056	1.3035448376672043	7.3443141943768424
E0222	A1	RIPTiDe	training_samples=setx1,setx2	C5	G3	400	3.0373207874304748	1.0123976760211668	3.0001261948441806
E0222	A2	RIPTiDe	training_samples=setx1,setx2	C5	G3	400	2.9825207730651546	1.3035448376672043	2.2880078129131403
E0223	A1	RIPTiDe	training_samples=setx1,setx2	C5	G4	400	3.0371932382104805	1.0123976760211668	3.0000002075735503
E0223	A2	RIPTiDe	training_samples=setx1,setx2	C5	G4	400	1.6627093071994361	1.3035448376672043	1.2755290490620828
E0224	A1	RIPTiDe	training_samples=setx1,setx2	C5	G5	400	3.055222185100809	1.0123976760211668	3.0178083745788169
E0224	A2	RIPTiDe	training_samples=setx1,setx2	C5	G5	400	12.334178548342882	1.3035448376672043	9.4620286099370858
E0225	A1	RIPTiDe	training_samples=setx1,setx2,setx3	C1	G1	400	1.0127962366367138	1.0000004342796023	1.012795796800158
E0225	A2	RIPTiDe	training_samples=setx1,setx2,setx3	C1	G1	400	12.054218783906695	1.3774417770420291	8.7511639220006696
E0226	A1	RIPTiDe	training_samples=setx1,setx2,setx3	C1	G2	400	4.3773059327409429	1.0000004342796023	4.377304031767089
E0226	A2	RIPTiDe	training_samples=setx1,setx2,setx3	C1	G2	400	3.2562827945399864	1.3774417770420291	2.3640075746305969
E0227	A1	RIPTiDe	training_samples=setx1,setx2,setx3	C1	G3	400	1.3540846289116946	1.0000004342796023	1.3540840408606158
E0227	A2	RIPTiDe	training_samples=setx1,setx2,setx3	C1	G3	400	6.2110952630242764	1.3774417770420291	4.5091526673179745
E0228	A1	RIPTiDe	training_samples=setx1,setx2,setx3	C1	G4	400	1.1698506048577766	1.0000004342796023	1.1698500968157419
E0228	A2	RIPTiDe	training_samples=setx1,setx2,setx3	C1	G4	400	4.23945505759849	1.3774417770420291	3.0777744135962375
E0229	A1	RIPTiDe	training_samples=setx1,setx2,setx3	C1	G5	400	9.9918968510070112	1.0000004342796023	9.9918925117319048
E0229	A2	RIPTiDe	training_samples=setx1,setx2,setx3	C1	G5	400	18.295541875022913	1.3774417770420291	13.282261493702809
E0230	A1	RIPTiDe	training_samples=setx1,setx2,setx3	C2	G1	400	2.0143933650468213	1.9889432513554317	1.012795796800158
E0230	A2	RIPTiDe	training_samples=setx1,setx2,setx3	C2	G1	400	61.306253689307582	7.0054971242376061	8.7511639220006696
E0231	A1	RIPTiDe	training_samples=setx1,setx2,setx3	C2	G2	400	8.7062093131140745	1.9889432513554317	4.377304031767089
E0231	A2	RIPTiDe	training_samples=setx1,setx2,setx3	C2	G2	400	16.561048265750564	7.0054971242376061	2.3640075746305969
E0232	A1	RIPTiDe	training_samples=setx1,setx2,setx3	C2	G3	400	2.6931963148378144	1.9889432513554317	1.3540840408606158
E0232	A2	RIPTiDe	training_samples=setx1,setx2,setx3	C2	G3	400	31.588856043644402	7.0054971242376061	4.5091526673179745
E0233	A1	RIPTiDe	training_samples=setx1,setx2,setx3	C2	G4	400	2.3267654551591681	1.9889432513554317	1.1698500968157419
E0233	A2	RIPTiDe	training_samples=setx1,setx2,setx3	C2	G4	400	21.561339803500527	7.0054971242376061	3.0777744135962375
E0234	A1	RIPTiDe	training_samples=setx1,setx2,setx3	C2	G5	400	19.873307179478047	1.9889432513554317	9.9918925117319048
E0234	A2	RIPTiDe	training_samples=setx1,setx2,setx3	C2	G5	400	93.048844697506908	7.0054971242376061	13.282261493702809
E0235	A1	RIPTiDe	training_samples=setx1,setx2,setx3	C3	G1	400	7.096830063848337	7.0071677689324607	1.012795796800158
E0235	A2	RIPTiDe	training_samples=setx1,setx2,setx3	C3	G1	400	120.41878484186041	13.760316446492819	8.7511639220006696
E0236	A1	RIPTiDe	training_samples=setx1,setx2,setx3	C3	G2	400	30.672503726216458	7.0071677689324607	4.377304031767089
E0236	A2	RIPTiDe	training_samples=setx1,setx2,setx3	C3	G2	400	32.529492308823002	13.760316446492819	2.3640075746305969
E0237	A1	RIPTiDe	training_samples=setx1,setx2,setx3	C3	G3	400	9.4882940475443327	7.0071677689324607	1.3540840408606158
E0237	A2	RIPTiDe	training_samples=setx1,setx2,setx3	C3	G3	400	62.047367607842489	13.760316446492819	4.5091526673179745
E0238	A1	RIPTiDe	training_samples=setx1,setx2,setx3	C3	G4	400	8.1973358928897859	7.0071677689324607	1.1698500968157419
E0238	A2	RIPTiDe	training_samples=setx1,setx2,setx3	C3	G4	400	42.351149882003099	13.760316446492819	3.0777744135962375
E0239	A1	RIPTiDe	training_samples=setx1,setx2,setx3	C3	G5	400	70.014867158845419	7.0071677689324607	9.9918925117319048
E0239	A2	RIPTiDe	training_samples=setx1,setx2,setx3	C3	G5	400	182.76812127841703	13.760316446492819	13.282261493702809
E0240	A1	RIPTiDe	training_samples=setx1,setx2,setx3	C4	G1	400	1.0127957980161582	1.0000000012006371	1.012795796800158
E0240	A2	RIPTiDe	training_samples=setx1,setx2,setx3	C4	G1	400	39.132811885758869	4.4717265308421306	8.7511639220006696
E0241	A1	RIPTiDe	training_samples=setx1,setx2,setx3	C4	G2	400	4.3773040370226433	1.0000000012006371	4.377304031767089
E0241	A2	RIPTiDe	training_samples=setx1,setx2,setx3	C4	G2	400	10.571195390587398	4.4717265308421306	2.3640075746305969
E0242	A1	RIPTiDe	training_samples=setx1,setx2,setx3	C4	G3	400	1.3540840424863794	1.0000000012006371	1.3540840408606158
E0242	A2	RIPTiDe	training_samples=setx1,setx2,setx3	C4	G3	400	20.163697614063345	4.4717265308421306	4.5091526673179745
E0243	A1	RIPTiDe	training_samples=setx1,setx2,setx3	C4	G4	400	1.1698500982203075	1.0000000012006371	1.1698500968157419
E0243	A2	RIPTiDe	training_samples=setx1,setx2,setx3	C4	G4	400	13.762965501225375	4.4717265308421306	3.0777744135962375
E0244	A1	RIPTiDe	training_samples=setx1,setx2,setx3	C4	G5	400	9.9918925237285414	1.0000000012006371	9.9918925117319048
E0244	A2	RIPTiDe	training_samples=setx1,setx2,setx3	C4	G5	400	59.394641110973673	4.4717265308421306	13.282261493702809
E0245	A1	RIPTiDe	training_samples=setx1,setx2,setx3	C5	G1	400	1.012795796800158	1	1.012795796800158
E0245	A2	RIPTiDe	training_samples=setx1,setx2,setx3	C5	G1	400	12.802965614130322	1.4630014622333047	8.7511639220006696
E0246	A1	RIPTiDe	training_samples=setx1,setx2,setx3	C5	G2	400	4.377304031767089	1	4.377304031767089
E0246	A2	RIPTiDe	training_samples=setx1,setx2,setx3	C5	G2	400	3.4585465384151717	1.4630014622333047	2.3640075746305969
E0247	A1	RIPTiDe	training_samples=setx1,setx2,setx3	C5	G3	400	1.3540840408606158	1	1.3540840408606158
E0247	A2	RIPTiDe	training_samples=setx1,setx2,setx3	C5	G3	400	6.5968969457194033	1.4630014622333047	4.5091526673179745
E0248	A1	RIPTiDe	training_samples=setx1,setx2,setx3	C5	G4	400	1.1698500968157419	1	1.1698500968157419
E0248	A2	RIPTiDe	training_samples=setx1,setx2,setx3	C5	G4	400	4.5027884675155478	1.4630014622333047	3.0777744135962375
E0249	A1	RIPTiDe	training_samples=setx1,setx2,setx3	C5	G5	400	9.9918925117319048	1	9.9918925117319048
E0249	A2	RIPTiDe	training_samples=setx1,setx2,setx3	C5	G5	400	19.431967987052328	1.4630014622333047	13.282261493702809
E0250	A1	RIPTiDe	training_samples=setx1,setx3	C1	G1	400	2.000252536015696	1.0001262680065763	2.0000000000025429
E0250	A2	RIPTiDe	training_samples=setx1,setx3	C1	G1	400	2.2104660172027724	1.040604879294093	2.1242126201659453
E0251	A1	RIPTiDe	training_samples=setx1,setx3	C1	G2	400	10.928540976575881	1.0001262680065763	10.927161225710373
E0251	A2	RIPTiDe	training_samples=setx1,setx3	C1	G2	400	12.616298024636732	1.040604879294093	12.12400429372881
E0252	A1	RIPTiDe	training_samples=setx1,setx3	C1	G3	400	2.0003782648857746	1.0001262680065763	2.0001257129990924
E0252	A2	RIPTiDe	training_samples=setx1,setx3	C1	G3	400	1.9544839830173752	1.040604879294093	1.8782191222697546
E0253	A1	RIPTiDe	training_samples=setx1,setx3	C1	G4	400	2.0002527435926196	1.0001262680065763	2.0000002075532595
E0253	A2	RIPTiDe	training_samples=setx1,setx3	C1	G4	400	1.4954753821055031	1.040604879294093	1.4371212473268213
E0254	A1	RIPTiDe	training_samples=setx1,setx3	C1	G5	400	2.0174315275043555	1.0001262680065763	2.0171768226080529
E0254	A2	RIPTiDe	training_samples=setx1,setx3	C1	G5	400	4.0609575906475825	1.040604879294093	3.9024971643438597
E0255	A1	RIPTiDe	training_samples=setx1,setx3	C2	G1	400	4.3903471919843415	2.1951735959893797	2.0000000000025429
E0255	A2	RIPTiDe	training_samples=setx1,setx3	C2	G1	400	17.835849448687402	8.3964520685759076	2.1242126201659453
E0256	A1	RIPTiDe	training_samples=setx1,setx3	C2	G2	400	23.987015801798357	2.1951735959893797	10.927161225710373
E0256	A2	RIPTiDe	training_samples=setx1,setx3	C2	G2	400	101.79862093150246	8.3964520685759076	12.12400429372881
E0257	A1	RIPTiDe	training_samples=setx1,setx3	C2	G3	400	4.3906231538350395	2.1951735959893797	2.0001257129990924
E0257	A2	RIPTiDe	training_samples=setx1,setx3	C2	G3	400	15.770376834420707	8.3964520685759076	1.8782191222697546
E0258	A1	RIPTiDe	training_samples=setx1,setx3	C2	G4	400	4.3903476475941945	2.1951735959893797	2.0000002075532595
E0258	A2	RIPTiDe	training_samples=setx1,setx3	C2	G4	400	12.066719669911677	8.3964520685759076	1.4371212473268213
E0259	A1	RIPTiDe	training_samples=setx1,setx3	C2	G5	400	4.4280532994309505	2.1951735959893797	2.0171768226080529
E0259	A2	RIPTiDe	training_samples=setx1,setx3	C2	G5	400	32.767130388166613	8.3964520685759076	3.9024971643438597
E0260	A1	RIPTiDe	training_samples=setx1,setx3	C3	G1	400	9.7938409132895252	4.8969204566385365	2.0000000000025429
E0260	A2	RIPTiDe	training_samples=setx1,setx3	C3	G1	400	25.264424468024146	11.893547862478318	2.1242126201659453
E0261	A1	RIPTiDe	training_samples=setx1,setx3	C3	G2	400	53.509439339168551	4.8969204566385365	10.927161225710373
E0261	A2	RIPTiDe	training_samples=setx1,setx3	C3	G2	400	144.19742535235622	11.893547862478318	12.12400429372881
E0262	A1	RIPTiDe	training_samples=setx1,setx3	C3	G3	400	9.794456519833993	4.8969204566385365	2.0001257129990924
E0262	A2	RIPTiDe	training_samples=setx1,setx3	C3	G3	400	22.338689026937342	11.893547862478318	1.8782191222697546
E0263	A1	RIPTiDe	training_samples=setx1,setx3	C3	G4	400	9.7938419296488757	4.8969204566385365	2.0000002075532595
E0263	A2	RIPTiDe	training_samples=setx1,setx3	C3	G4	400	17.092470339266089	11.893547862478318	1.4371212473268213
E0264	A1	RIPTiDe	training_samples=setx1,setx3	C3	G5	400	9.8779544472864984	4.8969204566385365	2.0171768226080529
E0264	A2	RIPTiDe	training_samples=setx1,setx3	C3	G5	400	46.414536807309609	11.893547862478318	3.9024971643438597
E0265	A1	RIPTiDe	training_samples=setx1,setx3	C4	G1	400	2.0000030645041522	1.0000015322508047	2.0000000000025429
E0265	A2	RIPTiDe	training_samples=setx1,setx3	C4	G1	400	19.067281475208798	8.9761642945701201	2.1242126201659453
E0266	A1	RIPTiDe	training_samples=setx1,setx3	C4	G2	400	10.927177968861955	1.0000015322508047	10.927161225710373
E0266	A2	RIPTiDe	training_samples=setx1,setx3	C4	G2	400	108.82705444858337	8.9761642945701201	12.12400429372881
E0267	A1	RIPTiDe	training_samples=setx1,setx3	C4	G3	400	2.0001287776933254	1.0000015322508047	2.0001257129990924
E0267	A2	RIPTiDe	training_samples=setx1,setx3	C4	G3	400	16.859203422696602	8.9761642945701201	1.8782191222697546
E0268	A1	RIPTiDe	training_samples=setx1,setx3	C4	G4	400	2.0000032720551868	1.0000015322508047	2.0000002075532595
E0268	A2	RIPTiDe	training_samples=setx1,setx3	C4	G4	400	12.899836427223088	8.9761642945701201	1.4371212473268213
E0269	A1	RIPTiDe	training_samples=setx1,setx3	C4	G5	400	2.0171799134288624	1.0000015322508047	2.0171768226080529
E0269	A2	RIPTiDe	training_samples=setx1,setx3	C4	G5	400	35.029455706244498	8.9761642945701201	3.9024971643438597
E0270	A1	RIPTiDe	training_samples=setx1,setx3	C5	G1	400	2.0000000000126996	1.0000000000050784	2.0000000000025429
E0270	A2	RIPTiDe	training_samples=setx1,setx3	C5	G1	400	2.3374570031799502	1.1003874946366461	2.1242126201659453
E0271	A1	RIPTiDe	training_samples=setx1,setx3	C5	G2	400	10.927161225765865	1.0000000000050784	10.927161225710373
E0271	A2	RIPTiDe	training_samples=setx1,setx3	C5	G2	400	13.341102709740184	1.1003874946366461	12.12400429372881
E0272	A1	RIPTiDe	training_samples=setx1,setx3	C5	G3	400	2.0001257130092496	1.0000000000050784	2.0001257129990924
E0272	A2	RIPTiDe	training_samples=setx1,setx3	C5	G3	400	2.0667688343330557	1.1003874946366461	1.8782191222697546
E0273	A1	RIPTiDe	training_samples=setx1,setx3	C5	G4	400	2.0000002075634162	1.0000000000050784	2.0000002075532595
E0273	A2	RIPTiDe	training_samples=setx1,setx3	C5	G4	400	1.5813902488350529	1.1003874946366461	1.4371212473268213
E0274	A1	RIPTiDe	training_samples=setx1,setx3	C5	G5	400	2.0171768226182967	1.0000000000050784	2.0171768226080529
E0274	A2	RIPTiDe	training_samples=setx1,setx3	C5	G5	400	4.294259077498956	1.1003874946366461	3.9024971643438597
E0275	A1	RIPTiDe	training_samples=setx2,setx3	C1	G1	400	1.0068232590690001	1.0000164178822841	1.0068067294346332
E0275	A2	RIPTiDe	training_samples=setx2,setx3	C1	G1	400	8.4578972961067542	1.3529078284855833	6.2516433995169844
E0276	A1	RIPTiDe	training_samples=setx2,setx3	C1	G2	400	8.7685481721607648	1.0000164178822841	8.7684042135325679
E0276	A2	RIPTiDe	training_samples=setx2,setx3	C1	G2	400	4.1140618732408738	1.3529078284855833	3.0409032948283463
E0277	A1	RIPTiDe	training_samples=setx2,setx3	C1	G3	400	1.2951362695786703	1.0000164178822841	1.2951150065329486
E0277	A2	RIPTiDe	training_samples=setx2,setx3	C1	G3	400	3.5709476114768162	1.3529078284855833	2.6394611194423052
E0278	A1	RIPTiDe	training_samples=setx2,setx3	C1	G4	400	1.0873056693323937	1.0000164178822841	1.0872878183689827
E0278	A2	RIPTiDe	training_samples=setx2,setx3	C1	G4	400	2.6327614699512645	1.3529078284855833	1.9460020960173781
E0279	A1	RIPTiDe	training_samples=setx2,setx3	C1	G5	400	2.974008725642685	1.0000164178822841	2.9739598995191372
E0279	A2	RIPTiDe	training_samples=setx2,setx3	C1	G5	400	16.671369259490689	1.3529078284855833	12.322620143422682
E0280	A1	RIPTiDe	training_samples=setx2,setx3	C2	G1	400	1.3995586208232311	1.3900966093156186	1.0068067294346332
E0280	A2	RIPTiDe	training_samples=setx2,setx3	C2	G1	400	65.279699380013199	10.442006238720662	6.2516433995169844
E0281	A1	RIPTiDe	training_samples=setx2,setx3	C2	G2	400	12.188928966340406	1.3900966093156186	8.7684042135325679
E0281	A2	RIPTiDe	training_samples=setx2,setx3	C2	G2	400	31.75313117594381	10.442006238720662	3.0409032948283463
E0282	A1	RIPTiDe	training_samples=setx2,setx3	C2	G3	400	1.8003349792552272	1.3900966093156186	1.2951150065329486
E0282	A2	RIPTiDe	training_samples=setx2,setx3	C2	G3	400	27.561269476077175	10.442006238720662	2.6394611194423052
E0283	A1	RIPTiDe	training_samples=setx2,setx3	C2	G4	400	1.511435109664899	1.3900966093156186	1.0872878183689827
E0283	A2	RIPTiDe	training_samples=setx2,setx3	C2	G4	400	20.320166027176946	10.442006238720662	1.9460020960173781
E0284	A1	RIPTiDe	training_samples=setx2,setx3	C2	G5	400	4.1340915725621707	1.3900966093156186	2.9739598995191372
E0284	A2	RIPTiDe	training_samples=setx2,setx3	C2	G5	400	128.67287641500454	10.442006238720662	12.322620143422682
E0285	A1	RIPTiDe	training_samples=setx2,setx3	C3	G1	400	11.099772457053975	11.024730102158724	1.0068067294346332
E0285	A2	RIPTiDe	training_samples=setx2,setx3	C3	G1	400	64.820101431785247	10.368489897679286	6.2516433995169844
E0286	A1	RIPTiDe	training_samples=setx2,setx3	C3	G2	400	96.66928988082789	11.024730102158724	8.7684042135325679
E0286	A2	RIPTiDe	training_samples=setx2,setx3	C3	G2	400	31.529575092247363	10.368489897679286	3.0409032948283463
E0287	A1	RIPTiDe	training_samples=setx2,setx3	C3	G3	400	14.278293398281292	11.024730102158724	1.2951150065329486
E0287	A2	RIPTiDe	training_samples=setx2,setx3	C3	G3	400	27.367225952254799	10.368489897679286	2.6394611194423052
E0288	A1	RIPTiDe	training_samples=setx2,setx3	C3	G4	400	11.987054740883011	11.024730102158724	1.0872878183689827
E0288	A2	RIPTiDe	training_samples=setx2,setx3	C3	G4	400	20.177103073418898	10.368489897679286	1.9460020960173781
E0289	A1	RIPTiDe	training_samples=setx2,setx3	C3	G5	400	32.787105226841568	11.024730102158724	2.9739598995191372
E0289	A2	RIPTiDe	training_samples=setx2,setx3	C3	G5	400	127.76696247001735	10.368489897679286	12.322620143422682
E0290	A1	RIPTiDe	training_samples=setx2,setx3	C4	G1	400	1.0068068440222444	1.0000001138129175	1.0068067294346332
E0290	A2	RIPTiDe	training_samples=setx2,setx3	C4	G1	400	26.412242826050345	4.2248479540741259	6.2516433995169844
E0291	A1	RIPTiDe	training_samples=setx2,setx3	C4	G2	400	8.7684052114902329	1.0000001138129175	8.7684042135325679
E0291	A2	RIPTiDe	training_samples=setx2,setx3	C4	G2	400	12.847354063692807	4.2248479540741259	3.0409032948283463
E0292	A1	RIPTiDe	training_samples=setx2,setx3	C4	G3	400	1.295115153933766	1.0000001138129175	1.2951150065329486
E0292	A2	RIPTiDe	training_samples=setx2,setx3	C4	G3	400	11.151321910334026	4.2248479540741259	2.6394611194423052
E0293	A1	RIPTiDe	training_samples=setx2,setx3	C4	G4	400	1.0872879421163815	1.0000001138129175	1.0872878183689827
E0293	A2	RIPTiDe	training_samples=setx2,setx3	C4	G4	400	8.2215629739829801	4.2248479540741259	1.9460020960173781
E0294	A1	RIPTiDe	training_samples=setx2,setx3	C4	G5	400	2.9739602379941901	1.0000001138129175	2.9739598995191372
E0294	A2	RIPTiDe	training_samples=setx2,setx3	C4	G5	400	52.061196501771931	4.2248479540741259	12.322620143422682
E0295	A1	RIPTiDe	training_samples=setx2,setx3	C5	G1	400	1.0068067294346656	1.0000000000000322	1.0068067294346332
E0295	A2	RIPTiDe	training_samples=setx2,setx3	C5	G1	400	9.0262258273457068	1.4438164896038526	6.2516433995169844
E0296	A1	RIPTiDe	training_samples=setx2,setx3	C5	G2	400	8.7684042135328504	1.0000000000000322	8.7684042135325679
E0296	A2	RIPTiDe	training_samples=setx2,setx3	C5	G2	400	4.3905063203638521	1.4438164896038526	3.0409032948283463
E0297	A1	RIPTiDe	training_samples=setx2,setx3	C5	G3	400	1.2951150065329904	1.0000000000000322	1.2951150065329486
E0297	A2	RIPTiDe	training_samples=setx2,setx3	C5	G3	400	3.810897487919044	1.4438164896038526	2.6394611194423052
E0298	A1	RIPTiDe	training_samples=setx2,setx3	C5	G4	400	1.0872878183690178	1.0000000000000322	1.0872878183689827
E0298	A2	RIPTiDe	training_samples=setx2,setx3	C5	G4	400	2.8096699150335502	1.4438164896038526	1.9460020960173781
E0299	A1	RIPTiDe	training_samples=setx2,setx3	C5	G5	400	2.9739598995192331	1.0000000000000322	2.9739598995191372
E0299	A2	RIPTiDe	training_samples=setx2,setx3	C5	G5	400	17.791602158198259	1.4438164896038526	12.322620143422682
E0300	A1	iMAT	training_samples=setx1,setx2	C1	G1	400	3.9479095554296939	1.333235738458892	2.96114891128942
E0300	A2	iMAT	training_samples=setx1,setx2	C1	G1	400	21.313663383830434	1.6584490004360992	12.851563948138217
E0301	A1	iMAT	training_samples=setx1,setx2	C1	G2	400	1.3332357385037026	1.333235738458892	1.0000000000336104
E0301	A2	iMAT	training_samples=setx1,setx2	C1	G2	400	1.6584769079408339	1.6584490004360992	1.0000168274723717
E0302	A1	iMAT	training_samples=setx1,setx2	C1	G3	400	6.9620074944945411	1.333235738458892	5.2218878429871936
E0302	A2	iMAT	training_samples=setx1,setx2	C1	G3	400	22.112589062796729	1.6584490004360992	13.333294576427789
E0303	A1	iMAT	training_samples=setx1,setx2	C1	G4	400	2.2352916623053325	1.333235738458892	1.6765914667792667
E0303	A2	iMAT	training_samples=setx1,setx2	C1	G4	400	3.4528981105131087	1.6584490004360992	2.0820043966411679
E0304	A1	iMAT	training_samples=setx1,setx2	C1	G5	400	1.333235738458892	1.333235738458892	1
E0304	A2	iMAT	training_samples=setx1,setx2	C1	G5	400	1.7104073939213222	1.6584490004360992	1.0313295093617953
E0305	A1	iMAT	training_samples=setx1,setx2	C2	G1	400	5.8077535803817444	1.9613176352731219	2.96114891128942
E0305	A2	iMAT	training_samples=setx1,setx2	C2	G1	400	12.855905372738095	1.000337812939919	12.851563948138217
E0306	A1	iMAT	training_samples=setx1,setx2	C2	G2	400	1.9613176353390427	1.9613176352731219	1.0000000000336104
E0306	A2	iMAT	training_samples=setx1,setx2	C2	G2	400	1.0003546460968287	1.000337812939919	1.0000168274723717
E0307	A1	iMAT	training_samples=setx1,setx2	C2	G3	400	10.241780715869105	1.9613176352731219	5.2218878429871936
E0307	A2	iMAT	training_samples=setx1,setx2	C2	G3	400	13.337798735867459	1.000337812939919	13.333294576427789
E0308	A1	iMAT	training_samples=setx1,setx2	C2	G4	400	3.2883284109426061	1.9613176352731219	1.6765914667792667
E0308	A2	iMAT	training_samples=setx1,setx2	C2	G4	400	2.0827077246673213	1.000337812939919	2.0820043966411679
E0309	A1	iMAT	training_samples=setx1,setx2	C2	G5	400	1.9613176352731219	1.9613176352731219	1
E0309	A2	iMAT	training_samples=setx1,setx2	C2	G5	400	1.031677905815378	1.000337812939919	1.0313295093617953
E0310	A1	iMAT	training_samples=setx1,setx2	C3	G1	400	4.4278085386212291	1.4953008684366225	2.96114891128942
E0310	A2	iMAT	training_samples=setx1,setx2	C3	G1	400	12.879730411243747	1.0021916759095775	12.851563948138217
E0311	A1	iMAT	training_samples=setx1,setx2	C3	G2	400	1.4953008684868803	1.4953008684366225	1.0000000000336104
E0311	A2	iMAT	training_samples=setx1,setx2	C3	G2	400	1.0022085402623151	1.0021916759095775	1.0000168274723717
E0312	A1	iMAT	training_samples=setx1,setx2	C3	G3	400	7.808293426497392	1.4953008684366225	5.2218878429871936
E0312	A2	iMAT	training_samples=setx1,setx2	C3	G3	400	13.362516836946247	1.0021916759095775	13.333294576427789
E0313	A1	iMAT	training_samples=setx1,setx2	C3	G4	400	2.5070086762884682	1.4953008684366225	1.6765914667792667
E0313	A2	iMAT	training_samples=setx1,setx2	C3	G4	400	2.0865674755209209	1.0021916759095775	2.0820043966411679
E0314	A1	iMAT	training_samples=setx1,setx2	C3	G5	400	1.4953008684366225	1.4953008684366225	1
E0314	A2	iMAT	training_samples=setx1,setx2	C3	G5	400	1.0335898494022999	1.0021916759095775	1.0313295093617953
E0315	A1	iMAT	training_samples=setx1,setx2	C4	G1	400	10.592752162529559	3.5772439954453317	2.96114891128942
E0315	A2	iMAT	training_samples=setx1,setx2	C4	G1	400	28.954737919682952	2.2530127879010067	12.851563948138217
E0316	A1	iMAT	training_samples=setx1,setx2	C4	G2	400	3.5772439955655644	3.5772439954453317	1.0000000000336104
E0316	A2	iMAT	training_samples=setx1,setx2	C4	G2	400	2.2530507004114484	2.2530127879010067	1.0000168274723717
E0317	A1	iMAT	training_samples=setx1,setx2	C4	G3	400	18.679966931214913	3.5772439954453317	5.2218878429871936
E0317	A2	iMAT	training_samples=setx1,setx2	C4	G3	400	30.040083185542947	2.2530127879010067	13.333294576427789
E0318	A1	iMAT	training_samples=setx1,setx2	C4	G4	400	5.9975767573510135	3.5772439954453317	1.6765914667792667
E0318	A2	iMAT	training_samples=setx1,setx2	C4	G4	400	4.6907825300986712	2.2530127879010067	2.0820043966411679
E0319	A1	iMAT	training_samples=setx1,setx2	C4	G5	400	3.5772439954453317	3.5772439954453317	1
E0319	A2	iMAT	training_samples=setx1,setx2	C4	G5	400	2.3235985731317959	2.2530127879010067	1.0313295093617953
E0320	A1	iMAT	training_samples=setx1,setx2	C5	G1	400	5.3162205625230374	1.7953236131607144	2.96114891128942
E0320	A2	iMAT	training_samples=setx1,setx2	C5	G1	400	37.125106702983466	2.88876177660554	12.851563948138217
E0321	A1	iMAT	training_samples=setx1,setx2	C5	G2	400	1.7953236132210562	1.7953236131607144	1.0000000000336104
E0321	A2	iMAT	training_samples=setx1,setx2	C5	G2	400	2.8888103871645243	2.88876177660554	1.0000168274723717
E0322	A1	iMAT	training_samples=setx1,setx2	C5	G3	400	9.374978549791777	1.7953236131607144	5.2218878429871936
E0322	A2	iMAT	training_samples=setx1,setx2	C5	G3	400	38.516711728606552	2.88876177660554	13.333294576427789
E0323	A1	iMAT	training_samples=setx1,setx2	C5	G4	400	3.0100242499325751	1.7953236131607144	1.6765914667792667
E0323	A2	iMAT	training_samples=setx1,setx2	C5	G4	400	6.0144147197416853	2.88876177660554	2.0820043966411679
E0324	A1	iMAT	training_samples=setx1,setx2	C5	G5	400	1.7953236131607144	1.7953236131607144	1
E0324	A2	iMAT	training_samples=setx1,setx2	C5	G5	400	2.9792652657296999	2.88876177660554	1.0313295093617953
E0325	A1	iMAT	training_samples=setx1,setx2,setx3	C1	G1	400	4.1930182446876056	1.0012153848419627	4.1879283001124223
E0325	A2	iMAT	training_samples=setx1,setx2,setx3	C1	G1	400	37.49615916074201	3.6238351703172378	10.347092899774335
E0326	A1	iMAT	training_samples=setx1,setx2,setx3	C1	G2	400	1.00129669814112	1.0012153848419627	1.0000812145921729
E0326	A2	iMAT	training_samples=setx1,setx2,setx3	C1	G2	400	6.2603240999397354	3.6238351703172378	1.7275410733959222
E0327	A1	iMAT	training_samples=setx1,setx2,setx3	C1	G3	400	1.4924009597834458	1.0012153848419627	1.4905893201181826
E0327	A2	iMAT	training_samples=setx1,setx2,setx3	C1	G3	400	38.632061183527313	3.6238351703172378	10.660545904505195
E0328	A1	iMAT	training_samples=setx1,setx2,setx3	C1	G4	400	1.9352661987640274	1.0012153848419627	1.9329169607891117
E0328	A2	iMAT	training_samples=setx1,setx2,setx3	C1	G4	400	5.945679738016608	3.6238351703172378	1.6407147286161228
E0329	A1	iMAT	training_samples=setx1,setx2,setx3	C1	G5	400	1.0012153873918797	1.0012153848419627	1.0000000025468216
E0329	A2	iMAT	training_samples=setx1,setx2,setx3	C1	G5	400	5.5609307058755162	3.6238351703172378	1.5345429481519992
E0330	A1	iMAT	training_samples=setx1,setx2,setx3	C2	G1	400	4.1879283137553864	1.0000000032576881	4.1879283001124223
E0330	A2	iMAT	training_samples=setx1,setx2,setx3	C2	G1	400	29.743013015924198	2.8745284597350893	10.347092899774335
E0331	A1	iMAT	training_samples=setx1,setx2,setx3	C2	G2	400	1.0000812178501257	1.0000000032576881	1.0000812145921729
E0331	A2	iMAT	training_samples=setx1,setx2,setx3	C2	G2	400	4.9658659808378829	2.8745284597350893	1.7275410733959222
E0332	A1	iMAT	training_samples=setx1,setx2,setx3	C2	G3	400	1.4905893249740576	1.0000000032576881	1.4905893201181826
E0332	A2	iMAT	training_samples=setx1,setx2,setx3	C2	G3	400	30.644042598812533	2.8745284597350893	10.660545904505195
E0333	A1	iMAT	training_samples=setx1,setx2,setx3	C2	G4	400	1.9329169670859523	1.0000000032576881	1.9329169607891117
E0333	A2	iMAT	training_samples=setx1,setx2,setx3	C2	G4	400	4.7162811817135788	2.8745284597350893	1.6407147286161228
E0334	A1	iMAT	training_samples=setx1,setx2,setx3	C2	G5	400	1.0000000058045098	1.0000000032576881	1.0000000025468216
E0334	A2	iMAT	training_samples=setx1,setx2,setx3	C2	G5	400	4.4110873771487089	2.8745284597350893	1.5345429481519992
E0335	A1	iMAT	training_samples=setx1,setx2,setx3	C3	G1	400	4.1879286890230123	1.0000000928646724	4.1879283001124223
E0335	A2	iMAT	training_samples=setx1,setx2,setx3	C3	G1	400	44.449405633032057	4.2958351745350116	10.347092899774335
E0336	A1	iMAT	training_samples=setx1,setx2,setx3	C3	G2	400	1.0000813074643873	1.0000000928646724	1.0000812145921729
E0336	A2	iMAT	training_samples=setx1,setx2,setx3	C3	G2	400	7.4212317085481727	4.2958351745350116	1.7275410733959222
E0337	A1	iMAT	training_samples=setx1,setx2,setx3	C3	G3	400	1.4905894585412716	1.0000000928646724	1.4905893201181826
E0337	A2	iMAT	training_samples=setx1,setx2,setx3	C3	G3	400	45.795948076318581	4.2958351745350116	10.660545904505195
E0338	A1	iMAT	training_samples=setx1,setx2,setx3	C3	G4	400	1.9329171402888121	1.0000000928646724	1.9329169607891117
E0338	A2	iMAT	training_samples=setx1,setx2,setx3	C3	G4	400	7.0482400425668059	4.2958351745350116	1.6407147286161228
E0339	A1	iMAT	training_samples=setx1,setx2,setx3	C3	G5	400	1.0000000954114943	1.0000000928646724	1.0000000025468216
E0339	A2	iMAT	training_samples=setx1,setx2,setx3	C3	G5	400	6.5921435735060152	4.2958351745350116	1.5345429481519992
E0340	A1	iMAT	training_samples=setx1,setx2,setx3	C4	G1	400	11.42769120920239	2.7287217904126058	4.1879283001124223
E0340	A2	iMAT	training_samples=setx1,setx2,setx3	C4	G1	400	116.81453152984254	11.289599181272472	10.347092899774335
E0341	A1	iMAT	training_samples=setx1,setx2,setx3	C4	G2	400	2.7289434024399677	2.7287217904126058	1.0000812145921729
E0341	A2	iMAT	training_samples=setx1,setx2,setx3	C4	G2	400	19.503246287825171	11.289599181272472	1.7275410733959222
E0342	A1	iMAT	training_samples=setx1,setx2,setx3	C4	G3	400	4.0674035583627957	2.7287217904126058	1.4905893201181826
E0342	A2	iMAT	training_samples=setx1,setx2,setx3	C4	G3	400	120.35329031541946	11.289599181272472	10.660545904505195
E0343	A1	iMAT	training_samples=setx1,setx2,setx3	C4	G4	400	5.2743926299633577	2.7287217904126058	1.9329169607891117
E0343	A2	iMAT	training_samples=setx1,setx2,setx3	C4	G4	400	18.523011656886265	11.289599181272472	1.6407147286161228
E0344	A1	iMAT	training_samples=setx1,setx2,setx3	C4	G5	400	2.7287217973621734	2.7287217904126058	1.0000000025468216
E0344	A2	iMAT	training_samples=setx1,setx2,setx3	C4	G5	400	17.324374811084255	11.289599181272472	1.5345429481519992
E0345	A1	iMAT	training_samples=setx1,setx2,setx3	C5	G1	400	8.8931815009202406	2.1235276403088155	4.1879283001124223
E0345	A2	iMAT	training_samples=setx1,setx2,setx3	C5	G1	400	72.701478975167745	7.0262710192496023	10.347092899774335
E0346	A1	iMAT	training_samples=setx1,setx2,setx3	C5	G2	400	2.1237001017400909	2.1235276403088155	1.0000812145921729
E0346	A2	iMAT	training_samples=setx1,setx2,setx3	C5	G2	400	12.138171778565118	7.0262710192496023	1.7275410733959222
E0347	A1	iMAT	training_samples=setx1,setx2,setx3	C5	G3	400	3.1653076216200859	2.1235276403088155	1.4905893201181826
E0347	A2	iMAT	training_samples=setx1,setx2,setx3	C5	G3	400	74.903884738204894	7.0262710192496023	10.660545904505195
E0348	A1	iMAT	training_samples=setx1,setx2,setx3	C5	G4	400	4.1046025926573897	2.1235276403088155	1.9329169607891117
E0348	A2	iMAT	training_samples=setx1,setx2,setx3	C5	G4	400	11.528106348531439	7.0262710192496023	1.6407147286161228
E0349	A1	iMAT	training_samples=setx1,setx2,setx3	C5	G5	400	2.1235276457170618	2.1235276403088155	1.0000000025468216
E0349	A2	iMAT	training_samples=setx1,setx2,setx3	C5	G5	400	10.782114644394238	7.0262710192496023	1.5345429481519992
E0350	A1	iMAT	training_samples=setx1,setx3	C1	G1	400	7.1908131079116968	2.8653534514494536	2.5095728082949722
E0350	A2	iMAT	training_samples=setx1,setx3	C1	G1	400	14.682454578473012	1.0000000002154559	14.68245457530959
E0351	A1	iMAT	training_samples=setx1,setx3	C1	G2	400	3.3488853428832268	2.8653534514494536	1.1687512202688908
E0351	A2	iMAT	training_samples=setx1,setx3	C1	G2	400	1.5703123518118836	1.0000000002154559	1.5703123514735506
E0352	A1	iMAT	training_samples=setx1,setx3	C1	G3	400	13.882018421727077	2.8653534514494536	4.8447839531645869
E0352	A2	iMAT	training_samples=setx1,setx3	C1	G3	400	13.631867478539506	1.0000000002154559	13.631867475602441
E0353	A1	iMAT	training_samples=setx1,setx3	C1	G4	400	5.6957168374687459	2.8653534514494536	1.9877885691859545
E0353	A2	iMAT	training_samples=setx1,setx3	C1	G4	400	2.0000937948560917	1.0000000002154559	2.0000937944251596
E0354	A1	iMAT	training_samples=setx1,setx3	C1	G5	400	2.9093649544802744	2.8653534514494536	1.0153598862327289
E0354	A2	iMAT	training_samples=setx1,setx3	C1	G5	400	1.9213459528311749	1.0000000002154559	1.9213459524172096
E0355	A1	iMAT	training_samples=setx1,setx3	C2	G1	400	2.5095734347652221	1.0000002496322273	2.5095728082949722
E0355	A2	iMAT	training_samples=setx1,setx3	C2	G1	400	24.915710759955449	1.6969717585133468	14.68245457530959
E0356	A1	iMAT	training_samples=setx1,setx3	C2	G2	400	1.168751512026861	1.0000002496322273	1.1687512202688908
E0356	A2	iMAT	training_samples=setx1,setx3	C2	G2	400	2.6647757124952998	1.6969717585133468	1.5703123514735506
E0357	A1	iMAT	training_samples=setx1,setx3	C2	G3	400	4.8447851625787957	1.0000002496322273	4.8447839531645869
E0357	A2	iMAT	training_samples=setx1,setx3	C2	G3	400	23.132894121893973	1.6969717585133468	13.631867475602441
E0358	A1	iMAT	training_samples=setx1,setx3	C2	G4	400	1.9877890654020425	1.0000002496322273	1.9877885691859545
E0358	A2	iMAT	training_samples=setx1,setx3	C2	G4	400	3.3941026835172954	1.6969717585133468	2.0000937944251596
E0359	A1	iMAT	training_samples=setx1,setx3	C2	G5	400	1.0153601396992789	1.0000002496322273	1.0153598862327289
E0359	A2	iMAT	training_samples=setx1,setx3	C2	G5	400	3.2604698195859334	1.6969717585133468	1.9213459524172096
E0360	A1	iMAT	training_samples=setx1,setx3	C3	G1	400	2.5096665587445139	1.000037357134741	2.5095728082949722
E0360	A2	iMAT	training_samples=setx1,setx3	C3	G1	400	30.207030671393852	2.0573556360385958	14.68245457530959
E0361	A1	iMAT	training_samples=setx1,setx3	C3	G2	400	1.168794881465705	1.000037357134741	1.1687512202688908
E0361	A2	iMAT	training_samples=setx1,setx3	C3	G2	400	3.2306909666451298	2.0573556360385958	1.5703123514735506
E0362	A1	iMAT	training_samples=setx1,setx3	C3	G3	400	4.8449649404115158	1.000037357134741	4.8447839531645869
E0362	A2	iMAT	training_samples=setx1,setx3	C3	G3	400	28.045599380661908	2.0573556360385958	13.631867475602441
E0363	A1	iMAT	training_samples=setx1,setx3	C3	G4	400	1.9878628272713701	1.000037357134741	1.9877885691859545
E0363	A2	iMAT	training_samples=setx1,setx3	C3	G4	400	4.1149042405664229	2.0573556360385958	2.0000937944251596
E0364	A1	iMAT	training_samples=setx1,setx3	C3	G5	400	1.0153978171688094	1.000037357134741	1.0153598862327289
E0364	A2	iMAT	training_samples=setx1,setx3	C3	G5	400	3.9528919239854901	2.0573556360385958	1.9213459524172096
E0365	A1	iMAT	training_samples=setx1,setx3	C4	G1	400	2.5114175632903253	1.0007350872583793	2.5095728082949722
E0365	A2	iMAT	training_samples=setx1,setx3	C4	G1	400	63.322240275512385	4.3127829853461126	14.68245457530959
E0366	A1	iMAT	training_samples=setx1,setx3	C4	G2	400	1.1696103543991256	1.0007350872583793	1.1687512202688908
E0366	A2	iMAT	training_samples=setx1,setx3	C4	G2	400	6.7724163911139739	4.3127829853461126	1.5703123514735506
E0367	A1	iMAT	training_samples=setx1,setx3	C4	G3	400	4.8483452921181591	1.0007350872583793	4.8447839531645869
E0367	A2	iMAT	training_samples=setx1,setx3	C4	G3	400	58.791286107271269	4.3127829853461126	13.631867475602441
E0368	A1	iMAT	training_samples=setx1,setx3	C4	G4	400	1.9892497672355152	1.0007350872583793	1.9877885691859545
E0368	A2	iMAT	training_samples=setx1,setx3	C4	G4	400	8.6259704856931734	4.3127829853461126	2.0000937944251596
E0369	A1	iMAT	training_samples=setx1,setx3	C4	G5	400	1.0161062643477681	1.0007350872583793	1.0153598862327289
E0369	A2	iMAT	training_samples=setx1,setx3	C4	G5	400	8.2863481325485626	4.3127829853461126	1.9213459524172096
E0370	A1	iMAT	training_samples=setx1,setx3	C5	G1	400	5.8347443683444817	2.3249950545601674	2.5095728082949722
E0370	A2	iMAT	training_samples=setx1,setx3	C5	G1	400	14.682458831193708	1.0000002898618958	14.68245457530959
E0371	A1	iMAT	training_samples=setx1,setx3	C5	G2	400	2.7173408071363321	2.3249950545601674	1.1687512202688908
E0371	A2	iMAT	training_samples=setx1,setx3	C5	G2	400	1.5703128066472658	1.0000002898618958	1.5703123514735506
E0372	A1	iMAT	training_samples=setx1,setx3	C5	G3	400	11.264098731520122	2.3249950545601674	4.8447839531645869
E0372	A2	iMAT	training_samples=setx1,setx3	C5	G3	400	13.631871426961391	1.0000002898618958	13.631867475602441
E0373	A1	iMAT	training_samples=setx1,setx3	C5	G4	400	4.6215985928685752	2.3249950545601674	1.9877885691859545
E0373	A2	iMAT	training_samples=setx1,setx3	C5	G4	400	2.0000943741761388	1.0000002898618958	2.0000937944251596
E0374	A1	iMAT	training_samples=setx1,setx3	C5	G5	400	2.360706714089869	2.3249950545601674	1.0153598862327289
E0374	A2	iMAT	training_samples=setx1,setx3	C5	G5	400	1.92134650934219	1.0000002898618958	1.9213459524172096
E0375	A1	iMAT	training_samples=setx2,setx3	C1	G1	400	5.1384824785908956	1.0611759026681349	4.8422532642054072
E0375	A2	iMAT	training_samples=setx2,setx3	C1	G1	400	11.513390050767288	1.0033620860714154	11.474810749374688
E0376	A1	iMAT	training_samples=setx2,setx3	C1	G2	400	1.0611759773142899	1.0611759026681349	1.0000000703428666
E0376	A2	iMAT	training_samples=setx2,setx3	C1	G2	400	1.0039853891605359	1.0033620860714154	1.0006212145124609
E0377	A1	iMAT	training_samples=setx2,setx3	C1	G3	400	1.0611893791803	1.0611759026681349	1.0000126996025176
E0377	A2	iMAT	training_samples=setx2,setx3	C1	G3	400	4.7884660755522868	1.0033620860714154	4.7724207861004055
E0378	A1	iMAT	training_samples=setx2,setx3	C1	G4	400	3.8817147840667405	1.0611759026681349	3.6579371754549559
E0378	A2	iMAT	training_samples=setx2,setx3	C1	G4	400	7.5543517405028551	1.0033620860714154	7.5290384651480302
E0379	A1	iMAT	training_samples=setx2,setx3	C1	G5	400	1.0611759026773069	1.0611759026681349	1.0000000000086433
E0379	A2	iMAT	training_samples=setx2,setx3	C1	G5	400	1.3264604937246571	1.0033620860714154	1.3220157629418787
E0380	A1	iMAT	training_samples=setx2,setx3	C2	G1	400	5.9032283864949546	1.2191077303065536	4.8422532642054072
E0380	A2	iMAT	training_samples=setx2,setx3	C2	G1	400	30.592369175901926	2.6660456406715931	11.474810749374688
E0381	A1	iMAT	training_samples=setx2,setx3	C2	G2	400	1.2191078160620861	1.2191077303065536	1.0000000703428666
E0381	A2	iMAT	training_samples=setx2,setx3	C2	G2	400	2.6677018269144614	2.6660456406715931	1.0006212145124609
E0382	A1	iMAT	training_samples=setx2,setx3	C2	G3	400	1.2191232124901545	1.2191077303065536	1.0000126996025176
E0382	A2	iMAT	training_samples=setx2,setx3	C2	G3	400	12.723491632233484	2.6660456406715931	4.7724207861004055
E0383	A1	iMAT	training_samples=setx2,setx3	C2	G4	400	4.4594194875728572	1.2191077303065536	3.6579371754549559
E0383	A2	iMAT	training_samples=setx2,setx3	C2	G4	400	20.072760178456647	2.6660456406715931	7.5290384651480302
E0384	A1	iMAT	training_samples=setx2,setx3	C2	G5	400	1.2191077303170907	1.2191077303065536	1.0000000000086433
E0384	A2	iMAT	training_samples=setx2,setx3	C2	G5	400	3.5245543616903259	2.6660456406715931	1.3220157629418787
E0385	A1	iMAT	training_samples=setx2,setx3	C3	G1	400	5.2934253720375075	1.0931740004528936	4.8422532642054072
E0385	A2	iMAT	training_samples=setx2,setx3	C3	G1	400	31.224216935493303	2.7211095343942682	11.474810749374688
E0386	A1	iMAT	training_samples=setx2,setx3	C3	G2	400	1.0931740773498866	1.0931740004528936	1.0000000703428666
E0386	A2	iMAT	training_samples=setx2,setx3	C3	G2	400	2.7227999271270296	2.7211095343942682	1.0006212145124609
E0387	A1	iMAT	training_samples=setx2,setx3	C3	G3	400	1.0931878833281818	1.0931740004528936	1.0000126996025176
E0387	A2	iMAT	training_samples=setx2,setx3	C3	G3	400	12.986279703199202	2.7211095343942682	4.7724207861004055
E0388	A1	iMAT	training_samples=setx2,setx3	C3	G4	400	3.9987618154974522	1.0931740004528936	3.6579371754549559
E0388	A2	iMAT	training_samples=setx2,setx3	C3	G4	400	20.487338352335492	2.7211095343942682	7.5290384651480302
E0389	A1	iMAT	training_samples=setx2,setx3	C3	G5	400	1.0931740004623423	1.0931740004528936	1.0000000000086433
E0389	A2	iMAT	training_samples=setx2,setx3	C3	G5	400	3.5973496971606589	2.7211095343942682	1.3220157629418787
E0390	A1	iMAT	training_samples=setx2,setx3	C4	G1	400	6.484930097448335	1.3392381074707136	4.8422532642054072
E0390	A2	iMAT	training_samples=setx2,setx3	C4	G1	400	143.35667901576593	12.493162819576614	11.474810749374688
E0391	A1	iMAT	training_samples=setx2,setx3	C4	G2	400	1.3392382016765612	1.3392381074707136	1.0000000703428666
E0391	A2	iMAT	training_samples=setx2,setx3	C4	G2	400	12.500923753626672	12.493162819576614	1.0006212145124609
E0392	A1	iMAT	training_samples=setx2,setx3	C4	G3	400	1.3392551152623549	1.3392381074707136	1.0000126996025176
E0392	A2	iMAT	training_samples=setx2,setx3	C4	G3	400	59.622629924284183	12.493162819576614	4.7724207861004055
E0393	A1	iMAT	training_samples=setx2,setx3	C4	G4	400	4.8988488601030626	1.3392381074707136	3.6579371754549559
E0393	A2	iMAT	training_samples=setx2,setx3	C4	G4	400	94.061503419949545	12.493162819576614	7.5290384651480302
E0394	A1	iMAT	training_samples=setx2,setx3	C4	G5	400	1.339238107482289	1.3392381074707136	1.0000000000086433
E0394	A2	iMAT	training_samples=setx2,setx3	C4	G5	400	16.516158176479692	12.493162819576614	1.3220157629418787
E0395	A1	iMAT	training_samples=setx2,setx3	C5	G1	400	15.00612776149079	3.0989968807328028	4.8422532642054072
E0395	A2	iMAT	training_samples=setx2,setx3	C5	G1	400	11.983368131346641	1.0443194570332819	11.474810749374688
E0396	A1	iMAT	training_samples=setx2,setx3	C5	G2	400	3.098997098725127	3.0989968807328028	1.0000000703428666
E0396	A2	iMAT	training_samples=setx2,setx3	C5	G2	400	1.0449682034356362	1.0443194570332819	1.0006212145124609
E0397	A1	iMAT	training_samples=setx2,setx3	C5	G3	400	3.0990362367613913	3.0989968807328028	1.0000126996025176
E0397	A2	iMAT	training_samples=setx2,setx3	C5	G3	400	4.9839318840747238	1.0443194570332819	4.7724207861004055
E0398	A1	iMAT	training_samples=setx2,setx3	C5	G4	400	11.335935896651467	3.0989968807328028	3.6579371754549559
E0398	A2	iMAT	training_samples=setx2,setx3	C5	G4	400	7.8627213619060852	1.0443194570332819	7.5290384651480302
E0399	A1	iMAT	training_samples=setx2,setx3	C5	G5	400	3.0989968807595885	3.0989968807328028	1.0000000000086433
E0399	A2	iMAT	training_samples=setx2,setx3	C5	G5	400	1.3806067837449028	1.0443194570332819	1.3220157629418787
