anchor	tumor	mouse_id	candidate_count	weight_sum	global_ess	ess_target
A1	CT2A	C1	320	0.99999999999999911	19.99999999999995	20
A1	CT2A	C2	320	0.99999999999999889	19.999999999999936	20
A1	CT2A	C3	320	0.999999999999999	19.99999999999994	20
A1	CT2A	C4	320	0.99999999999999889	19.99999999999994	20
A1	CT2A	C5	320	0.999999999999999	19.999999999999943	20
A1	GL261	G1	320	0.99999999999999889	19.99999999999995	20
A1	GL261	G2	320	0.99999999999999889	19.999999999999932	20
A1	GL261	G3	320	0.99999999999999911	19.99999999999995	20
A1	GL261	G4	320	0.99999999999999878	19.99999999999994	20
A1	GL261	G5	320	0.99999999999999922	19.999999999999943	20
A2	CT2A	C1	320	0.99999999999999778	19.999999999999961	20
A2	CT2A	C2	320	0.99999999999999678	19.999999999999922	20
A2	CT2A	C3	320	0.99999999999999534	19.999999999999861	20
A2	CT2A	C4	320	0.9999999999999919	19.999999999999716	20
A2	CT2A	C5	320	0.999999999999996	19.999999999999886	20
A2	GL261	G1	320	0.99999999999999289	19.999999999999755	20
A2	GL261	G2	320	0.99999999999999889	19.999999999999989	20
A2	GL261	G3	320	0.99999999999999634	19.999999999999886	20
A2	GL261	G4	320	0.99999999999999589	19.999999999999883	20
A2	GL261	G5	320	0.99999999999999578	19.999999999999876	20
