scenario	mouse_id	tumor	algorithm	rna_context_key	duplicate_selection_count
original_q10_q50_q90	C1	CT2A	CORDA	training_samples=setx1,setx2	2
original_q10_q50_q90	C1	CT2A	CORDA	training_samples=setx1,setx2,setx3	1
original_q10_q50_q90	C1	CT2A	CORDA	training_samples=setx1,setx3	0
original_q10_q50_q90	C1	CT2A	CORDA	training_samples=setx2,setx3	1
original_q10_q50_q90	C1	CT2A	GIMME	training_samples=setx1,setx2	2
original_q10_q50_q90	C1	CT2A	GIMME	training_samples=setx1,setx2,setx3	1
original_q10_q50_q90	C1	CT2A	GIMME	training_samples=setx1,setx3	0
original_q10_q50_q90	C1	CT2A	GIMME	training_samples=setx2,setx3	1
original_q10_q50_q90	C1	CT2A	RIPTiDe	training_samples=setx1,setx2	1
original_q10_q50_q90	C1	CT2A	RIPTiDe	training_samples=setx1,setx2,setx3	2
original_q10_q50_q90	C1	CT2A	RIPTiDe	training_samples=setx1,setx3	2
original_q10_q50_q90	C1	CT2A	RIPTiDe	training_samples=setx2,setx3	2
original_q10_q50_q90	C1	CT2A	iMAT	training_samples=setx1,setx2	1
original_q10_q50_q90	C1	CT2A	iMAT	training_samples=setx1,setx2,setx3	2
original_q10_q50_q90	C1	CT2A	iMAT	training_samples=setx1,setx3	0
original_q10_q50_q90	C1	CT2A	iMAT	training_samples=setx2,setx3	2
original_q10_q50_q90	C2	CT2A	CORDA	training_samples=setx1,setx2	2
original_q10_q50_q90	C2	CT2A	CORDA	training_samples=setx1,setx2,setx3	2
original_q10_q50_q90	C2	CT2A	CORDA	training_samples=setx1,setx3	2
original_q10_q50_q90	C2	CT2A	CORDA	training_samples=setx2,setx3	2
original_q10_q50_q90	C2	CT2A	GIMME	training_samples=setx1,setx2	1
original_q10_q50_q90	C2	CT2A	GIMME	training_samples=setx1,setx2,setx3	0
original_q10_q50_q90	C2	CT2A	GIMME	training_samples=setx1,setx3	2
original_q10_q50_q90	C2	CT2A	GIMME	training_samples=setx2,setx3	2
original_q10_q50_q90	C2	CT2A	RIPTiDe	training_samples=setx1,setx2	0
original_q10_q50_q90	C2	CT2A	RIPTiDe	training_samples=setx1,setx2,setx3	1
original_q10_q50_q90	C2	CT2A	RIPTiDe	training_samples=setx1,setx3	1
original_q10_q50_q90	C2	CT2A	RIPTiDe	training_samples=setx2,setx3	1
original_q10_q50_q90	C2	CT2A	iMAT	training_samples=setx1,setx2	1
original_q10_q50_q90	C2	CT2A	iMAT	training_samples=setx1,setx2,setx3	2
original_q10_q50_q90	C2	CT2A	iMAT	training_samples=setx1,setx3	2
original_q10_q50_q90	C2	CT2A	iMAT	training_samples=setx2,setx3	2
original_q10_q50_q90	C3	CT2A	CORDA	training_samples=setx1,setx2	1
original_q10_q50_q90	C3	CT2A	CORDA	training_samples=setx1,setx2,setx3	1
original_q10_q50_q90	C3	CT2A	CORDA	training_samples=setx1,setx3	2
original_q10_q50_q90	C3	CT2A	CORDA	training_samples=setx2,setx3	1
original_q10_q50_q90	C3	CT2A	GIMME	training_samples=setx1,setx2	1
original_q10_q50_q90	C3	CT2A	GIMME	training_samples=setx1,setx2,setx3	1
original_q10_q50_q90	C3	CT2A	GIMME	training_samples=setx1,setx3	2
original_q10_q50_q90	C3	CT2A	GIMME	training_samples=setx2,setx3	2
original_q10_q50_q90	C3	CT2A	RIPTiDe	training_samples=setx1,setx2	0
original_q10_q50_q90	C3	CT2A	RIPTiDe	training_samples=setx1,setx2,setx3	0
original_q10_q50_q90	C3	CT2A	RIPTiDe	training_samples=setx1,setx3	0
original_q10_q50_q90	C3	CT2A	RIPTiDe	training_samples=setx2,setx3	0
original_q10_q50_q90	C3	CT2A	iMAT	training_samples=setx1,setx2	1
original_q10_q50_q90	C3	CT2A	iMAT	training_samples=setx1,setx2,setx3	2
original_q10_q50_q90	C3	CT2A	iMAT	training_samples=setx1,setx3	2
original_q10_q50_q90	C3	CT2A	iMAT	training_samples=setx2,setx3	2
original_q10_q50_q90	C4	CT2A	CORDA	training_samples=setx1,setx2	1
original_q10_q50_q90	C4	CT2A	CORDA	training_samples=setx1,setx2,setx3	1
original_q10_q50_q90	C4	CT2A	CORDA	training_samples=setx1,setx3	2
original_q10_q50_q90	C4	CT2A	CORDA	training_samples=setx2,setx3	1
original_q10_q50_q90	C4	CT2A	GIMME	training_samples=setx1,setx2	0
original_q10_q50_q90	C4	CT2A	GIMME	training_samples=setx1,setx2,setx3	1
original_q10_q50_q90	C4	CT2A	GIMME	training_samples=setx1,setx3	2
original_q10_q50_q90	C4	CT2A	GIMME	training_samples=setx2,setx3	0
original_q10_q50_q90	C4	CT2A	RIPTiDe	training_samples=setx1,setx2	2
original_q10_q50_q90	C4	CT2A	RIPTiDe	training_samples=setx1,setx2,setx3	2
original_q10_q50_q90	C4	CT2A	RIPTiDe	training_samples=setx1,setx3	2
original_q10_q50_q90	C4	CT2A	RIPTiDe	training_samples=setx2,setx3	2
original_q10_q50_q90	C4	CT2A	iMAT	training_samples=setx1,setx2	0
original_q10_q50_q90	C4	CT2A	iMAT	training_samples=setx1,setx2,setx3	0
original_q10_q50_q90	C4	CT2A	iMAT	training_samples=setx1,setx3	2
original_q10_q50_q90	C4	CT2A	iMAT	training_samples=setx2,setx3	1
original_q10_q50_q90	C5	CT2A	CORDA	training_samples=setx1,setx2	2
original_q10_q50_q90	C5	CT2A	CORDA	training_samples=setx1,setx2,setx3	0
original_q10_q50_q90	C5	CT2A	CORDA	training_samples=setx1,setx3	0
original_q10_q50_q90	C5	CT2A	CORDA	training_samples=setx2,setx3	1
original_q10_q50_q90	C5	CT2A	GIMME	training_samples=setx1,setx2	2
original_q10_q50_q90	C5	CT2A	GIMME	training_samples=setx1,setx2,setx3	2
original_q10_q50_q90	C5	CT2A	GIMME	training_samples=setx1,setx3	1
original_q10_q50_q90	C5	CT2A	GIMME	training_samples=setx2,setx3	2
original_q10_q50_q90	C5	CT2A	RIPTiDe	training_samples=setx1,setx2	2
original_q10_q50_q90	C5	CT2A	RIPTiDe	training_samples=setx1,setx2,setx3	2
original_q10_q50_q90	C5	CT2A	RIPTiDe	training_samples=setx1,setx3	2
original_q10_q50_q90	C5	CT2A	RIPTiDe	training_samples=setx2,setx3	2
original_q10_q50_q90	C5	CT2A	iMAT	training_samples=setx1,setx2	1
original_q10_q50_q90	C5	CT2A	iMAT	training_samples=setx1,setx2,setx3	1
original_q10_q50_q90	C5	CT2A	iMAT	training_samples=setx1,setx3	1
original_q10_q50_q90	C5	CT2A	iMAT	training_samples=setx2,setx3	0
original_q10_q50_q90	G1	GL261	CORDA	training_samples=setx1,setx2	0
original_q10_q50_q90	G1	GL261	CORDA	training_samples=setx1,setx2,setx3	0
original_q10_q50_q90	G1	GL261	CORDA	training_samples=setx1,setx3	2
original_q10_q50_q90	G1	GL261	CORDA	training_samples=setx2,setx3	2
original_q10_q50_q90	G1	GL261	GIMME	training_samples=setx1,setx2	2
original_q10_q50_q90	G1	GL261	GIMME	training_samples=setx1,setx2,setx3	2
original_q10_q50_q90	G1	GL261	GIMME	training_samples=setx1,setx3	2
original_q10_q50_q90	G1	GL261	GIMME	training_samples=setx2,setx3	2
original_q10_q50_q90	G1	GL261	RIPTiDe	training_samples=setx1,setx2	0
original_q10_q50_q90	G1	GL261	RIPTiDe	training_samples=setx1,setx2,setx3	2
original_q10_q50_q90	G1	GL261	RIPTiDe	training_samples=setx1,setx3	1
original_q10_q50_q90	G1	GL261	RIPTiDe	training_samples=setx2,setx3	2
original_q10_q50_q90	G1	GL261	iMAT	training_samples=setx1,setx2	0
original_q10_q50_q90	G1	GL261	iMAT	training_samples=setx1,setx2,setx3	0
original_q10_q50_q90	G1	GL261	iMAT	training_samples=setx1,setx3	1
original_q10_q50_q90	G1	GL261	iMAT	training_samples=setx2,setx3	0
original_q10_q50_q90	G2	GL261	CORDA	training_samples=setx1,setx2	2
original_q10_q50_q90	G2	GL261	CORDA	training_samples=setx1,setx2,setx3	1
original_q10_q50_q90	G2	GL261	CORDA	training_samples=setx1,setx3	2
original_q10_q50_q90	G2	GL261	CORDA	training_samples=setx2,setx3	2
original_q10_q50_q90	G2	GL261	GIMME	training_samples=setx1,setx2	2
original_q10_q50_q90	G2	GL261	GIMME	training_samples=setx1,setx2,setx3	1
original_q10_q50_q90	G2	GL261	GIMME	training_samples=setx1,setx3	2
original_q10_q50_q90	G2	GL261	GIMME	training_samples=setx2,setx3	0
original_q10_q50_q90	G2	GL261	RIPTiDe	training_samples=setx1,setx2	0
original_q10_q50_q90	G2	GL261	RIPTiDe	training_samples=setx1,setx2,setx3	0
original_q10_q50_q90	G2	GL261	RIPTiDe	training_samples=setx1,setx3	0
original_q10_q50_q90	G2	GL261	RIPTiDe	training_samples=setx2,setx3	0
original_q10_q50_q90	G2	GL261	iMAT	training_samples=setx1,setx2	2
original_q10_q50_q90	G2	GL261	iMAT	training_samples=setx1,setx2,setx3	2
original_q10_q50_q90	G2	GL261	iMAT	training_samples=setx1,setx3	2
original_q10_q50_q90	G2	GL261	iMAT	training_samples=setx2,setx3	2
original_q10_q50_q90	G3	GL261	CORDA	training_samples=setx1,setx2	0
original_q10_q50_q90	G3	GL261	CORDA	training_samples=setx1,setx2,setx3	2
original_q10_q50_q90	G3	GL261	CORDA	training_samples=setx1,setx3	2
original_q10_q50_q90	G3	GL261	CORDA	training_samples=setx2,setx3	2
original_q10_q50_q90	G3	GL261	GIMME	training_samples=setx1,setx2	2
original_q10_q50_q90	G3	GL261	GIMME	training_samples=setx1,setx2,setx3	2
original_q10_q50_q90	G3	GL261	GIMME	training_samples=setx1,setx3	2
original_q10_q50_q90	G3	GL261	GIMME	training_samples=setx2,setx3	2
original_q10_q50_q90	G3	GL261	RIPTiDe	training_samples=setx1,setx2	0
original_q10_q50_q90	G3	GL261	RIPTiDe	training_samples=setx1,setx2,setx3	1
original_q10_q50_q90	G3	GL261	RIPTiDe	training_samples=setx1,setx3	1
original_q10_q50_q90	G3	GL261	RIPTiDe	training_samples=setx2,setx3	1
original_q10_q50_q90	G3	GL261	iMAT	training_samples=setx1,setx2	0
original_q10_q50_q90	G3	GL261	iMAT	training_samples=setx1,setx2,setx3	1
original_q10_q50_q90	G3	GL261	iMAT	training_samples=setx1,setx3	0
original_q10_q50_q90	G3	GL261	iMAT	training_samples=setx2,setx3	2
original_q10_q50_q90	G4	GL261	CORDA	training_samples=setx1,setx2	2
original_q10_q50_q90	G4	GL261	CORDA	training_samples=setx1,setx2,setx3	0
original_q10_q50_q90	G4	GL261	CORDA	training_samples=setx1,setx3	2
original_q10_q50_q90	G4	GL261	CORDA	training_samples=setx2,setx3	2
original_q10_q50_q90	G4	GL261	GIMME	training_samples=setx1,setx2	0
original_q10_q50_q90	G4	GL261	GIMME	training_samples=setx1,setx2,setx3	2
original_q10_q50_q90	G4	GL261	GIMME	training_samples=setx1,setx3	1
original_q10_q50_q90	G4	GL261	GIMME	training_samples=setx2,setx3	2
original_q10_q50_q90	G4	GL261	RIPTiDe	training_samples=setx1,setx2	0
original_q10_q50_q90	G4	GL261	RIPTiDe	training_samples=setx1,setx2,setx3	2
original_q10_q50_q90	G4	GL261	RIPTiDe	training_samples=setx1,setx3	1
original_q10_q50_q90	G4	GL261	RIPTiDe	training_samples=setx2,setx3	2
original_q10_q50_q90	G4	GL261	iMAT	training_samples=setx1,setx2	1
original_q10_q50_q90	G4	GL261	iMAT	training_samples=setx1,setx2,setx3	1
original_q10_q50_q90	G4	GL261	iMAT	training_samples=setx1,setx3	1
original_q10_q50_q90	G4	GL261	iMAT	training_samples=setx2,setx3	0
original_q10_q50_q90	G5	GL261	CORDA	training_samples=setx1,setx2	2
original_q10_q50_q90	G5	GL261	CORDA	training_samples=setx1,setx2,setx3	2
original_q10_q50_q90	G5	GL261	CORDA	training_samples=setx1,setx3	2
original_q10_q50_q90	G5	GL261	CORDA	training_samples=setx2,setx3	2
original_q10_q50_q90	G5	GL261	GIMME	training_samples=setx1,setx2	2
original_q10_q50_q90	G5	GL261	GIMME	training_samples=setx1,setx2,setx3	0
original_q10_q50_q90	G5	GL261	GIMME	training_samples=setx1,setx3	2
original_q10_q50_q90	G5	GL261	GIMME	training_samples=setx2,setx3	0
original_q10_q50_q90	G5	GL261	RIPTiDe	training_samples=setx1,setx2	0
original_q10_q50_q90	G5	GL261	RIPTiDe	training_samples=setx1,setx2,setx3	0
original_q10_q50_q90	G5	GL261	RIPTiDe	training_samples=setx1,setx3	1
original_q10_q50_q90	G5	GL261	RIPTiDe	training_samples=setx2,setx3	1
original_q10_q50_q90	G5	GL261	iMAT	training_samples=setx1,setx2	2
original_q10_q50_q90	G5	GL261	iMAT	training_samples=setx1,setx2,setx3	2
original_q10_q50_q90	G5	GL261	iMAT	training_samples=setx1,setx3	2
original_q10_q50_q90	G5	GL261	iMAT	training_samples=setx2,setx3	2
weighted_q20_q50_q80	C1	CT2A	CORDA	training_samples=setx1,setx2	2
weighted_q20_q50_q80	C1	CT2A	CORDA	training_samples=setx1,setx2,setx3	1
weighted_q20_q50_q80	C1	CT2A	CORDA	training_samples=setx1,setx3	0
weighted_q20_q50_q80	C1	CT2A	CORDA	training_samples=setx2,setx3	1
weighted_q20_q50_q80	C1	CT2A	GIMME	training_samples=setx1,setx2	2
weighted_q20_q50_q80	C1	CT2A	GIMME	training_samples=setx1,setx2,setx3	2
weighted_q20_q50_q80	C1	CT2A	GIMME	training_samples=setx1,setx3	0
weighted_q20_q50_q80	C1	CT2A	GIMME	training_samples=setx2,setx3	1
weighted_q20_q50_q80	C1	CT2A	RIPTiDe	training_samples=setx1,setx2	2
weighted_q20_q50_q80	C1	CT2A	RIPTiDe	training_samples=setx1,setx2,setx3	2
weighted_q20_q50_q80	C1	CT2A	RIPTiDe	training_samples=setx1,setx3	2
weighted_q20_q50_q80	C1	CT2A	RIPTiDe	training_samples=setx2,setx3	2
weighted_q20_q50_q80	C1	CT2A	iMAT	training_samples=setx1,setx2	2
weighted_q20_q50_q80	C1	CT2A	iMAT	training_samples=setx1,setx2,setx3	2
weighted_q20_q50_q80	C1	CT2A	iMAT	training_samples=setx1,setx3	0
weighted_q20_q50_q80	C1	CT2A	iMAT	training_samples=setx2,setx3	2
weighted_q20_q50_q80	C2	CT2A	CORDA	training_samples=setx1,setx2	2
weighted_q20_q50_q80	C2	CT2A	CORDA	training_samples=setx1,setx2,setx3	2
weighted_q20_q50_q80	C2	CT2A	CORDA	training_samples=setx1,setx3	2
weighted_q20_q50_q80	C2	CT2A	CORDA	training_samples=setx2,setx3	2
weighted_q20_q50_q80	C2	CT2A	GIMME	training_samples=setx1,setx2	1
weighted_q20_q50_q80	C2	CT2A	GIMME	training_samples=setx1,setx2,setx3	0
weighted_q20_q50_q80	C2	CT2A	GIMME	training_samples=setx1,setx3	2
weighted_q20_q50_q80	C2	CT2A	GIMME	training_samples=setx2,setx3	2
weighted_q20_q50_q80	C2	CT2A	RIPTiDe	training_samples=setx1,setx2	0
weighted_q20_q50_q80	C2	CT2A	RIPTiDe	training_samples=setx1,setx2,setx3	1
weighted_q20_q50_q80	C2	CT2A	RIPTiDe	training_samples=setx1,setx3	1
weighted_q20_q50_q80	C2	CT2A	RIPTiDe	training_samples=setx2,setx3	2
weighted_q20_q50_q80	C2	CT2A	iMAT	training_samples=setx1,setx2	1
weighted_q20_q50_q80	C2	CT2A	iMAT	training_samples=setx1,setx2,setx3	2
weighted_q20_q50_q80	C2	CT2A	iMAT	training_samples=setx1,setx3	2
weighted_q20_q50_q80	C2	CT2A	iMAT	training_samples=setx2,setx3	2
weighted_q20_q50_q80	C3	CT2A	CORDA	training_samples=setx1,setx2	1
weighted_q20_q50_q80	C3	CT2A	CORDA	training_samples=setx1,setx2,setx3	1
weighted_q20_q50_q80	C3	CT2A	CORDA	training_samples=setx1,setx3	2
weighted_q20_q50_q80	C3	CT2A	CORDA	training_samples=setx2,setx3	1
weighted_q20_q50_q80	C3	CT2A	GIMME	training_samples=setx1,setx2	1
weighted_q20_q50_q80	C3	CT2A	GIMME	training_samples=setx1,setx2,setx3	2
weighted_q20_q50_q80	C3	CT2A	GIMME	training_samples=setx1,setx3	2
weighted_q20_q50_q80	C3	CT2A	GIMME	training_samples=setx2,setx3	2
weighted_q20_q50_q80	C3	CT2A	RIPTiDe	training_samples=setx1,setx2	0
weighted_q20_q50_q80	C3	CT2A	RIPTiDe	training_samples=setx1,setx2,setx3	0
weighted_q20_q50_q80	C3	CT2A	RIPTiDe	training_samples=setx1,setx3	0
weighted_q20_q50_q80	C3	CT2A	RIPTiDe	training_samples=setx2,setx3	0
weighted_q20_q50_q80	C3	CT2A	iMAT	training_samples=setx1,setx2	1
weighted_q20_q50_q80	C3	CT2A	iMAT	training_samples=setx1,setx2,setx3	2
weighted_q20_q50_q80	C3	CT2A	iMAT	training_samples=setx1,setx3	2
weighted_q20_q50_q80	C3	CT2A	iMAT	training_samples=setx2,setx3	2
weighted_q20_q50_q80	C4	CT2A	CORDA	training_samples=setx1,setx2	1
weighted_q20_q50_q80	C4	CT2A	CORDA	training_samples=setx1,setx2,setx3	1
weighted_q20_q50_q80	C4	CT2A	CORDA	training_samples=setx1,setx3	2
weighted_q20_q50_q80	C4	CT2A	CORDA	training_samples=setx2,setx3	1
weighted_q20_q50_q80	C4	CT2A	GIMME	training_samples=setx1,setx2	0
weighted_q20_q50_q80	C4	CT2A	GIMME	training_samples=setx1,setx2,setx3	2
weighted_q20_q50_q80	C4	CT2A	GIMME	training_samples=setx1,setx3	2
weighted_q20_q50_q80	C4	CT2A	GIMME	training_samples=setx2,setx3	0
weighted_q20_q50_q80	C4	CT2A	RIPTiDe	training_samples=setx1,setx2	2
weighted_q20_q50_q80	C4	CT2A	RIPTiDe	training_samples=setx1,setx2,setx3	2
weighted_q20_q50_q80	C4	CT2A	RIPTiDe	training_samples=setx1,setx3	2
weighted_q20_q50_q80	C4	CT2A	RIPTiDe	training_samples=setx2,setx3	2
weighted_q20_q50_q80	C4	CT2A	iMAT	training_samples=setx1,setx2	0
weighted_q20_q50_q80	C4	CT2A	iMAT	training_samples=setx1,setx2,setx3	0
weighted_q20_q50_q80	C4	CT2A	iMAT	training_samples=setx1,setx3	2
weighted_q20_q50_q80	C4	CT2A	iMAT	training_samples=setx2,setx3	2
weighted_q20_q50_q80	C5	CT2A	CORDA	training_samples=setx1,setx2	2
weighted_q20_q50_q80	C5	CT2A	CORDA	training_samples=setx1,setx2,setx3	0
weighted_q20_q50_q80	C5	CT2A	CORDA	training_samples=setx1,setx3	0
weighted_q20_q50_q80	C5	CT2A	CORDA	training_samples=setx2,setx3	1
weighted_q20_q50_q80	C5	CT2A	GIMME	training_samples=setx1,setx2	2
weighted_q20_q50_q80	C5	CT2A	GIMME	training_samples=setx1,setx2,setx3	2
weighted_q20_q50_q80	C5	CT2A	GIMME	training_samples=setx1,setx3	1
weighted_q20_q50_q80	C5	CT2A	GIMME	training_samples=setx2,setx3	2
weighted_q20_q50_q80	C5	CT2A	RIPTiDe	training_samples=setx1,setx2	2
weighted_q20_q50_q80	C5	CT2A	RIPTiDe	training_samples=setx1,setx2,setx3	2
weighted_q20_q50_q80	C5	CT2A	RIPTiDe	training_samples=setx1,setx3	2
weighted_q20_q50_q80	C5	CT2A	RIPTiDe	training_samples=setx2,setx3	2
weighted_q20_q50_q80	C5	CT2A	iMAT	training_samples=setx1,setx2	1
weighted_q20_q50_q80	C5	CT2A	iMAT	training_samples=setx1,setx2,setx3	1
weighted_q20_q50_q80	C5	CT2A	iMAT	training_samples=setx1,setx3	1
weighted_q20_q50_q80	C5	CT2A	iMAT	training_samples=setx2,setx3	0
weighted_q20_q50_q80	G1	GL261	CORDA	training_samples=setx1,setx2	1
weighted_q20_q50_q80	G1	GL261	CORDA	training_samples=setx1,setx2,setx3	1
weighted_q20_q50_q80	G1	GL261	CORDA	training_samples=setx1,setx3	2
weighted_q20_q50_q80	G1	GL261	CORDA	training_samples=setx2,setx3	2
weighted_q20_q50_q80	G1	GL261	GIMME	training_samples=setx1,setx2	2
weighted_q20_q50_q80	G1	GL261	GIMME	training_samples=setx1,setx2,setx3	2
weighted_q20_q50_q80	G1	GL261	GIMME	training_samples=setx1,setx3	2
weighted_q20_q50_q80	G1	GL261	GIMME	training_samples=setx2,setx3	2
weighted_q20_q50_q80	G1	GL261	RIPTiDe	training_samples=setx1,setx2	0
weighted_q20_q50_q80	G1	GL261	RIPTiDe	training_samples=setx1,setx2,setx3	2
weighted_q20_q50_q80	G1	GL261	RIPTiDe	training_samples=setx1,setx3	1
weighted_q20_q50_q80	G1	GL261	RIPTiDe	training_samples=setx2,setx3	2
weighted_q20_q50_q80	G1	GL261	iMAT	training_samples=setx1,setx2	0
weighted_q20_q50_q80	G1	GL261	iMAT	training_samples=setx1,setx2,setx3	0
weighted_q20_q50_q80	G1	GL261	iMAT	training_samples=setx1,setx3	1
weighted_q20_q50_q80	G1	GL261	iMAT	training_samples=setx2,setx3	0
weighted_q20_q50_q80	G2	GL261	CORDA	training_samples=setx1,setx2	2
weighted_q20_q50_q80	G2	GL261	CORDA	training_samples=setx1,setx2,setx3	1
weighted_q20_q50_q80	G2	GL261	CORDA	training_samples=setx1,setx3	2
weighted_q20_q50_q80	G2	GL261	CORDA	training_samples=setx2,setx3	2
weighted_q20_q50_q80	G2	GL261	GIMME	training_samples=setx1,setx2	2
weighted_q20_q50_q80	G2	GL261	GIMME	training_samples=setx1,setx2,setx3	1
weighted_q20_q50_q80	G2	GL261	GIMME	training_samples=setx1,setx3	2
weighted_q20_q50_q80	G2	GL261	GIMME	training_samples=setx2,setx3	0
weighted_q20_q50_q80	G2	GL261	RIPTiDe	training_samples=setx1,setx2	0
weighted_q20_q50_q80	G2	GL261	RIPTiDe	training_samples=setx1,setx2,setx3	0
weighted_q20_q50_q80	G2	GL261	RIPTiDe	training_samples=setx1,setx3	0
weighted_q20_q50_q80	G2	GL261	RIPTiDe	training_samples=setx2,setx3	0
weighted_q20_q50_q80	G2	GL261	iMAT	training_samples=setx1,setx2	2
weighted_q20_q50_q80	G2	GL261	iMAT	training_samples=setx1,setx2,setx3	2
weighted_q20_q50_q80	G2	GL261	iMAT	training_samples=setx1,setx3	2
weighted_q20_q50_q80	G2	GL261	iMAT	training_samples=setx2,setx3	2
weighted_q20_q50_q80	G3	GL261	CORDA	training_samples=setx1,setx2	0
weighted_q20_q50_q80	G3	GL261	CORDA	training_samples=setx1,setx2,setx3	2
weighted_q20_q50_q80	G3	GL261	CORDA	training_samples=setx1,setx3	2
weighted_q20_q50_q80	G3	GL261	CORDA	training_samples=setx2,setx3	2
weighted_q20_q50_q80	G3	GL261	GIMME	training_samples=setx1,setx2	2
weighted_q20_q50_q80	G3	GL261	GIMME	training_samples=setx1,setx2,setx3	2
weighted_q20_q50_q80	G3	GL261	GIMME	training_samples=setx1,setx3	2
weighted_q20_q50_q80	G3	GL261	GIMME	training_samples=setx2,setx3	2
weighted_q20_q50_q80	G3	GL261	RIPTiDe	training_samples=setx1,setx2	0
weighted_q20_q50_q80	G3	GL261	RIPTiDe	training_samples=setx1,setx2,setx3	2
weighted_q20_q50_q80	G3	GL261	RIPTiDe	training_samples=setx1,setx3	1
weighted_q20_q50_q80	G3	GL261	RIPTiDe	training_samples=setx2,setx3	2
weighted_q20_q50_q80	G3	GL261	iMAT	training_samples=setx1,setx2	0
weighted_q20_q50_q80	G3	GL261	iMAT	training_samples=setx1,setx2,setx3	2
weighted_q20_q50_q80	G3	GL261	iMAT	training_samples=setx1,setx3	0
weighted_q20_q50_q80	G3	GL261	iMAT	training_samples=setx2,setx3	2
weighted_q20_q50_q80	G4	GL261	CORDA	training_samples=setx1,setx2	2
weighted_q20_q50_q80	G4	GL261	CORDA	training_samples=setx1,setx2,setx3	0
weighted_q20_q50_q80	G4	GL261	CORDA	training_samples=setx1,setx3	2
weighted_q20_q50_q80	G4	GL261	CORDA	training_samples=setx2,setx3	2
weighted_q20_q50_q80	G4	GL261	GIMME	training_samples=setx1,setx2	0
weighted_q20_q50_q80	G4	GL261	GIMME	training_samples=setx1,setx2,setx3	2
weighted_q20_q50_q80	G4	GL261	GIMME	training_samples=setx1,setx3	1
weighted_q20_q50_q80	G4	GL261	GIMME	training_samples=setx2,setx3	2
weighted_q20_q50_q80	G4	GL261	RIPTiDe	training_samples=setx1,setx2	0
weighted_q20_q50_q80	G4	GL261	RIPTiDe	training_samples=setx1,setx2,setx3	2
weighted_q20_q50_q80	G4	GL261	RIPTiDe	training_samples=setx1,setx3	1
weighted_q20_q50_q80	G4	GL261	RIPTiDe	training_samples=setx2,setx3	2
weighted_q20_q50_q80	G4	GL261	iMAT	training_samples=setx1,setx2	1
weighted_q20_q50_q80	G4	GL261	iMAT	training_samples=setx1,setx2,setx3	1
weighted_q20_q50_q80	G4	GL261	iMAT	training_samples=setx1,setx3	1
weighted_q20_q50_q80	G4	GL261	iMAT	training_samples=setx2,setx3	0
weighted_q20_q50_q80	G5	GL261	CORDA	training_samples=setx1,setx2	2
weighted_q20_q50_q80	G5	GL261	CORDA	training_samples=setx1,setx2,setx3	2
weighted_q20_q50_q80	G5	GL261	CORDA	training_samples=setx1,setx3	2
weighted_q20_q50_q80	G5	GL261	CORDA	training_samples=setx2,setx3	2
weighted_q20_q50_q80	G5	GL261	GIMME	training_samples=setx1,setx2	2
weighted_q20_q50_q80	G5	GL261	GIMME	training_samples=setx1,setx2,setx3	0
weighted_q20_q50_q80	G5	GL261	GIMME	training_samples=setx1,setx3	2
weighted_q20_q50_q80	G5	GL261	GIMME	training_samples=setx2,setx3	0
weighted_q20_q50_q80	G5	GL261	RIPTiDe	training_samples=setx1,setx2	0
weighted_q20_q50_q80	G5	GL261	RIPTiDe	training_samples=setx1,setx2,setx3	0
weighted_q20_q50_q80	G5	GL261	RIPTiDe	training_samples=setx1,setx3	1
weighted_q20_q50_q80	G5	GL261	RIPTiDe	training_samples=setx2,setx3	1
weighted_q20_q50_q80	G5	GL261	iMAT	training_samples=setx1,setx2	2
weighted_q20_q50_q80	G5	GL261	iMAT	training_samples=setx1,setx2,setx3	2
weighted_q20_q50_q80	G5	GL261	iMAT	training_samples=setx1,setx3	2
weighted_q20_q50_q80	G5	GL261	iMAT	training_samples=setx2,setx3	2
weighted_random_seed_20271028	C1	CT2A	CORDA	training_samples=setx1,setx2	2
weighted_random_seed_20271028	C1	CT2A	CORDA	training_samples=setx1,setx2,setx3	2
weighted_random_seed_20271028	C1	CT2A	CORDA	training_samples=setx1,setx3	1
weighted_random_seed_20271028	C1	CT2A	CORDA	training_samples=setx2,setx3	2
weighted_random_seed_20271028	C1	CT2A	GIMME	training_samples=setx1,setx2	2
weighted_random_seed_20271028	C1	CT2A	GIMME	training_samples=setx1,setx2,setx3	2
weighted_random_seed_20271028	C1	CT2A	GIMME	training_samples=setx1,setx3	0
weighted_random_seed_20271028	C1	CT2A	GIMME	training_samples=setx2,setx3	1
weighted_random_seed_20271028	C1	CT2A	RIPTiDe	training_samples=setx1,setx2	1
weighted_random_seed_20271028	C1	CT2A	RIPTiDe	training_samples=setx1,setx2,setx3	2
weighted_random_seed_20271028	C1	CT2A	RIPTiDe	training_samples=setx1,setx3	2
weighted_random_seed_20271028	C1	CT2A	RIPTiDe	training_samples=setx2,setx3	2
weighted_random_seed_20271028	C1	CT2A	iMAT	training_samples=setx1,setx2	2
weighted_random_seed_20271028	C1	CT2A	iMAT	training_samples=setx1,setx2,setx3	2
weighted_random_seed_20271028	C1	CT2A	iMAT	training_samples=setx1,setx3	0
weighted_random_seed_20271028	C1	CT2A	iMAT	training_samples=setx2,setx3	2
weighted_random_seed_20271028	C2	CT2A	CORDA	training_samples=setx1,setx2	2
weighted_random_seed_20271028	C2	CT2A	CORDA	training_samples=setx1,setx2,setx3	2
weighted_random_seed_20271028	C2	CT2A	CORDA	training_samples=setx1,setx3	2
weighted_random_seed_20271028	C2	CT2A	CORDA	training_samples=setx2,setx3	2
weighted_random_seed_20271028	C2	CT2A	GIMME	training_samples=setx1,setx2	2
weighted_random_seed_20271028	C2	CT2A	GIMME	training_samples=setx1,setx2,setx3	1
weighted_random_seed_20271028	C2	CT2A	GIMME	training_samples=setx1,setx3	2
weighted_random_seed_20271028	C2	CT2A	GIMME	training_samples=setx2,setx3	2
weighted_random_seed_20271028	C2	CT2A	RIPTiDe	training_samples=setx1,setx2	1
weighted_random_seed_20271028	C2	CT2A	RIPTiDe	training_samples=setx1,setx2,setx3	0
weighted_random_seed_20271028	C2	CT2A	RIPTiDe	training_samples=setx1,setx3	0
weighted_random_seed_20271028	C2	CT2A	RIPTiDe	training_samples=setx2,setx3	2
weighted_random_seed_20271028	C2	CT2A	iMAT	training_samples=setx1,setx2	1
weighted_random_seed_20271028	C2	CT2A	iMAT	training_samples=setx1,setx2,setx3	2
weighted_random_seed_20271028	C2	CT2A	iMAT	training_samples=setx1,setx3	2
weighted_random_seed_20271028	C2	CT2A	iMAT	training_samples=setx2,setx3	2
weighted_random_seed_20271028	C3	CT2A	CORDA	training_samples=setx1,setx2	2
weighted_random_seed_20271028	C3	CT2A	CORDA	training_samples=setx1,setx2,setx3	1
weighted_random_seed_20271028	C3	CT2A	CORDA	training_samples=setx1,setx3	2
weighted_random_seed_20271028	C3	CT2A	CORDA	training_samples=setx2,setx3	1
weighted_random_seed_20271028	C3	CT2A	GIMME	training_samples=setx1,setx2	1
weighted_random_seed_20271028	C3	CT2A	GIMME	training_samples=setx1,setx2,setx3	1
weighted_random_seed_20271028	C3	CT2A	GIMME	training_samples=setx1,setx3	2
weighted_random_seed_20271028	C3	CT2A	GIMME	training_samples=setx2,setx3	2
weighted_random_seed_20271028	C3	CT2A	RIPTiDe	training_samples=setx1,setx2	1
weighted_random_seed_20271028	C3	CT2A	RIPTiDe	training_samples=setx1,setx2,setx3	0
weighted_random_seed_20271028	C3	CT2A	RIPTiDe	training_samples=setx1,setx3	1
weighted_random_seed_20271028	C3	CT2A	RIPTiDe	training_samples=setx2,setx3	0
weighted_random_seed_20271028	C3	CT2A	iMAT	training_samples=setx1,setx2	2
weighted_random_seed_20271028	C3	CT2A	iMAT	training_samples=setx1,setx2,setx3	2
weighted_random_seed_20271028	C3	CT2A	iMAT	training_samples=setx1,setx3	2
weighted_random_seed_20271028	C3	CT2A	iMAT	training_samples=setx2,setx3	2
weighted_random_seed_20271028	C4	CT2A	CORDA	training_samples=setx1,setx2	1
weighted_random_seed_20271028	C4	CT2A	CORDA	training_samples=setx1,setx2,setx3	1
weighted_random_seed_20271028	C4	CT2A	CORDA	training_samples=setx1,setx3	2
weighted_random_seed_20271028	C4	CT2A	CORDA	training_samples=setx2,setx3	1
weighted_random_seed_20271028	C4	CT2A	GIMME	training_samples=setx1,setx2	1
weighted_random_seed_20271028	C4	CT2A	GIMME	training_samples=setx1,setx2,setx3	1
weighted_random_seed_20271028	C4	CT2A	GIMME	training_samples=setx1,setx3	2
weighted_random_seed_20271028	C4	CT2A	GIMME	training_samples=setx2,setx3	0
weighted_random_seed_20271028	C4	CT2A	RIPTiDe	training_samples=setx1,setx2	1
weighted_random_seed_20271028	C4	CT2A	RIPTiDe	training_samples=setx1,setx2,setx3	2
weighted_random_seed_20271028	C4	CT2A	RIPTiDe	training_samples=setx1,setx3	2
weighted_random_seed_20271028	C4	CT2A	RIPTiDe	training_samples=setx2,setx3	2
weighted_random_seed_20271028	C4	CT2A	iMAT	training_samples=setx1,setx2	0
weighted_random_seed_20271028	C4	CT2A	iMAT	training_samples=setx1,setx2,setx3	1
weighted_random_seed_20271028	C4	CT2A	iMAT	training_samples=setx1,setx3	2
weighted_random_seed_20271028	C4	CT2A	iMAT	training_samples=setx2,setx3	2
weighted_random_seed_20271028	C5	CT2A	CORDA	training_samples=setx1,setx2	2
weighted_random_seed_20271028	C5	CT2A	CORDA	training_samples=setx1,setx2,setx3	0
weighted_random_seed_20271028	C5	CT2A	CORDA	training_samples=setx1,setx3	0
weighted_random_seed_20271028	C5	CT2A	CORDA	training_samples=setx2,setx3	2
weighted_random_seed_20271028	C5	CT2A	GIMME	training_samples=setx1,setx2	2
weighted_random_seed_20271028	C5	CT2A	GIMME	training_samples=setx1,setx2,setx3	2
weighted_random_seed_20271028	C5	CT2A	GIMME	training_samples=setx1,setx3	0
weighted_random_seed_20271028	C5	CT2A	GIMME	training_samples=setx2,setx3	2
weighted_random_seed_20271028	C5	CT2A	RIPTiDe	training_samples=setx1,setx2	2
weighted_random_seed_20271028	C5	CT2A	RIPTiDe	training_samples=setx1,setx2,setx3	2
weighted_random_seed_20271028	C5	CT2A	RIPTiDe	training_samples=setx1,setx3	2
weighted_random_seed_20271028	C5	CT2A	RIPTiDe	training_samples=setx2,setx3	2
weighted_random_seed_20271028	C5	CT2A	iMAT	training_samples=setx1,setx2	1
weighted_random_seed_20271028	C5	CT2A	iMAT	training_samples=setx1,setx2,setx3	2
weighted_random_seed_20271028	C5	CT2A	iMAT	training_samples=setx1,setx3	1
weighted_random_seed_20271028	C5	CT2A	iMAT	training_samples=setx2,setx3	0
weighted_random_seed_20271028	G1	GL261	CORDA	training_samples=setx1,setx2	1
weighted_random_seed_20271028	G1	GL261	CORDA	training_samples=setx1,setx2,setx3	2
weighted_random_seed_20271028	G1	GL261	CORDA	training_samples=setx1,setx3	2
weighted_random_seed_20271028	G1	GL261	CORDA	training_samples=setx2,setx3	2
weighted_random_seed_20271028	G1	GL261	GIMME	training_samples=setx1,setx2	2
weighted_random_seed_20271028	G1	GL261	GIMME	training_samples=setx1,setx2,setx3	2
weighted_random_seed_20271028	G1	GL261	GIMME	training_samples=setx1,setx3	2
weighted_random_seed_20271028	G1	GL261	GIMME	training_samples=setx2,setx3	2
weighted_random_seed_20271028	G1	GL261	RIPTiDe	training_samples=setx1,setx2	0
weighted_random_seed_20271028	G1	GL261	RIPTiDe	training_samples=setx1,setx2,setx3	2
weighted_random_seed_20271028	G1	GL261	RIPTiDe	training_samples=setx1,setx3	1
weighted_random_seed_20271028	G1	GL261	RIPTiDe	training_samples=setx2,setx3	2
weighted_random_seed_20271028	G1	GL261	iMAT	training_samples=setx1,setx2	1
weighted_random_seed_20271028	G1	GL261	iMAT	training_samples=setx1,setx2,setx3	0
weighted_random_seed_20271028	G1	GL261	iMAT	training_samples=setx1,setx3	1
weighted_random_seed_20271028	G1	GL261	iMAT	training_samples=setx2,setx3	1
weighted_random_seed_20271028	G2	GL261	CORDA	training_samples=setx1,setx2	2
weighted_random_seed_20271028	G2	GL261	CORDA	training_samples=setx1,setx2,setx3	1
weighted_random_seed_20271028	G2	GL261	CORDA	training_samples=setx1,setx3	2
weighted_random_seed_20271028	G2	GL261	CORDA	training_samples=setx2,setx3	2
weighted_random_seed_20271028	G2	GL261	GIMME	training_samples=setx1,setx2	2
weighted_random_seed_20271028	G2	GL261	GIMME	training_samples=setx1,setx2,setx3	2
weighted_random_seed_20271028	G2	GL261	GIMME	training_samples=setx1,setx3	2
weighted_random_seed_20271028	G2	GL261	GIMME	training_samples=setx2,setx3	1
weighted_random_seed_20271028	G2	GL261	RIPTiDe	training_samples=setx1,setx2	0
weighted_random_seed_20271028	G2	GL261	RIPTiDe	training_samples=setx1,setx2,setx3	1
weighted_random_seed_20271028	G2	GL261	RIPTiDe	training_samples=setx1,setx3	0
weighted_random_seed_20271028	G2	GL261	RIPTiDe	training_samples=setx2,setx3	0
weighted_random_seed_20271028	G2	GL261	iMAT	training_samples=setx1,setx2	2
weighted_random_seed_20271028	G2	GL261	iMAT	training_samples=setx1,setx2,setx3	2
weighted_random_seed_20271028	G2	GL261	iMAT	training_samples=setx1,setx3	2
weighted_random_seed_20271028	G2	GL261	iMAT	training_samples=setx2,setx3	2
weighted_random_seed_20271028	G3	GL261	CORDA	training_samples=setx1,setx2	1
weighted_random_seed_20271028	G3	GL261	CORDA	training_samples=setx1,setx2,setx3	2
weighted_random_seed_20271028	G3	GL261	CORDA	training_samples=setx1,setx3	2
weighted_random_seed_20271028	G3	GL261	CORDA	training_samples=setx2,setx3	2
weighted_random_seed_20271028	G3	GL261	GIMME	training_samples=setx1,setx2	1
weighted_random_seed_20271028	G3	GL261	GIMME	training_samples=setx1,setx2,setx3	2
weighted_random_seed_20271028	G3	GL261	GIMME	training_samples=setx1,setx3	2
weighted_random_seed_20271028	G3	GL261	GIMME	training_samples=setx2,setx3	2
weighted_random_seed_20271028	G3	GL261	RIPTiDe	training_samples=setx1,setx2	1
weighted_random_seed_20271028	G3	GL261	RIPTiDe	training_samples=setx1,setx2,setx3	2
weighted_random_seed_20271028	G3	GL261	RIPTiDe	training_samples=setx1,setx3	1
weighted_random_seed_20271028	G3	GL261	RIPTiDe	training_samples=setx2,setx3	1
weighted_random_seed_20271028	G3	GL261	iMAT	training_samples=setx1,setx2	0
weighted_random_seed_20271028	G3	GL261	iMAT	training_samples=setx1,setx2,setx3	1
weighted_random_seed_20271028	G3	GL261	iMAT	training_samples=setx1,setx3	2
weighted_random_seed_20271028	G3	GL261	iMAT	training_samples=setx2,setx3	2
weighted_random_seed_20271028	G4	GL261	CORDA	training_samples=setx1,setx2	2
weighted_random_seed_20271028	G4	GL261	CORDA	training_samples=setx1,setx2,setx3	0
weighted_random_seed_20271028	G4	GL261	CORDA	training_samples=setx1,setx3	2
weighted_random_seed_20271028	G4	GL261	CORDA	training_samples=setx2,setx3	2
weighted_random_seed_20271028	G4	GL261	GIMME	training_samples=setx1,setx2	1
weighted_random_seed_20271028	G4	GL261	GIMME	training_samples=setx1,setx2,setx3	2
weighted_random_seed_20271028	G4	GL261	GIMME	training_samples=setx1,setx3	2
weighted_random_seed_20271028	G4	GL261	GIMME	training_samples=setx2,setx3	2
weighted_random_seed_20271028	G4	GL261	RIPTiDe	training_samples=setx1,setx2	0
weighted_random_seed_20271028	G4	GL261	RIPTiDe	training_samples=setx1,setx2,setx3	2
weighted_random_seed_20271028	G4	GL261	RIPTiDe	training_samples=setx1,setx3	1
weighted_random_seed_20271028	G4	GL261	RIPTiDe	training_samples=setx2,setx3	2
weighted_random_seed_20271028	G4	GL261	iMAT	training_samples=setx1,setx2	1
weighted_random_seed_20271028	G4	GL261	iMAT	training_samples=setx1,setx2,setx3	1
weighted_random_seed_20271028	G4	GL261	iMAT	training_samples=setx1,setx3	2
weighted_random_seed_20271028	G4	GL261	iMAT	training_samples=setx2,setx3	1
weighted_random_seed_20271028	G5	GL261	CORDA	training_samples=setx1,setx2	2
weighted_random_seed_20271028	G5	GL261	CORDA	training_samples=setx1,setx2,setx3	2
weighted_random_seed_20271028	G5	GL261	CORDA	training_samples=setx1,setx3	2
weighted_random_seed_20271028	G5	GL261	CORDA	training_samples=setx2,setx3	2
weighted_random_seed_20271028	G5	GL261	GIMME	training_samples=setx1,setx2	2
weighted_random_seed_20271028	G5	GL261	GIMME	training_samples=setx1,setx2,setx3	0
weighted_random_seed_20271028	G5	GL261	GIMME	training_samples=setx1,setx3	2
weighted_random_seed_20271028	G5	GL261	GIMME	training_samples=setx2,setx3	0
weighted_random_seed_20271028	G5	GL261	RIPTiDe	training_samples=setx1,setx2	1
weighted_random_seed_20271028	G5	GL261	RIPTiDe	training_samples=setx1,setx2,setx3	0
weighted_random_seed_20271028	G5	GL261	RIPTiDe	training_samples=setx1,setx3	1
weighted_random_seed_20271028	G5	GL261	RIPTiDe	training_samples=setx2,setx3	1
weighted_random_seed_20271028	G5	GL261	iMAT	training_samples=setx1,setx2	2
weighted_random_seed_20271028	G5	GL261	iMAT	training_samples=setx1,setx2,setx3	2
weighted_random_seed_20271028	G5	GL261	iMAT	training_samples=setx1,setx3	2
weighted_random_seed_20271028	G5	GL261	iMAT	training_samples=setx2,setx3	2
weighted_random_seed_20271029	C1	CT2A	CORDA	training_samples=setx1,setx2	2
weighted_random_seed_20271029	C1	CT2A	CORDA	training_samples=setx1,setx2,setx3	1
weighted_random_seed_20271029	C1	CT2A	CORDA	training_samples=setx1,setx3	1
weighted_random_seed_20271029	C1	CT2A	CORDA	training_samples=setx2,setx3	1
weighted_random_seed_20271029	C1	CT2A	GIMME	training_samples=setx1,setx2	2
weighted_random_seed_20271029	C1	CT2A	GIMME	training_samples=setx1,setx2,setx3	2
weighted_random_seed_20271029	C1	CT2A	GIMME	training_samples=setx1,setx3	0
weighted_random_seed_20271029	C1	CT2A	GIMME	training_samples=setx2,setx3	2
weighted_random_seed_20271029	C1	CT2A	RIPTiDe	training_samples=setx1,setx2	1
weighted_random_seed_20271029	C1	CT2A	RIPTiDe	training_samples=setx1,setx2,setx3	2
weighted_random_seed_20271029	C1	CT2A	RIPTiDe	training_samples=setx1,setx3	2
weighted_random_seed_20271029	C1	CT2A	RIPTiDe	training_samples=setx2,setx3	2
weighted_random_seed_20271029	C1	CT2A	iMAT	training_samples=setx1,setx2	2
weighted_random_seed_20271029	C1	CT2A	iMAT	training_samples=setx1,setx2,setx3	2
weighted_random_seed_20271029	C1	CT2A	iMAT	training_samples=setx1,setx3	1
weighted_random_seed_20271029	C1	CT2A	iMAT	training_samples=setx2,setx3	2
weighted_random_seed_20271029	C2	CT2A	CORDA	training_samples=setx1,setx2	2
weighted_random_seed_20271029	C2	CT2A	CORDA	training_samples=setx1,setx2,setx3	2
weighted_random_seed_20271029	C2	CT2A	CORDA	training_samples=setx1,setx3	2
weighted_random_seed_20271029	C2	CT2A	CORDA	training_samples=setx2,setx3	2
weighted_random_seed_20271029	C2	CT2A	GIMME	training_samples=setx1,setx2	1
weighted_random_seed_20271029	C2	CT2A	GIMME	training_samples=setx1,setx2,setx3	1
weighted_random_seed_20271029	C2	CT2A	GIMME	training_samples=setx1,setx3	2
weighted_random_seed_20271029	C2	CT2A	GIMME	training_samples=setx2,setx3	2
weighted_random_seed_20271029	C2	CT2A	RIPTiDe	training_samples=setx1,setx2	1
weighted_random_seed_20271029	C2	CT2A	RIPTiDe	training_samples=setx1,setx2,setx3	1
weighted_random_seed_20271029	C2	CT2A	RIPTiDe	training_samples=setx1,setx3	1
weighted_random_seed_20271029	C2	CT2A	RIPTiDe	training_samples=setx2,setx3	1
weighted_random_seed_20271029	C2	CT2A	iMAT	training_samples=setx1,setx2	1
weighted_random_seed_20271029	C2	CT2A	iMAT	training_samples=setx1,setx2,setx3	2
weighted_random_seed_20271029	C2	CT2A	iMAT	training_samples=setx1,setx3	2
weighted_random_seed_20271029	C2	CT2A	iMAT	training_samples=setx2,setx3	1
weighted_random_seed_20271029	C3	CT2A	CORDA	training_samples=setx1,setx2	2
weighted_random_seed_20271029	C3	CT2A	CORDA	training_samples=setx1,setx2,setx3	1
weighted_random_seed_20271029	C3	CT2A	CORDA	training_samples=setx1,setx3	2
weighted_random_seed_20271029	C3	CT2A	CORDA	training_samples=setx2,setx3	2
weighted_random_seed_20271029	C3	CT2A	GIMME	training_samples=setx1,setx2	1
weighted_random_seed_20271029	C3	CT2A	GIMME	training_samples=setx1,setx2,setx3	1
weighted_random_seed_20271029	C3	CT2A	GIMME	training_samples=setx1,setx3	2
weighted_random_seed_20271029	C3	CT2A	GIMME	training_samples=setx2,setx3	2
weighted_random_seed_20271029	C3	CT2A	RIPTiDe	training_samples=setx1,setx2	1
weighted_random_seed_20271029	C3	CT2A	RIPTiDe	training_samples=setx1,setx2,setx3	0
weighted_random_seed_20271029	C3	CT2A	RIPTiDe	training_samples=setx1,setx3	1
weighted_random_seed_20271029	C3	CT2A	RIPTiDe	training_samples=setx2,setx3	0
weighted_random_seed_20271029	C3	CT2A	iMAT	training_samples=setx1,setx2	1
weighted_random_seed_20271029	C3	CT2A	iMAT	training_samples=setx1,setx2,setx3	2
weighted_random_seed_20271029	C3	CT2A	iMAT	training_samples=setx1,setx3	2
weighted_random_seed_20271029	C3	CT2A	iMAT	training_samples=setx2,setx3	2
weighted_random_seed_20271029	C4	CT2A	CORDA	training_samples=setx1,setx2	1
weighted_random_seed_20271029	C4	CT2A	CORDA	training_samples=setx1,setx2,setx3	1
weighted_random_seed_20271029	C4	CT2A	CORDA	training_samples=setx1,setx3	2
weighted_random_seed_20271029	C4	CT2A	CORDA	training_samples=setx2,setx3	1
weighted_random_seed_20271029	C4	CT2A	GIMME	training_samples=setx1,setx2	1
weighted_random_seed_20271029	C4	CT2A	GIMME	training_samples=setx1,setx2,setx3	2
weighted_random_seed_20271029	C4	CT2A	GIMME	training_samples=setx1,setx3	2
weighted_random_seed_20271029	C4	CT2A	GIMME	training_samples=setx2,setx3	0
weighted_random_seed_20271029	C4	CT2A	RIPTiDe	training_samples=setx1,setx2	2
weighted_random_seed_20271029	C4	CT2A	RIPTiDe	training_samples=setx1,setx2,setx3	2
weighted_random_seed_20271029	C4	CT2A	RIPTiDe	training_samples=setx1,setx3	2
weighted_random_seed_20271029	C4	CT2A	RIPTiDe	training_samples=setx2,setx3	2
weighted_random_seed_20271029	C4	CT2A	iMAT	training_samples=setx1,setx2	1
weighted_random_seed_20271029	C4	CT2A	iMAT	training_samples=setx1,setx2,setx3	1
weighted_random_seed_20271029	C4	CT2A	iMAT	training_samples=setx1,setx3	2
weighted_random_seed_20271029	C4	CT2A	iMAT	training_samples=setx2,setx3	0
weighted_random_seed_20271029	C5	CT2A	CORDA	training_samples=setx1,setx2	2
weighted_random_seed_20271029	C5	CT2A	CORDA	training_samples=setx1,setx2,setx3	1
weighted_random_seed_20271029	C5	CT2A	CORDA	training_samples=setx1,setx3	1
weighted_random_seed_20271029	C5	CT2A	CORDA	training_samples=setx2,setx3	2
weighted_random_seed_20271029	C5	CT2A	GIMME	training_samples=setx1,setx2	2
weighted_random_seed_20271029	C5	CT2A	GIMME	training_samples=setx1,setx2,setx3	2
weighted_random_seed_20271029	C5	CT2A	GIMME	training_samples=setx1,setx3	1
weighted_random_seed_20271029	C5	CT2A	GIMME	training_samples=setx2,setx3	2
weighted_random_seed_20271029	C5	CT2A	RIPTiDe	training_samples=setx1,setx2	2
weighted_random_seed_20271029	C5	CT2A	RIPTiDe	training_samples=setx1,setx2,setx3	2
weighted_random_seed_20271029	C5	CT2A	RIPTiDe	training_samples=setx1,setx3	2
weighted_random_seed_20271029	C5	CT2A	RIPTiDe	training_samples=setx2,setx3	2
weighted_random_seed_20271029	C5	CT2A	iMAT	training_samples=setx1,setx2	1
weighted_random_seed_20271029	C5	CT2A	iMAT	training_samples=setx1,setx2,setx3	1
weighted_random_seed_20271029	C5	CT2A	iMAT	training_samples=setx1,setx3	1
weighted_random_seed_20271029	C5	CT2A	iMAT	training_samples=setx2,setx3	1
weighted_random_seed_20271029	G1	GL261	CORDA	training_samples=setx1,setx2	2
weighted_random_seed_20271029	G1	GL261	CORDA	training_samples=setx1,setx2,setx3	1
weighted_random_seed_20271029	G1	GL261	CORDA	training_samples=setx1,setx3	1
weighted_random_seed_20271029	G1	GL261	CORDA	training_samples=setx2,setx3	2
weighted_random_seed_20271029	G1	GL261	GIMME	training_samples=setx1,setx2	2
weighted_random_seed_20271029	G1	GL261	GIMME	training_samples=setx1,setx2,setx3	2
weighted_random_seed_20271029	G1	GL261	GIMME	training_samples=setx1,setx3	2
weighted_random_seed_20271029	G1	GL261	GIMME	training_samples=setx2,setx3	2
weighted_random_seed_20271029	G1	GL261	RIPTiDe	training_samples=setx1,setx2	2
weighted_random_seed_20271029	G1	GL261	RIPTiDe	training_samples=setx1,setx2,setx3	2
weighted_random_seed_20271029	G1	GL261	RIPTiDe	training_samples=setx1,setx3	1
weighted_random_seed_20271029	G1	GL261	RIPTiDe	training_samples=setx2,setx3	2
weighted_random_seed_20271029	G1	GL261	iMAT	training_samples=setx1,setx2	1
weighted_random_seed_20271029	G1	GL261	iMAT	training_samples=setx1,setx2,setx3	1
weighted_random_seed_20271029	G1	GL261	iMAT	training_samples=setx1,setx3	2
weighted_random_seed_20271029	G1	GL261	iMAT	training_samples=setx2,setx3	0
weighted_random_seed_20271029	G2	GL261	CORDA	training_samples=setx1,setx2	2
weighted_random_seed_20271029	G2	GL261	CORDA	training_samples=setx1,setx2,setx3	1
weighted_random_seed_20271029	G2	GL261	CORDA	training_samples=setx1,setx3	2
weighted_random_seed_20271029	G2	GL261	CORDA	training_samples=setx2,setx3	2
weighted_random_seed_20271029	G2	GL261	GIMME	training_samples=setx1,setx2	2
weighted_random_seed_20271029	G2	GL261	GIMME	training_samples=setx1,setx2,setx3	2
weighted_random_seed_20271029	G2	GL261	GIMME	training_samples=setx1,setx3	2
weighted_random_seed_20271029	G2	GL261	GIMME	training_samples=setx2,setx3	1
weighted_random_seed_20271029	G2	GL261	RIPTiDe	training_samples=setx1,setx2	1
weighted_random_seed_20271029	G2	GL261	RIPTiDe	training_samples=setx1,setx2,setx3	0
weighted_random_seed_20271029	G2	GL261	RIPTiDe	training_samples=setx1,setx3	0
weighted_random_seed_20271029	G2	GL261	RIPTiDe	training_samples=setx2,setx3	0
weighted_random_seed_20271029	G2	GL261	iMAT	training_samples=setx1,setx2	2
weighted_random_seed_20271029	G2	GL261	iMAT	training_samples=setx1,setx2,setx3	2
weighted_random_seed_20271029	G2	GL261	iMAT	training_samples=setx1,setx3	2
weighted_random_seed_20271029	G2	GL261	iMAT	training_samples=setx2,setx3	2
weighted_random_seed_20271029	G3	GL261	CORDA	training_samples=setx1,setx2	1
weighted_random_seed_20271029	G3	GL261	CORDA	training_samples=setx1,setx2,setx3	2
weighted_random_seed_20271029	G3	GL261	CORDA	training_samples=setx1,setx3	1
weighted_random_seed_20271029	G3	GL261	CORDA	training_samples=setx2,setx3	2
weighted_random_seed_20271029	G3	GL261	GIMME	training_samples=setx1,setx2	2
weighted_random_seed_20271029	G3	GL261	GIMME	training_samples=setx1,setx2,setx3	2
weighted_random_seed_20271029	G3	GL261	GIMME	training_samples=setx1,setx3	2
weighted_random_seed_20271029	G3	GL261	GIMME	training_samples=setx2,setx3	2
weighted_random_seed_20271029	G3	GL261	RIPTiDe	training_samples=setx1,setx2	1
weighted_random_seed_20271029	G3	GL261	RIPTiDe	training_samples=setx1,setx2,setx3	1
weighted_random_seed_20271029	G3	GL261	RIPTiDe	training_samples=setx1,setx3	2
weighted_random_seed_20271029	G3	GL261	RIPTiDe	training_samples=setx2,setx3	2
weighted_random_seed_20271029	G3	GL261	iMAT	training_samples=setx1,setx2	0
weighted_random_seed_20271029	G3	GL261	iMAT	training_samples=setx1,setx2,setx3	1
weighted_random_seed_20271029	G3	GL261	iMAT	training_samples=setx1,setx3	1
weighted_random_seed_20271029	G3	GL261	iMAT	training_samples=setx2,setx3	2
weighted_random_seed_20271029	G4	GL261	CORDA	training_samples=setx1,setx2	2
weighted_random_seed_20271029	G4	GL261	CORDA	training_samples=setx1,setx2,setx3	0
weighted_random_seed_20271029	G4	GL261	CORDA	training_samples=setx1,setx3	2
weighted_random_seed_20271029	G4	GL261	CORDA	training_samples=setx2,setx3	2
weighted_random_seed_20271029	G4	GL261	GIMME	training_samples=setx1,setx2	1
weighted_random_seed_20271029	G4	GL261	GIMME	training_samples=setx1,setx2,setx3	2
weighted_random_seed_20271029	G4	GL261	GIMME	training_samples=setx1,setx3	2
weighted_random_seed_20271029	G4	GL261	GIMME	training_samples=setx2,setx3	2
weighted_random_seed_20271029	G4	GL261	RIPTiDe	training_samples=setx1,setx2	0
weighted_random_seed_20271029	G4	GL261	RIPTiDe	training_samples=setx1,setx2,setx3	2
weighted_random_seed_20271029	G4	GL261	RIPTiDe	training_samples=setx1,setx3	1
weighted_random_seed_20271029	G4	GL261	RIPTiDe	training_samples=setx2,setx3	2
weighted_random_seed_20271029	G4	GL261	iMAT	training_samples=setx1,setx2	1
weighted_random_seed_20271029	G4	GL261	iMAT	training_samples=setx1,setx2,setx3	1
weighted_random_seed_20271029	G4	GL261	iMAT	training_samples=setx1,setx3	1
weighted_random_seed_20271029	G4	GL261	iMAT	training_samples=setx2,setx3	0
weighted_random_seed_20271029	G5	GL261	CORDA	training_samples=setx1,setx2	2
weighted_random_seed_20271029	G5	GL261	CORDA	training_samples=setx1,setx2,setx3	2
weighted_random_seed_20271029	G5	GL261	CORDA	training_samples=setx1,setx3	2
weighted_random_seed_20271029	G5	GL261	CORDA	training_samples=setx2,setx3	2
weighted_random_seed_20271029	G5	GL261	GIMME	training_samples=setx1,setx2	2
weighted_random_seed_20271029	G5	GL261	GIMME	training_samples=setx1,setx2,setx3	1
weighted_random_seed_20271029	G5	GL261	GIMME	training_samples=setx1,setx3	2
weighted_random_seed_20271029	G5	GL261	GIMME	training_samples=setx2,setx3	0
weighted_random_seed_20271029	G5	GL261	RIPTiDe	training_samples=setx1,setx2	0
weighted_random_seed_20271029	G5	GL261	RIPTiDe	training_samples=setx1,setx2,setx3	0
weighted_random_seed_20271029	G5	GL261	RIPTiDe	training_samples=setx1,setx3	1
weighted_random_seed_20271029	G5	GL261	RIPTiDe	training_samples=setx2,setx3	2
weighted_random_seed_20271029	G5	GL261	iMAT	training_samples=setx1,setx2	2
weighted_random_seed_20271029	G5	GL261	iMAT	training_samples=setx1,setx2,setx3	2
weighted_random_seed_20271029	G5	GL261	iMAT	training_samples=setx1,setx3	2
weighted_random_seed_20271029	G5	GL261	iMAT	training_samples=setx2,setx3	2
weighted_random_seed_20271030	C1	CT2A	CORDA	training_samples=setx1,setx2	2
weighted_random_seed_20271030	C1	CT2A	CORDA	training_samples=setx1,setx2,setx3	1
weighted_random_seed_20271030	C1	CT2A	CORDA	training_samples=setx1,setx3	0
weighted_random_seed_20271030	C1	CT2A	CORDA	training_samples=setx2,setx3	2
weighted_random_seed_20271030	C1	CT2A	GIMME	training_samples=setx1,setx2	2
weighted_random_seed_20271030	C1	CT2A	GIMME	training_samples=setx1,setx2,setx3	1
weighted_random_seed_20271030	C1	CT2A	GIMME	training_samples=setx1,setx3	0
weighted_random_seed_20271030	C1	CT2A	GIMME	training_samples=setx2,setx3	1
weighted_random_seed_20271030	C1	CT2A	RIPTiDe	training_samples=setx1,setx2	1
weighted_random_seed_20271030	C1	CT2A	RIPTiDe	training_samples=setx1,setx2,setx3	2
weighted_random_seed_20271030	C1	CT2A	RIPTiDe	training_samples=setx1,setx3	2
weighted_random_seed_20271030	C1	CT2A	RIPTiDe	training_samples=setx2,setx3	2
weighted_random_seed_20271030	C1	CT2A	iMAT	training_samples=setx1,setx2	2
weighted_random_seed_20271030	C1	CT2A	iMAT	training_samples=setx1,setx2,setx3	2
weighted_random_seed_20271030	C1	CT2A	iMAT	training_samples=setx1,setx3	1
weighted_random_seed_20271030	C1	CT2A	iMAT	training_samples=setx2,setx3	2
weighted_random_seed_20271030	C2	CT2A	CORDA	training_samples=setx1,setx2	1
weighted_random_seed_20271030	C2	CT2A	CORDA	training_samples=setx1,setx2,setx3	1
weighted_random_seed_20271030	C2	CT2A	CORDA	training_samples=setx1,setx3	2
weighted_random_seed_20271030	C2	CT2A	CORDA	training_samples=setx2,setx3	2
weighted_random_seed_20271030	C2	CT2A	GIMME	training_samples=setx1,setx2	2
weighted_random_seed_20271030	C2	CT2A	GIMME	training_samples=setx1,setx2,setx3	0
weighted_random_seed_20271030	C2	CT2A	GIMME	training_samples=setx1,setx3	2
weighted_random_seed_20271030	C2	CT2A	GIMME	training_samples=setx2,setx3	2
weighted_random_seed_20271030	C2	CT2A	RIPTiDe	training_samples=setx1,setx2	1
weighted_random_seed_20271030	C2	CT2A	RIPTiDe	training_samples=setx1,setx2,setx3	1
weighted_random_seed_20271030	C2	CT2A	RIPTiDe	training_samples=setx1,setx3	1
weighted_random_seed_20271030	C2	CT2A	RIPTiDe	training_samples=setx2,setx3	2
weighted_random_seed_20271030	C2	CT2A	iMAT	training_samples=setx1,setx2	1
weighted_random_seed_20271030	C2	CT2A	iMAT	training_samples=setx1,setx2,setx3	2
weighted_random_seed_20271030	C2	CT2A	iMAT	training_samples=setx1,setx3	2
weighted_random_seed_20271030	C2	CT2A	iMAT	training_samples=setx2,setx3	2
weighted_random_seed_20271030	C3	CT2A	CORDA	training_samples=setx1,setx2	2
weighted_random_seed_20271030	C3	CT2A	CORDA	training_samples=setx1,setx2,setx3	2
weighted_random_seed_20271030	C3	CT2A	CORDA	training_samples=setx1,setx3	2
weighted_random_seed_20271030	C3	CT2A	CORDA	training_samples=setx2,setx3	1
weighted_random_seed_20271030	C3	CT2A	GIMME	training_samples=setx1,setx2	2
weighted_random_seed_20271030	C3	CT2A	GIMME	training_samples=setx1,setx2,setx3	2
weighted_random_seed_20271030	C3	CT2A	GIMME	training_samples=setx1,setx3	2
weighted_random_seed_20271030	C3	CT2A	GIMME	training_samples=setx2,setx3	2
weighted_random_seed_20271030	C3	CT2A	RIPTiDe	training_samples=setx1,setx2	1
weighted_random_seed_20271030	C3	CT2A	RIPTiDe	training_samples=setx1,setx2,setx3	0
weighted_random_seed_20271030	C3	CT2A	RIPTiDe	training_samples=setx1,setx3	1
weighted_random_seed_20271030	C3	CT2A	RIPTiDe	training_samples=setx2,setx3	0
weighted_random_seed_20271030	C3	CT2A	iMAT	training_samples=setx1,setx2	1
weighted_random_seed_20271030	C3	CT2A	iMAT	training_samples=setx1,setx2,setx3	2
weighted_random_seed_20271030	C3	CT2A	iMAT	training_samples=setx1,setx3	2
weighted_random_seed_20271030	C3	CT2A	iMAT	training_samples=setx2,setx3	2
weighted_random_seed_20271030	C4	CT2A	CORDA	training_samples=setx1,setx2	1
weighted_random_seed_20271030	C4	CT2A	CORDA	training_samples=setx1,setx2,setx3	0
weighted_random_seed_20271030	C4	CT2A	CORDA	training_samples=setx1,setx3	2
weighted_random_seed_20271030	C4	CT2A	CORDA	training_samples=setx2,setx3	1
weighted_random_seed_20271030	C4	CT2A	GIMME	training_samples=setx1,setx2	1
weighted_random_seed_20271030	C4	CT2A	GIMME	training_samples=setx1,setx2,setx3	2
weighted_random_seed_20271030	C4	CT2A	GIMME	training_samples=setx1,setx3	2
weighted_random_seed_20271030	C4	CT2A	GIMME	training_samples=setx2,setx3	1
weighted_random_seed_20271030	C4	CT2A	RIPTiDe	training_samples=setx1,setx2	1
weighted_random_seed_20271030	C4	CT2A	RIPTiDe	training_samples=setx1,setx2,setx3	2
weighted_random_seed_20271030	C4	CT2A	RIPTiDe	training_samples=setx1,setx3	2
weighted_random_seed_20271030	C4	CT2A	RIPTiDe	training_samples=setx2,setx3	2
weighted_random_seed_20271030	C4	CT2A	iMAT	training_samples=setx1,setx2	0
weighted_random_seed_20271030	C4	CT2A	iMAT	training_samples=setx1,setx2,setx3	2
weighted_random_seed_20271030	C4	CT2A	iMAT	training_samples=setx1,setx3	2
weighted_random_seed_20271030	C4	CT2A	iMAT	training_samples=setx2,setx3	1
weighted_random_seed_20271030	C5	CT2A	CORDA	training_samples=setx1,setx2	2
weighted_random_seed_20271030	C5	CT2A	CORDA	training_samples=setx1,setx2,setx3	2
weighted_random_seed_20271030	C5	CT2A	CORDA	training_samples=setx1,setx3	0
weighted_random_seed_20271030	C5	CT2A	CORDA	training_samples=setx2,setx3	1
weighted_random_seed_20271030	C5	CT2A	GIMME	training_samples=setx1,setx2	2
weighted_random_seed_20271030	C5	CT2A	GIMME	training_samples=setx1,setx2,setx3	2
weighted_random_seed_20271030	C5	CT2A	GIMME	training_samples=setx1,setx3	1
weighted_random_seed_20271030	C5	CT2A	GIMME	training_samples=setx2,setx3	1
weighted_random_seed_20271030	C5	CT2A	RIPTiDe	training_samples=setx1,setx2	2
weighted_random_seed_20271030	C5	CT2A	RIPTiDe	training_samples=setx1,setx2,setx3	2
weighted_random_seed_20271030	C5	CT2A	RIPTiDe	training_samples=setx1,setx3	2
weighted_random_seed_20271030	C5	CT2A	RIPTiDe	training_samples=setx2,setx3	2
weighted_random_seed_20271030	C5	CT2A	iMAT	training_samples=setx1,setx2	1
weighted_random_seed_20271030	C5	CT2A	iMAT	training_samples=setx1,setx2,setx3	1
weighted_random_seed_20271030	C5	CT2A	iMAT	training_samples=setx1,setx3	1
weighted_random_seed_20271030	C5	CT2A	iMAT	training_samples=setx2,setx3	2
weighted_random_seed_20271030	G1	GL261	CORDA	training_samples=setx1,setx2	1
weighted_random_seed_20271030	G1	GL261	CORDA	training_samples=setx1,setx2,setx3	1
weighted_random_seed_20271030	G1	GL261	CORDA	training_samples=setx1,setx3	2
weighted_random_seed_20271030	G1	GL261	CORDA	training_samples=setx2,setx3	2
weighted_random_seed_20271030	G1	GL261	GIMME	training_samples=setx1,setx2	2
weighted_random_seed_20271030	G1	GL261	GIMME	training_samples=setx1,setx2,setx3	2
weighted_random_seed_20271030	G1	GL261	GIMME	training_samples=setx1,setx3	2
weighted_random_seed_20271030	G1	GL261	GIMME	training_samples=setx2,setx3	2
weighted_random_seed_20271030	G1	GL261	RIPTiDe	training_samples=setx1,setx2	1
weighted_random_seed_20271030	G1	GL261	RIPTiDe	training_samples=setx1,setx2,setx3	2
weighted_random_seed_20271030	G1	GL261	RIPTiDe	training_samples=setx1,setx3	1
weighted_random_seed_20271030	G1	GL261	RIPTiDe	training_samples=setx2,setx3	2
weighted_random_seed_20271030	G1	GL261	iMAT	training_samples=setx1,setx2	2
weighted_random_seed_20271030	G1	GL261	iMAT	training_samples=setx1,setx2,setx3	0
weighted_random_seed_20271030	G1	GL261	iMAT	training_samples=setx1,setx3	1
weighted_random_seed_20271030	G1	GL261	iMAT	training_samples=setx2,setx3	0
weighted_random_seed_20271030	G2	GL261	CORDA	training_samples=setx1,setx2	2
weighted_random_seed_20271030	G2	GL261	CORDA	training_samples=setx1,setx2,setx3	2
weighted_random_seed_20271030	G2	GL261	CORDA	training_samples=setx1,setx3	2
weighted_random_seed_20271030	G2	GL261	CORDA	training_samples=setx2,setx3	2
weighted_random_seed_20271030	G2	GL261	GIMME	training_samples=setx1,setx2	2
weighted_random_seed_20271030	G2	GL261	GIMME	training_samples=setx1,setx2,setx3	1
weighted_random_seed_20271030	G2	GL261	GIMME	training_samples=setx1,setx3	2
weighted_random_seed_20271030	G2	GL261	GIMME	training_samples=setx2,setx3	1
weighted_random_seed_20271030	G2	GL261	RIPTiDe	training_samples=setx1,setx2	0
weighted_random_seed_20271030	G2	GL261	RIPTiDe	training_samples=setx1,setx2,setx3	0
weighted_random_seed_20271030	G2	GL261	RIPTiDe	training_samples=setx1,setx3	0
weighted_random_seed_20271030	G2	GL261	RIPTiDe	training_samples=setx2,setx3	0
weighted_random_seed_20271030	G2	GL261	iMAT	training_samples=setx1,setx2	2
weighted_random_seed_20271030	G2	GL261	iMAT	training_samples=setx1,setx2,setx3	2
weighted_random_seed_20271030	G2	GL261	iMAT	training_samples=setx1,setx3	2
weighted_random_seed_20271030	G2	GL261	iMAT	training_samples=setx2,setx3	2
weighted_random_seed_20271030	G3	GL261	CORDA	training_samples=setx1,setx2	0
weighted_random_seed_20271030	G3	GL261	CORDA	training_samples=setx1,setx2,setx3	2
weighted_random_seed_20271030	G3	GL261	CORDA	training_samples=setx1,setx3	2
weighted_random_seed_20271030	G3	GL261	CORDA	training_samples=setx2,setx3	2
weighted_random_seed_20271030	G3	GL261	GIMME	training_samples=setx1,setx2	2
weighted_random_seed_20271030	G3	GL261	GIMME	training_samples=setx1,setx2,setx3	2
weighted_random_seed_20271030	G3	GL261	GIMME	training_samples=setx1,setx3	2
weighted_random_seed_20271030	G3	GL261	GIMME	training_samples=setx2,setx3	2
weighted_random_seed_20271030	G3	GL261	RIPTiDe	training_samples=setx1,setx2	2
weighted_random_seed_20271030	G3	GL261	RIPTiDe	training_samples=setx1,setx2,setx3	1
weighted_random_seed_20271030	G3	GL261	RIPTiDe	training_samples=setx1,setx3	1
weighted_random_seed_20271030	G3	GL261	RIPTiDe	training_samples=setx2,setx3	2
weighted_random_seed_20271030	G3	GL261	iMAT	training_samples=setx1,setx2	1
weighted_random_seed_20271030	G3	GL261	iMAT	training_samples=setx1,setx2,setx3	2
weighted_random_seed_20271030	G3	GL261	iMAT	training_samples=setx1,setx3	1
weighted_random_seed_20271030	G3	GL261	iMAT	training_samples=setx2,setx3	2
weighted_random_seed_20271030	G4	GL261	CORDA	training_samples=setx1,setx2	2
weighted_random_seed_20271030	G4	GL261	CORDA	training_samples=setx1,setx2,setx3	1
weighted_random_seed_20271030	G4	GL261	CORDA	training_samples=setx1,setx3	2
weighted_random_seed_20271030	G4	GL261	CORDA	training_samples=setx2,setx3	1
weighted_random_seed_20271030	G4	GL261	GIMME	training_samples=setx1,setx2	1
weighted_random_seed_20271030	G4	GL261	GIMME	training_samples=setx1,setx2,setx3	1
weighted_random_seed_20271030	G4	GL261	GIMME	training_samples=setx1,setx3	2
weighted_random_seed_20271030	G4	GL261	GIMME	training_samples=setx2,setx3	2
weighted_random_seed_20271030	G4	GL261	RIPTiDe	training_samples=setx1,setx2	1
weighted_random_seed_20271030	G4	GL261	RIPTiDe	training_samples=setx1,setx2,setx3	2
weighted_random_seed_20271030	G4	GL261	RIPTiDe	training_samples=setx1,setx3	1
weighted_random_seed_20271030	G4	GL261	RIPTiDe	training_samples=setx2,setx3	2
weighted_random_seed_20271030	G4	GL261	iMAT	training_samples=setx1,setx2	1
weighted_random_seed_20271030	G4	GL261	iMAT	training_samples=setx1,setx2,setx3	1
weighted_random_seed_20271030	G4	GL261	iMAT	training_samples=setx1,setx3	1
weighted_random_seed_20271030	G4	GL261	iMAT	training_samples=setx2,setx3	0
weighted_random_seed_20271030	G5	GL261	CORDA	training_samples=setx1,setx2	2
weighted_random_seed_20271030	G5	GL261	CORDA	training_samples=setx1,setx2,setx3	2
weighted_random_seed_20271030	G5	GL261	CORDA	training_samples=setx1,setx3	2
weighted_random_seed_20271030	G5	GL261	CORDA	training_samples=setx2,setx3	2
weighted_random_seed_20271030	G5	GL261	GIMME	training_samples=setx1,setx2	2
weighted_random_seed_20271030	G5	GL261	GIMME	training_samples=setx1,setx2,setx3	1
weighted_random_seed_20271030	G5	GL261	GIMME	training_samples=setx1,setx3	2
weighted_random_seed_20271030	G5	GL261	GIMME	training_samples=setx2,setx3	1
weighted_random_seed_20271030	G5	GL261	RIPTiDe	training_samples=setx1,setx2	1
weighted_random_seed_20271030	G5	GL261	RIPTiDe	training_samples=setx1,setx2,setx3	1
weighted_random_seed_20271030	G5	GL261	RIPTiDe	training_samples=setx1,setx3	1
weighted_random_seed_20271030	G5	GL261	RIPTiDe	training_samples=setx2,setx3	1
weighted_random_seed_20271030	G5	GL261	iMAT	training_samples=setx1,setx2	2
weighted_random_seed_20271030	G5	GL261	iMAT	training_samples=setx1,setx2,setx3	2
weighted_random_seed_20271030	G5	GL261	iMAT	training_samples=setx1,setx3	2
weighted_random_seed_20271030	G5	GL261	iMAT	training_samples=setx2,setx3	2
weighted_random_seed_20271031	C1	CT2A	CORDA	training_samples=setx1,setx2	2
weighted_random_seed_20271031	C1	CT2A	CORDA	training_samples=setx1,setx2,setx3	2
weighted_random_seed_20271031	C1	CT2A	CORDA	training_samples=setx1,setx3	0
weighted_random_seed_20271031	C1	CT2A	CORDA	training_samples=setx2,setx3	1
weighted_random_seed_20271031	C1	CT2A	GIMME	training_samples=setx1,setx2	2
weighted_random_seed_20271031	C1	CT2A	GIMME	training_samples=setx1,setx2,setx3	1
weighted_random_seed_20271031	C1	CT2A	GIMME	training_samples=setx1,setx3	0
weighted_random_seed_20271031	C1	CT2A	GIMME	training_samples=setx2,setx3	2
weighted_random_seed_20271031	C1	CT2A	RIPTiDe	training_samples=setx1,setx2	1
weighted_random_seed_20271031	C1	CT2A	RIPTiDe	training_samples=setx1,setx2,setx3	2
weighted_random_seed_20271031	C1	CT2A	RIPTiDe	training_samples=setx1,setx3	2
weighted_random_seed_20271031	C1	CT2A	RIPTiDe	training_samples=setx2,setx3	2
weighted_random_seed_20271031	C1	CT2A	iMAT	training_samples=setx1,setx2	1
weighted_random_seed_20271031	C1	CT2A	iMAT	training_samples=setx1,setx2,setx3	2
weighted_random_seed_20271031	C1	CT2A	iMAT	training_samples=setx1,setx3	1
weighted_random_seed_20271031	C1	CT2A	iMAT	training_samples=setx2,setx3	2
weighted_random_seed_20271031	C2	CT2A	CORDA	training_samples=setx1,setx2	2
weighted_random_seed_20271031	C2	CT2A	CORDA	training_samples=setx1,setx2,setx3	2
weighted_random_seed_20271031	C2	CT2A	CORDA	training_samples=setx1,setx3	2
weighted_random_seed_20271031	C2	CT2A	CORDA	training_samples=setx2,setx3	2
weighted_random_seed_20271031	C2	CT2A	GIMME	training_samples=setx1,setx2	1
weighted_random_seed_20271031	C2	CT2A	GIMME	training_samples=setx1,setx2,setx3	1
weighted_random_seed_20271031	C2	CT2A	GIMME	training_samples=setx1,setx3	2
weighted_random_seed_20271031	C2	CT2A	GIMME	training_samples=setx2,setx3	2
weighted_random_seed_20271031	C2	CT2A	RIPTiDe	training_samples=setx1,setx2	1
weighted_random_seed_20271031	C2	CT2A	RIPTiDe	training_samples=setx1,setx2,setx3	2
weighted_random_seed_20271031	C2	CT2A	RIPTiDe	training_samples=setx1,setx3	1
weighted_random_seed_20271031	C2	CT2A	RIPTiDe	training_samples=setx2,setx3	2
weighted_random_seed_20271031	C2	CT2A	iMAT	training_samples=setx1,setx2	1
weighted_random_seed_20271031	C2	CT2A	iMAT	training_samples=setx1,setx2,setx3	2
weighted_random_seed_20271031	C2	CT2A	iMAT	training_samples=setx1,setx3	2
weighted_random_seed_20271031	C2	CT2A	iMAT	training_samples=setx2,setx3	2
weighted_random_seed_20271031	C3	CT2A	CORDA	training_samples=setx1,setx2	2
weighted_random_seed_20271031	C3	CT2A	CORDA	training_samples=setx1,setx2,setx3	2
weighted_random_seed_20271031	C3	CT2A	CORDA	training_samples=setx1,setx3	2
weighted_random_seed_20271031	C3	CT2A	CORDA	training_samples=setx2,setx3	2
weighted_random_seed_20271031	C3	CT2A	GIMME	training_samples=setx1,setx2	1
weighted_random_seed_20271031	C3	CT2A	GIMME	training_samples=setx1,setx2,setx3	2
weighted_random_seed_20271031	C3	CT2A	GIMME	training_samples=setx1,setx3	2
weighted_random_seed_20271031	C3	CT2A	GIMME	training_samples=setx2,setx3	2
weighted_random_seed_20271031	C3	CT2A	RIPTiDe	training_samples=setx1,setx2	0
weighted_random_seed_20271031	C3	CT2A	RIPTiDe	training_samples=setx1,setx2,setx3	0
weighted_random_seed_20271031	C3	CT2A	RIPTiDe	training_samples=setx1,setx3	1
weighted_random_seed_20271031	C3	CT2A	RIPTiDe	training_samples=setx2,setx3	1
weighted_random_seed_20271031	C3	CT2A	iMAT	training_samples=setx1,setx2	2
weighted_random_seed_20271031	C3	CT2A	iMAT	training_samples=setx1,setx2,setx3	2
weighted_random_seed_20271031	C3	CT2A	iMAT	training_samples=setx1,setx3	2
weighted_random_seed_20271031	C3	CT2A	iMAT	training_samples=setx2,setx3	2
weighted_random_seed_20271031	C4	CT2A	CORDA	training_samples=setx1,setx2	1
weighted_random_seed_20271031	C4	CT2A	CORDA	training_samples=setx1,setx2,setx3	1
weighted_random_seed_20271031	C4	CT2A	CORDA	training_samples=setx1,setx3	2
weighted_random_seed_20271031	C4	CT2A	CORDA	training_samples=setx2,setx3	1
weighted_random_seed_20271031	C4	CT2A	GIMME	training_samples=setx1,setx2	0
weighted_random_seed_20271031	C4	CT2A	GIMME	training_samples=setx1,setx2,setx3	1
weighted_random_seed_20271031	C4	CT2A	GIMME	training_samples=setx1,setx3	2
weighted_random_seed_20271031	C4	CT2A	GIMME	training_samples=setx2,setx3	1
weighted_random_seed_20271031	C4	CT2A	RIPTiDe	training_samples=setx1,setx2	2
weighted_random_seed_20271031	C4	CT2A	RIPTiDe	training_samples=setx1,setx2,setx3	2
weighted_random_seed_20271031	C4	CT2A	RIPTiDe	training_samples=setx1,setx3	2
weighted_random_seed_20271031	C4	CT2A	RIPTiDe	training_samples=setx2,setx3	2
weighted_random_seed_20271031	C4	CT2A	iMAT	training_samples=setx1,setx2	2
weighted_random_seed_20271031	C4	CT2A	iMAT	training_samples=setx1,setx2,setx3	1
weighted_random_seed_20271031	C4	CT2A	iMAT	training_samples=setx1,setx3	2
weighted_random_seed_20271031	C4	CT2A	iMAT	training_samples=setx2,setx3	2
weighted_random_seed_20271031	C5	CT2A	CORDA	training_samples=setx1,setx2	1
weighted_random_seed_20271031	C5	CT2A	CORDA	training_samples=setx1,setx2,setx3	1
weighted_random_seed_20271031	C5	CT2A	CORDA	training_samples=setx1,setx3	0
weighted_random_seed_20271031	C5	CT2A	CORDA	training_samples=setx2,setx3	0
weighted_random_seed_20271031	C5	CT2A	GIMME	training_samples=setx1,setx2	2
weighted_random_seed_20271031	C5	CT2A	GIMME	training_samples=setx1,setx2,setx3	1
weighted_random_seed_20271031	C5	CT2A	GIMME	training_samples=setx1,setx3	2
weighted_random_seed_20271031	C5	CT2A	GIMME	training_samples=setx2,setx3	1
weighted_random_seed_20271031	C5	CT2A	RIPTiDe	training_samples=setx1,setx2	2
weighted_random_seed_20271031	C5	CT2A	RIPTiDe	training_samples=setx1,setx2,setx3	2
weighted_random_seed_20271031	C5	CT2A	RIPTiDe	training_samples=setx1,setx3	2
weighted_random_seed_20271031	C5	CT2A	RIPTiDe	training_samples=setx2,setx3	2
weighted_random_seed_20271031	C5	CT2A	iMAT	training_samples=setx1,setx2	1
weighted_random_seed_20271031	C5	CT2A	iMAT	training_samples=setx1,setx2,setx3	1
weighted_random_seed_20271031	C5	CT2A	iMAT	training_samples=setx1,setx3	0
weighted_random_seed_20271031	C5	CT2A	iMAT	training_samples=setx2,setx3	1
weighted_random_seed_20271031	G1	GL261	CORDA	training_samples=setx1,setx2	2
weighted_random_seed_20271031	G1	GL261	CORDA	training_samples=setx1,setx2,setx3	1
weighted_random_seed_20271031	G1	GL261	CORDA	training_samples=setx1,setx3	2
weighted_random_seed_20271031	G1	GL261	CORDA	training_samples=setx2,setx3	2
weighted_random_seed_20271031	G1	GL261	GIMME	training_samples=setx1,setx2	2
weighted_random_seed_20271031	G1	GL261	GIMME	training_samples=setx1,setx2,setx3	2
weighted_random_seed_20271031	G1	GL261	GIMME	training_samples=setx1,setx3	2
weighted_random_seed_20271031	G1	GL261	GIMME	training_samples=setx2,setx3	2
weighted_random_seed_20271031	G1	GL261	RIPTiDe	training_samples=setx1,setx2	0
weighted_random_seed_20271031	G1	GL261	RIPTiDe	training_samples=setx1,setx2,setx3	2
weighted_random_seed_20271031	G1	GL261	RIPTiDe	training_samples=setx1,setx3	1
weighted_random_seed_20271031	G1	GL261	RIPTiDe	training_samples=setx2,setx3	2
weighted_random_seed_20271031	G1	GL261	iMAT	training_samples=setx1,setx2	1
weighted_random_seed_20271031	G1	GL261	iMAT	training_samples=setx1,setx2,setx3	2
weighted_random_seed_20271031	G1	GL261	iMAT	training_samples=setx1,setx3	0
weighted_random_seed_20271031	G1	GL261	iMAT	training_samples=setx2,setx3	0
weighted_random_seed_20271031	G2	GL261	CORDA	training_samples=setx1,setx2	2
weighted_random_seed_20271031	G2	GL261	CORDA	training_samples=setx1,setx2,setx3	2
weighted_random_seed_20271031	G2	GL261	CORDA	training_samples=setx1,setx3	2
weighted_random_seed_20271031	G2	GL261	CORDA	training_samples=setx2,setx3	2
weighted_random_seed_20271031	G2	GL261	GIMME	training_samples=setx1,setx2	2
weighted_random_seed_20271031	G2	GL261	GIMME	training_samples=setx1,setx2,setx3	1
weighted_random_seed_20271031	G2	GL261	GIMME	training_samples=setx1,setx3	2
weighted_random_seed_20271031	G2	GL261	GIMME	training_samples=setx2,setx3	0
weighted_random_seed_20271031	G2	GL261	RIPTiDe	training_samples=setx1,setx2	1
weighted_random_seed_20271031	G2	GL261	RIPTiDe	training_samples=setx1,setx2,setx3	1
weighted_random_seed_20271031	G2	GL261	RIPTiDe	training_samples=setx1,setx3	0
weighted_random_seed_20271031	G2	GL261	RIPTiDe	training_samples=setx2,setx3	0
weighted_random_seed_20271031	G2	GL261	iMAT	training_samples=setx1,setx2	2
weighted_random_seed_20271031	G2	GL261	iMAT	training_samples=setx1,setx2,setx3	2
weighted_random_seed_20271031	G2	GL261	iMAT	training_samples=setx1,setx3	2
weighted_random_seed_20271031	G2	GL261	iMAT	training_samples=setx2,setx3	2
weighted_random_seed_20271031	G3	GL261	CORDA	training_samples=setx1,setx2	1
weighted_random_seed_20271031	G3	GL261	CORDA	training_samples=setx1,setx2,setx3	2
weighted_random_seed_20271031	G3	GL261	CORDA	training_samples=setx1,setx3	2
weighted_random_seed_20271031	G3	GL261	CORDA	training_samples=setx2,setx3	2
weighted_random_seed_20271031	G3	GL261	GIMME	training_samples=setx1,setx2	2
weighted_random_seed_20271031	G3	GL261	GIMME	training_samples=setx1,setx2,setx3	2
weighted_random_seed_20271031	G3	GL261	GIMME	training_samples=setx1,setx3	2
weighted_random_seed_20271031	G3	GL261	GIMME	training_samples=setx2,setx3	2
weighted_random_seed_20271031	G3	GL261	RIPTiDe	training_samples=setx1,setx2	1
weighted_random_seed_20271031	G3	GL261	RIPTiDe	training_samples=setx1,setx2,setx3	1
weighted_random_seed_20271031	G3	GL261	RIPTiDe	training_samples=setx1,setx3	1
weighted_random_seed_20271031	G3	GL261	RIPTiDe	training_samples=setx2,setx3	2
weighted_random_seed_20271031	G3	GL261	iMAT	training_samples=setx1,setx2	1
weighted_random_seed_20271031	G3	GL261	iMAT	training_samples=setx1,setx2,setx3	1
weighted_random_seed_20271031	G3	GL261	iMAT	training_samples=setx1,setx3	1
weighted_random_seed_20271031	G3	GL261	iMAT	training_samples=setx2,setx3	2
weighted_random_seed_20271031	G4	GL261	CORDA	training_samples=setx1,setx2	2
weighted_random_seed_20271031	G4	GL261	CORDA	training_samples=setx1,setx2,setx3	2
weighted_random_seed_20271031	G4	GL261	CORDA	training_samples=setx1,setx3	1
weighted_random_seed_20271031	G4	GL261	CORDA	training_samples=setx2,setx3	2
weighted_random_seed_20271031	G4	GL261	GIMME	training_samples=setx1,setx2	1
weighted_random_seed_20271031	G4	GL261	GIMME	training_samples=setx1,setx2,setx3	2
weighted_random_seed_20271031	G4	GL261	GIMME	training_samples=setx1,setx3	2
weighted_random_seed_20271031	G4	GL261	GIMME	training_samples=setx2,setx3	2
weighted_random_seed_20271031	G4	GL261	RIPTiDe	training_samples=setx1,setx2	1
weighted_random_seed_20271031	G4	GL261	RIPTiDe	training_samples=setx1,setx2,setx3	2
weighted_random_seed_20271031	G4	GL261	RIPTiDe	training_samples=setx1,setx3	1
weighted_random_seed_20271031	G4	GL261	RIPTiDe	training_samples=setx2,setx3	2
weighted_random_seed_20271031	G4	GL261	iMAT	training_samples=setx1,setx2	1
weighted_random_seed_20271031	G4	GL261	iMAT	training_samples=setx1,setx2,setx3	1
weighted_random_seed_20271031	G4	GL261	iMAT	training_samples=setx1,setx3	2
weighted_random_seed_20271031	G4	GL261	iMAT	training_samples=setx2,setx3	0
weighted_random_seed_20271031	G5	GL261	CORDA	training_samples=setx1,setx2	2
weighted_random_seed_20271031	G5	GL261	CORDA	training_samples=setx1,setx2,setx3	2
weighted_random_seed_20271031	G5	GL261	CORDA	training_samples=setx1,setx3	2
weighted_random_seed_20271031	G5	GL261	CORDA	training_samples=setx2,setx3	2
weighted_random_seed_20271031	G5	GL261	GIMME	training_samples=setx1,setx2	2
weighted_random_seed_20271031	G5	GL261	GIMME	training_samples=setx1,setx2,setx3	0
weighted_random_seed_20271031	G5	GL261	GIMME	training_samples=setx1,setx3	2
weighted_random_seed_20271031	G5	GL261	GIMME	training_samples=setx2,setx3	1
weighted_random_seed_20271031	G5	GL261	RIPTiDe	training_samples=setx1,setx2	1
weighted_random_seed_20271031	G5	GL261	RIPTiDe	training_samples=setx1,setx2,setx3	0
weighted_random_seed_20271031	G5	GL261	RIPTiDe	training_samples=setx1,setx3	1
weighted_random_seed_20271031	G5	GL261	RIPTiDe	training_samples=setx2,setx3	2
weighted_random_seed_20271031	G5	GL261	iMAT	training_samples=setx1,setx2	2
weighted_random_seed_20271031	G5	GL261	iMAT	training_samples=setx1,setx2,setx3	2
weighted_random_seed_20271031	G5	GL261	iMAT	training_samples=setx1,setx3	2
weighted_random_seed_20271031	G5	GL261	iMAT	training_samples=setx2,setx3	2
