anchor	model	metric_scope	bin	n	mean_predicted_usefulness	mean_observed_usefulness	calibration_bias_observed_minus_predicted	top_fraction
A1	M1	bin	1.0	168	0.06242830630411974	0.012166462060343955	-0.050261844243775784	
A1	M1	bin	2.0	168	0.08313657456889272	0.08937657773264152	0.006240003163748818	
A1	M1	bin	3.0	168	0.12569522424442442	0.15522723213862777	0.029532007894203335	
A1	M1	bin	4.0	167	0.18041271834382297	0.20913138942790663	0.028718671084083602	
A1	M1	bin	5.0	167	0.26352880700083586	0.2451496969537315	-0.01837911004710428	
A1	M1	overall		838	0.14285194796215686	0.142007574117237	-0.000844373844919836	
A1	M1	top_k		84	0.29472296579234947	0.2617816851817699	-0.032941280610579535	0.1
A1	M1	top_k		168	0.26324629610666983	0.24536595757592056	-0.017880338530749256	0.2
A1	M3	bin	1.0	168	0.06116047443529184	0.04489166704257454	-0.016268807392717313	
A1	M3	bin	2.0	168	0.08613161920637268	0.05153633026495043	-0.03459528894142224	
A1	M3	bin	3.0	168	0.12133761520693835	0.1471229040059405	0.025785288799002146	
A1	M3	bin	4.0	167	0.17823839769543903	0.21455221057576737	0.03631381288032832	
A1	M3	bin	5.0	167	0.2692199049741735	0.25302740433191173	-0.016192500642261794	
A1	M3	overall		838	0.14302545063531097	0.142007574117237	-0.001017876518073957	
A1	M3	top_k		84	0.3034996235616455	0.2708529880953779	-0.032646635466267615	0.1
A1	M3	top_k		168	0.2688791736202675	0.25275489821571934	-0.016124275404548166	0.2
A1	M4	bin	1.0	168	0.043767624988099885	0.01136576912751782	-0.032401855860582064	
A1	M4	bin	2.0	168	0.07346628142930091	0.0810775141575777	0.007611232728276781	
A1	M4	bin	3.0	168	0.12954413860911757	0.1503129075699031	0.020768768960785573	
A1	M4	bin	4.0	167	0.197577966011566	0.21614052318155544	0.01856255716998942	
A1	M4	bin	5.0	167	0.2845595237213244	0.2522385609298508	-0.032320962791473624	
A1	M4	overall		838	0.1455556949282193	0.142007574117237	-0.0035481208109823053	
A1	M4	top_k		84	0.317820585441188	0.26973161339384816	-0.04808897204733992	0.1
A1	M4	top_k		168	0.28423266552583765	0.25212602981320487	-0.03210663571263276	0.2
A2	M1	bin	1.0	169	0.07578926078845688	0.013580017258594966	-0.06220924352986191	
A2	M1	bin	2.0	169	0.12150903232547705	0.1525664037656896	0.031057371440212592	
A2	M1	bin	3.0	169	0.19734078571105063	0.24100779825636579	0.04366701254531518	
A2	M1	bin	4.0	168	0.28242012730954613	0.30888858216532755	0.026468454855781382	
A2	M1	bin	5.0	168	0.40918613966713685	0.3774414628158754	-0.031744676851261464	
A2	M1	overall		843	0.21694407731139398	0.21840155470376274	0.0014574773923687727	
A2	M1	top_k		85	0.4563966257523935	0.40876095529508844	-0.04763567045730518	0.1
A2	M1	top_k		169	0.40870182761363644	0.37732972965458955	-0.03137209795904696	0.2
A2	M3	bin	1.0	169	0.07663248216096834	0.037320605904250695	-0.039311876256717664	
A2	M3	bin	2.0	169	0.12381789139399244	0.11947292308232386	-0.0043449683116685775	
A2	M3	bin	3.0	169	0.18999790370418224	0.232046793544072	0.04204888983988972	
A2	M3	bin	4.0	168	0.27897787413761094	0.3214007600365204	0.042422885898909406	
A2	M3	bin	5.0	168	0.41661980948292043	0.38335219298486495	-0.033267616498055506	
A2	M3	overall		843	0.21689937094311326	0.21840155470376274	0.001502183760649519	
A2	M3	top_k		85	0.4695306345299222	0.41089315166257884	-0.05863748286734331	0.1
A2	M3	top_k		169	0.41606440720281546	0.3828948463166741	-0.03316956088614133	0.2
A2	M4	bin	1.0	169	0.06308825841531955	0.019778196807042948	-0.0433100616082766	
A2	M4	bin	2.0	169	0.11932645353351393	0.13663831955065966	0.017311866017145707	
A2	M4	bin	3.0	169	0.1976041079329082	0.23120432158125379	0.033600213648345555	
A2	M4	bin	4.0	168	0.29626290107698383	0.3038980928531756	0.007635191776191793	
A2	M4	bin	5.0	168	0.43184373616064253	0.40208160359675527	-0.02976213256388724	
A2	M4	overall		843	0.2212871834115487	0.21840155470376274	-0.0028856287077859517	
A2	M4	top_k		85	0.4794506762227203	0.4177591563106268	-0.0616915199120933	0.1
A2	M4	top_k		169	0.43137608181926507	0.4013233656697886	-0.030052716149476418	0.2
