anchor	model	predictors	selected_alpha	cv_mae	confirmation_n	mae	rmse	spearman	mae_improvement_vs_m0	rmse_improvement_vs_m0	spearman_change_vs_m0	mae_improvement_vs_m3	rmse_improvement_vs_m3	spearman_change_vs_m3
A1	M0	constant Development mean		0.017963534773524286	838	0.017331282983361212	0.046765435070974186		0.0	0.0		-0.00010081620253414234	-0.00039825133097337595	
A1	M1	mean_directional_entropy3	10.0	0.018093921166896898	838	0.017369434353362266	0.046690774713340696	-0.3721795334719413	-3.815137000105426e-05	7.46603576334895e-05		-0.0001389675725351966	-0.00032359097333988646	-0.4831638458409796
A1	M2	mean_sign_magnitude_eta2	10.0	0.018326188029107664	838	0.017287451595508714	0.04672743981484714	-0.33735750146899873	4.3831387852497766e-05	3.7995256127049126e-05		-5.698481468164457e-05	-0.0003602560748463268	-0.448341813838037
A1	M3	mean_directional_entropy3+mean_non_tie_pair_fraction	10.0	0.017819061166072844	838	0.01723046678082707	0.04636718374000081	0.11098431236903827	0.00010081620253414234	0.00039825133097337595		0.0	0.0	0.0
A1	M4	mean_directional_entropy3+mean_non_tie_pair_fraction+mean_sign_magnitude_eta2	10.0	0.018031459900905922	838	0.017435975123749687	0.0463375504366629	0.1625253425808558	-0.00010469214038847513	0.0004278846343112874		-0.00020550834292261747	2.9633303337911476e-05	0.05154103021181752
A2	M0	constant Development mean		0.04424765181958042	843	0.041209564737284654	0.1275675373470564		0.0	0.0		-8.836228999192786e-06	-0.00024569778526664643	
A2	M1	mean_directional_entropy3	0.01	0.04490338967513819	843	0.04132809496378769	0.1274388132607504	-0.3194975599173469	-0.00011853022650303718	0.00012872408630598686		-0.00012736645550222997	-0.00011697369896065957	-0.28751040699338043
A2	M2	mean_sign_magnitude_eta2	10.0	0.04802111625639344	843	0.04151806290916907	0.12767766700725264	0.34240971410117393	-0.00030849817188441375	-0.00011012966019624537		-0.00031733440088360654	-0.0003558274454628918	0.3743968670251404
A2	M3	mean_directional_entropy3+mean_non_tie_pair_fraction	10.0	0.04498171244144799	843	0.04120072850828546	0.12732183956178975	-0.03198715292396646	8.836228999192786e-06	0.00024569778526664643		0.0	0.0	0.0
A2	M4	mean_directional_entropy3+mean_non_tie_pair_fraction+mean_sign_magnitude_eta2	10.0	0.048630729308109	843	0.04452735474450225	0.12651353218786535	0.27431207165039845	-0.0033177900072175956	0.001054005159191046		-0.0033266262362167884	0.0008083073739243996	0.3062992245743649
