anchor	ranking_target	model	top_fraction	selected_n	observed_mean_correct_gain	observed_usefulness_frequency	positive_mean_gain_fraction	random_expected_mean_correct_gain	random_expected_usefulness_frequency	mean_gain_improvement_vs_random	usefulness_improvement_vs_random	positive_gain_fraction_vs_random	difference_vs_entropy_only_mean_gain	difference_vs_entropy_only_usefulness	difference_vs_entropy_only_positive_gain_fraction	difference_vs_matched_other_target_mean_gain	difference_vs_matched_other_target_usefulness	difference_vs_matched_other_target_positive_gain_fraction	entropy_only_comparator_target	matched_other_target
A1	gain	M1	0.1	84	1.0173097391138404e-17	0.0	0.6071428571428571	0.00935818218059197	0.142007574117237	-0.00935818218059196	-0.142007574117237	-0.17925332424139107	0.0	0.0	0.0	-0.00038543437539249095	-0.2617816851817699	-0.30952380952380953	gain	usefulness_frequency
A1	gain	M2	0.1	84	-7.576617324101537e-12	0.001287001287001287	0.5952380952380952	0.00935818218059197	0.142007574117237	-0.009358182188168588	-0.1407205728302357	-0.19115808614615293	-7.576627497198929e-12	0.001287001287001287	-0.011904761904761862	-0.0005813224550504824	-0.2544635625375655	-0.33333333333333337	gain	usefulness_frequency
A1	gain	M3	0.1	84	0.01857762684513405	0.09759757757077489	0.7738095238095238	0.00935818218059197	0.142007574117237	0.00921944466454208	-0.044409996546462105	-0.012586657574724325	0.01857762684513404	0.09759757757077489	0.16666666666666674	0.018232863111807426	-0.173255410524603	-0.16666666666666663	gain	usefulness_frequency
A1	gain	M4	0.1	84	0.016115343535296502	0.10077631104276402	0.7976190476190477	0.00935818218059197	0.142007574117237	0.0067571613547045325	-0.041231263074472974	0.011222866234799511	0.016115343535296492	0.10077631104276402	0.19047619047619058	0.016093370608879193	-0.16895530235108414	-0.13095238095238093	gain	usefulness_frequency
A1	usefulness_frequency	M1	0.1	84	0.00038543437539250114	0.2617816851817699	0.9166666666666666	0.00935818218059197	0.142007574117237	-0.00897274780519947	0.11977411106453292	0.13027048528241847	0.0	0.0	0.0	0.00038543437539249095	0.2617816851817699	0.30952380952380953	usefulness_frequency	gain
A1	usefulness_frequency	M2	0.1	84	0.0005813224474738651	0.2557505638245668	0.9285714285714286	0.00935818218059197	0.142007574117237	-0.008776859733118104	0.1137429897073298	0.14217524718718044	0.000195888072081364	-0.006031121357203129	0.011904761904761973	0.0005813224550504824	0.2544635625375655	0.33333333333333337	usefulness_frequency	gain
A1	usefulness_frequency	M3	0.1	84	0.0003447637333266228	0.2708529880953779	0.9404761904761905	0.00935818218059197	0.142007574117237	-0.009013418447265347	0.1288454139781409	0.1540800090919423	-4.067064206587836e-05	0.00907130291360797	0.023809523809523836	-0.018232863111807426	0.173255410524603	0.16666666666666663	usefulness_frequency	gain
A1	usefulness_frequency	M4	0.1	84	2.197292641731045e-05	0.26973161339384816	0.9285714285714286	0.00935818218059197	0.142007574117237	-0.009336209254174659	0.12772403927661116	0.14217524718718044	-0.00036346144897519067	0.007949928212078239	0.011904761904761973	-0.016093370608879193	0.16895530235108414	0.13095238095238093	usefulness_frequency	gain
A1	gain	M1	0.2	168	0.00010410508156120836	0.012166462060343955	0.625	0.00935818218059197	0.142007574117237	-0.009254077099030762	-0.12984111205689303	-0.16139618138424816	0.0	0.0	0.0	-0.001336141638721915	-0.23319949551557662	-0.24404761904761907	gain	usefulness_frequency
A1	gain	M2	0.2	168	0.0006043605147080606	0.008575528498471038	0.625	0.00935818218059197	0.142007574117237	-0.008753821665883909	-0.13343204561876595	-0.16139618138424816	0.0005002554331468523	-0.0035909335618729173	0.0	-7.589393459511598e-05	-0.24294965332968582	-0.33333333333333337	gain	usefulness_frequency
A1	gain	M3	0.2	168	0.014183181242027401	0.09740358197367174	0.7857142857142857	0.00935818218059197	0.142007574117237	0.004824999061435431	-0.04460399214356525	-0.0006818956699624623	0.014079076160466194	0.08523711991332779	0.1607142857142857	0.012491191786845131	-0.1553513162420476	-0.10119047619047616	gain	usefulness_frequency
A1	gain	M4	0.2	168	0.017733637489443482	0.11005954312963293	0.8214285714285714	0.00935818218059197	0.142007574117237	0.008375455308851512	-0.03194803098760407	0.035032390044323236	0.017629532407882273	0.09789308106928897	0.1964285714285714	0.017262872801969267	-0.14206648668357194	-0.125	gain	usefulness_frequency
A1	usefulness_frequency	M1	0.2	168	0.0014402467202831234	0.24536595757592056	0.8690476190476191	0.00935818218059197	0.142007574117237	-0.007917935460308846	0.10335838345868356	0.08265143766337091	0.0	0.0	0.0	0.001336141638721915	0.23319949551557662	0.24404761904761907	usefulness_frequency	gain
A1	usefulness_frequency	M2	0.2	168	0.0006802544493031766	0.25152518182815686	0.9583333333333334	0.00935818218059197	0.142007574117237	-0.008677927731288794	0.10951760771091987	0.1719371519490852	-0.0007599922709799467	0.006159224252236306	0.0892857142857143	7.589393459511598e-05	0.24294965332968582	0.33333333333333337	usefulness_frequency	gain
A1	usefulness_frequency	M3	0.2	168	0.0016919894551822698	0.25275489821571934	0.8869047619047619	0.00935818218059197	0.142007574117237	-0.0076661927254097	0.11074732409848234	0.1005085805205137	0.0002517427348991464	0.00738894063979878	0.017857142857142794	-0.012491191786845131	0.1553513162420476	0.10119047619047616	usefulness_frequency	gain
A1	usefulness_frequency	M4	0.2	168	0.00047076468747421507	0.25212602981320487	0.9464285714285714	0.00935818218059197	0.142007574117237	-0.008887417493117755	0.11011845569596787	0.16003239004432324	-0.0009694820328089083	0.006760072237284309	0.07738095238095233	-0.017262872801969267	0.14206648668357194	0.125	usefulness_frequency	gain
A2	gain	M1	0.1	85	-1.4438418307311917e-17	0.0	0.5529411764705883	0.021749331567097917	0.21840155470376274	-0.02174933156709793	-0.21840155470376274	-0.18608610704068096	0.0	0.0	0.0	-0.003866678627247561	-0.40876095529508844	-0.3176470588235294	gain	usefulness_frequency
A2	gain	M2	0.1	85	0.0003208478259204417	0.40519998023527437	0.9294117647058824	0.021749331567097917	0.21840155470376274	-0.021428483741177475	0.18679842553151163	0.19038448119461315	0.00032084782592045613	0.40519998023527437	0.3764705882352941	0.0	0.0	0.0	gain	usefulness_frequency
A2	gain	M3	0.1	85	0.003809352401807018	0.10495930859263217	0.7764705882352941	0.021749331567097917	0.21840155470376274	-0.0179399791652909	-0.11344224611113057	0.037443304724024906	0.0038093524018070323	0.10495930859263217	0.22352941176470587	0.00015706790286158876	-0.30593384306994664	-0.04705882352941171	gain	usefulness_frequency
A2	gain	M4	0.1	85	0.07824323920345005	0.3142102404760473	0.9529411764705882	0.021749331567097917	0.21840155470376274	0.056493907636352134	0.09580868577228455	0.21391389295931895	0.07824323920345007	0.3142102404760473	0.3999999999999999	0.07442304367960502	-0.10354891583457954	0.05882352941176461	gain	usefulness_frequency
A2	usefulness_frequency	M1	0.1	85	0.0038666786272475466	0.40876095529508844	0.8705882352941177	0.021749331567097917	0.21840155470376274	-0.01788265293985037	0.1903594005913257	0.13156095178284843	0.0	0.0	0.0	0.003866678627247561	0.40876095529508844	0.3176470588235294	usefulness_frequency	gain
A2	usefulness_frequency	M2	0.1	85	0.0003208478259204417	0.40519998023527437	0.9294117647058824	0.021749331567097917	0.21840155470376274	-0.021428483741177475	0.18679842553151163	0.19038448119461315	-0.0035458308013271047	-0.0035609750598140644	0.05882352941176472	0.0	0.0	0.0	usefulness_frequency	gain
A2	usefulness_frequency	M3	0.1	85	0.0036522844989454292	0.41089315166257884	0.8235294117647058	0.021749331567097917	0.21840155470376274	-0.01809704706815249	0.1924915969588161	0.08450212825343661	-0.00021439412830211732	0.002132196367490402	-0.04705882352941182	-0.00015706790286158876	0.30593384306994664	0.04705882352941171	usefulness_frequency	gain
A2	usefulness_frequency	M4	0.1	85	0.0038201955238450405	0.4177591563106268	0.8941176470588236	0.021749331567097917	0.21840155470376274	-0.01792913604325288	0.19935760160686408	0.15509036354755434	-4.6483103402506117e-05	0.008998201015538387	0.02352941176470591	-0.07442304367960502	0.10354891583457954	-0.05882352941176461	usefulness_frequency	gain
A2	gain	M1	0.2	169	0.0006477808158949729	0.013580017258594966	0.5562130177514792	0.021749331567097917	0.21840155470376274	-0.021101550751202944	-0.20482153744516776	-0.18281426575978998	0.0	0.0	0.0	-0.003377669846554583	-0.3637497123959946	-0.28402366863905326	gain	usefulness_frequency
A2	gain	M2	0.2	169	0.02329485501840675	0.39108248129734735	0.9053254437869822	0.021749331567097917	0.21840155470376274	0.001545523451308834	0.1726809265935846	0.16629816027571298	0.022647074202511778	0.37750246403875237	0.34911242603550297	0.0	0.0	0.0	gain	usefulness_frequency
A2	gain	M3	0.2	169	0.034886835101411336	0.11942324850995041	0.7514792899408284	0.021749331567097917	0.21840155470376274	0.013137503534313418	-0.09897830619381233	0.012452006429559126	0.034239054285516365	0.10584323125135545	0.1952662721893491	0.031525060512033284	-0.2634715978067237	-0.07100591715976334	gain	usefulness_frequency
A2	gain	M4	0.2	169	0.06397593166611791	0.28893077277460516	0.9053254437869822	0.021749331567097917	0.21840155470376274	0.04222660009901999	0.07052921807084242	0.16629816027571298	0.06332815085022293	0.2753507555160102	0.34911242603550297	0.061839508540593405	-0.11239259289518344	0.017751479289940808	gain	usefulness_frequency
A2	usefulness_frequency	M1	0.2	169	0.004025450662449556	0.37732972965458955	0.8402366863905325	0.021749331567097917	0.21840155470376274	-0.01772388090464836	0.1589281749508268	0.10120940287926328	0.0	0.0	0.0	0.003377669846554583	0.3637497123959946	0.28402366863905326	usefulness_frequency	gain
A2	usefulness_frequency	M2	0.2	169	0.02329485501840675	0.39108248129734735	0.9053254437869822	0.021749331567097917	0.21840155470376274	0.001545523451308834	0.1726809265935846	0.16629816027571298	0.019269404355957195	0.013752751642757799	0.0650887573964497	0.0	0.0	0.0	usefulness_frequency	gain
A2	usefulness_frequency	M3	0.2	169	0.0033617745893780534	0.3828948463166741	0.8224852071005917	0.021749331567097917	0.21840155470376274	-0.018387556977719863	0.16449329161291135	0.08345792358932247	-0.0006636760730715026	0.005565116662084535	-0.017751479289940808	-0.031525060512033284	0.2634715978067237	0.07100591715976334	usefulness_frequency	gain
A2	usefulness_frequency	M4	0.2	169	0.0021364231255245093	0.4013233656697886	0.8875739644970414	0.021749331567097917	0.21840155470376274	-0.019612908441573408	0.18292181096602586	0.14854668098577217	-0.0018890275369250467	0.02399363601519905	0.047337278106508895	-0.061839508540593405	0.11239259289518344	-0.017751479289940808	usefulness_frequency	gain
