anchor	bootstrap_unit	metric	estimate	ci95_low	ci95_high	replicates_requested	replicates_valid	invalid_fraction	interval_status
A1	reaction	mae_improvement_m3_minus_m4	0.006709195708279221	0.004025937745268827	0.009370502195902	2000	2000	0.0	OK
A1	reaction	relative_mae_reduction	0.12034151023926178	0.0738265052159995	0.16361323679469642	2000	2000	0.0	OK
A1	reaction	spearman_change_m4_minus_m3	0.05796596672559706	0.03150871752191012	0.0827113166879002	2000	2000	0.0	OK
A1	reaction	top10_usefulness_change_m4_minus_m3	-0.0011213747015297315	-0.014991326858547906	0.01511883195734751	2000	2000	0.0	OK
A1	reaction	top10_mean_gain_change_m4_minus_m3	-0.0003227908069093123	-0.000792426486643898	1.2813633603987855e-05	2000	2000	0.0	OK
A1	reaction	top20_usefulness_change_m4_minus_m3	-0.0006288684025144708	-0.011212836598892833	0.011617720073133369	2000	2000	0.0	OK
A1	reaction	top20_mean_gain_change_m4_minus_m3	-0.0012212247677080546	-0.003831797633735969	0.0006590167531979334	2000	2000	0.0	OK
A1	subsystem	mae_improvement_m3_minus_m4	0.006709195708279221	0.0030732266549554615	0.009847792536846924	2000	2000	0.0	OK
A1	subsystem	relative_mae_reduction	0.12034151023926178	0.05678628229071283	0.16987570363985416	2000	2000	0.0	OK
A1	subsystem	spearman_change_m4_minus_m3	0.05796596672559706	0.01658074686822612	0.11226049599727539	2000	2000	0.0	OK
A1	subsystem	top10_usefulness_change_m4_minus_m3	-0.0011213747015297315	-0.014957987264745273	0.02581230592902956	2000	2000	0.0	OK
A1	subsystem	top10_mean_gain_change_m4_minus_m3	-0.0003227908069093123	-0.0008888643929981002	0.0008851315804696387	2000	2000	0.0	OK
A1	subsystem	top20_usefulness_change_m4_minus_m3	-0.0006288684025144708	-0.015379753863358585	0.020568282422623457	2000	2000	0.0	OK
A1	subsystem	top20_mean_gain_change_m4_minus_m3	-0.0012212247677080546	-0.004373827249645562	0.001163196556795704	2000	2000	0.0	OK
A2	reaction	mae_improvement_m3_minus_m4	0.005081015865665076	0.002542057964536784	0.00762447035023669	2000	2000	0.0	OK
A2	reaction	relative_mae_reduction	0.07683760201900117	0.03860617984940549	0.11276239230533276	2000	2000	0.0	OK
A2	reaction	spearman_change_m4_minus_m3	0.027512770323329327	0.016732027536762405	0.03842788324258072	2000	2000	0.0	OK
A2	reaction	top10_usefulness_change_m4_minus_m3	0.006866004648047985	-0.008465347496384671	0.01789692656630747	2000	2000	0.0	OK
A2	reaction	top10_mean_gain_change_m4_minus_m3	0.0001679110248996112	-0.0011849712492259742	0.001005956582527597	2000	2000	0.0	OK
A2	reaction	top20_usefulness_change_m4_minus_m3	0.018428519353114514	0.0048176708099532785	0.028216278854297522	2000	2000	0.0	OK
A2	reaction	top20_mean_gain_change_m4_minus_m3	-0.001225351463853544	-0.004294014509584538	0.0004997796314355668	2000	2000	0.0	OK
A2	subsystem	mae_improvement_m3_minus_m4	0.005081015865665076	-0.0001828031127824091	0.00999157972312029	2000	2000	0.0	OK
A2	subsystem	relative_mae_reduction	0.07683760201900117	-0.0029431335277551323	0.14152063280761235	2000	2000	0.0	OK
A2	subsystem	spearman_change_m4_minus_m3	0.027512770323329327	0.009679732045903233	0.051542389701685086	2000	2000	0.0	OK
A2	subsystem	top10_usefulness_change_m4_minus_m3	0.006866004648047985	-0.012876720784562314	0.04466300395912464	2000	2000	0.0	OK
A2	subsystem	top10_mean_gain_change_m4_minus_m3	0.0001679110248996112	-0.009179578470601133	0.0005972923033503684	2000	2000	0.0	OK
A2	subsystem	top20_usefulness_change_m4_minus_m3	0.018428519353114514	-0.004049165003632687	0.04143673904919392	2000	2000	0.0	OK
A2	subsystem	top20_mean_gain_change_m4_minus_m3	-0.001225351463853544	-0.005244777026173169	0.012225680286992217	2000	2000	0.0	OK
