mouse_id	max_abs_weight_difference	calibrated_ess	PL2_frozen_ess	status
C1	1.3877787807814457e-16	19.999999999999993	19.99999999999995	PASS
C2	1.5265566588595902e-16	20.0	19.99999999999994	PASS
C3	1.3877787807814457e-16	20.0	19.99999999999995	PASS
C4	1.5265566588595902e-16	20.000000000000004	19.999999999999943	PASS
C5	1.3877787807814457e-16	20.0	19.99999999999995	PASS
G1	9.71445146547012e-17	19.999999999999993	19.99999999999996	PASS
G2	1.3877787807814457e-16	20.0	19.99999999999995	PASS
G3	1.5265566588595902e-16	20.000000000000004	19.99999999999995	PASS
G4	1.3877787807814457e-16	20.0	19.999999999999954	PASS
G5	1.249000902703301e-16	19.99999999999999	19.999999999999947	PASS
