scenario	arm	endpoint	n_rows	n_changed_over_1e-12	max_abs_difference
ESS_20_eligible	A1	n_distinct_truth_pairs	1546230	0	0.0
ESS_20_eligible	A1	n_non_tie_truth_pairs	1546230	0	0.0
ESS_20_eligible	A1	n_truth_ties	1546230	0	0.0
ESS_20_eligible	A1	usefulness	1546230	0	0.0
ESS_20_eligible	A1	correct_gain_mean	1546230	0	1.7763568394002505e-15
ESS_20_eligible	A1	wrong_gain_mean	1546230	0	1.7763568394002505e-15
ESS_20_eligible	A1	information_advantage_mean	1546230	0	1.7763568394002505e-15
ESS_20_fixed_common	A1	n_distinct_truth_pairs	685356	0	0.0
ESS_20_fixed_common	A1	n_non_tie_truth_pairs	685356	0	0.0
ESS_20_fixed_common	A1	n_truth_ties	685356	0	0.0
ESS_20_fixed_common	A1	usefulness	685356	0	0.0
ESS_20_fixed_common	A1	correct_gain_mean	685356	0	1.7763568394002505e-15
ESS_20_fixed_common	A1	wrong_gain_mean	685356	0	1.7763568394002505e-15
ESS_20_fixed_common	A1	information_advantage_mean	685356	0	1.7763568394002505e-15
ESS_20_eligible	A2	n_distinct_truth_pairs	1546230	0	0.0
ESS_20_eligible	A2	n_non_tie_truth_pairs	1546230	0	0.0
ESS_20_eligible	A2	n_truth_ties	1546230	0	0.0
ESS_20_eligible	A2	usefulness	1546230	0	0.0
ESS_20_eligible	A2	correct_gain_mean	1546230	0	3.552713678800501e-15
ESS_20_eligible	A2	wrong_gain_mean	1546230	0	3.552713678800501e-15
ESS_20_eligible	A2	information_advantage_mean	1546230	0	3.552713678800501e-15
ESS_20_fixed_common	A2	n_distinct_truth_pairs	685356	0	0.0
ESS_20_fixed_common	A2	n_non_tie_truth_pairs	685356	0	0.0
ESS_20_fixed_common	A2	n_truth_ties	685356	0	0.0
ESS_20_fixed_common	A2	usefulness	685356	0	0.0
ESS_20_fixed_common	A2	correct_gain_mean	685356	0	3.552713678800501e-15
ESS_20_fixed_common	A2	wrong_gain_mean	685356	0	3.552713678800501e-15
ESS_20_fixed_common	A2	information_advantage_mean	685356	0	3.552713678800501e-15
