scenario	target_ess	arm	n_finite_reactions	mean_usefulness_fraction_across_reactions	mean_correct_gain_across_reactions	mean_wrong_gain_across_reactions	mean_correct_minus_wrong_across_reactions	n_supported_truth_pairs	n_supported_evaluations	mean_conditional_ess	min_conditional_ess	n_conditional_support_pools	mean_product_weight_ess
ESS_10_eligible	10.0	A1	3625	0.09192140803382189	0.0005691191308332892	-0.0008544302023665242	0.0014235493331998163	428	164	1.6064611020421007	1.0	137	2.459086657134211
ESS_10_eligible	10.0	A2	3625	0.1939718607286062	0.0009609313386988442	-0.0011312493832932654	0.0020921807219921114	428	164	3.495260724784025	1.0	156	11.607949229829774
ESS_10_fixed_common	10.0	A1	3625	0.09192140803382189	0.0005691191308332892	-0.0008544302023665242	0.0014235493331998163	428	164	1.6064611020421007	1.0	137	2.459086657134211
ESS_10_fixed_common	10.0	A2	3625	0.1939718607286062	0.0009609313386988442	-0.0011312493832932654	0.0020921807219921114	428	164	3.495260724784025	1.0	156	11.607949229829774
ESS_20_eligible	20.0	A1	3625	0.13863829188156213	0.008682374595327105	-0.01150017438020698	0.02018254897553409	836	370	2.25754589585659	1.0	160	5.094012412073775
ESS_20_eligible	20.0	A2	3625	0.21558148912681124	0.021063679767771303	-0.0286815506033119	0.04974523037108321	836	370	5.257222714568814	1.0000000002154557	160	27.186039152760856
ESS_20_fixed_common	20.0	A1	3625	0.15846385701302335	0.016365324603415787	-0.02183131920596986	0.03819664380938565	428	164	2.25754589585659	1.0	160	5.094012412073775
ESS_20_fixed_common	20.0	A2	3625	0.2349314121899536	0.03982510430082263	-0.05439438747021231	0.09421949177103495	428	164	5.257222714568814	1.0000000002154557	160	27.186039152760856
ESS_40_eligible	40.0	A1	3625	0.21173237288588914	0.04477564530833809	-0.05650983105489898	0.10128547636323706	836	370	3.9061351983755257	1.0000000016349258	160	15.696557690285715
ESS_40_eligible	40.0	A2	3625	0.25405655430596896	0.05046711632780359	-0.05973705737894508	0.11020417370674866	836	370	7.464681752017372	1.0018881325121392	160	56.4942155969707
ESS_40_fixed_common	40.0	A1	3625	0.23025456059038113	0.08506172734573551	-0.107305194386558	0.1923669217322935	428	164	3.9061351983755257	1.0000000016349258	160	15.696557690285715
ESS_40_fixed_common	40.0	A2	3625	0.26411508552694807	0.09688620609279397	-0.1145558460648558	0.21144205215764975	428	164	7.464681752017372	1.0018881325121392	160	56.4942155969707
