scenario	target_ess	arm	descriptor	evaluation	n_development_reactions	n_confirmation_reactions	mae	spearman	partial_rank_eta2_given_entropy_development	partial_rank_eta2_given_entropy_confirmation	n_reactions	mae_improvement	prediction_spearman_change	n_shared_a1_a2_reactions
ESS_10_eligible	10.0	A1	entropy	development_pathway_grouped_cv	2440.0	835.0	0.042718997277801915	0.790113386532399	0.47781987857356706	0.5088450328098205				3275
ESS_10_eligible	10.0	A1	entropy_plus_eta2	development_pathway_grouped_cv	2440.0	835.0	0.03818684067227468	0.8393839785794502	0.47781987857356706	0.5088450328098205				3275
ESS_10_eligible	10.0	A1	entropy	confirmation_from_development_fit	2440.0	835.0	0.0415005144789028	0.8201777751165186	0.47781987857356706	0.5088450328098205				3275
ESS_10_eligible	10.0	A1	entropy_plus_eta2	confirmation_from_development_fit	2440.0	835.0	0.036534984494297026	0.866021407083406	0.47781987857356706	0.5088450328098205				3275
ESS_10_eligible	10.0	A1	eta2_association	development_pathway_grouped_cv				0.8371885978748804	0.47781987857356706	0.5088450328098205	2440.0			3275
ESS_10_eligible	10.0	A1	entropy_association	development_pathway_grouped_cv				0.8115047711244586	0.47781987857356706	0.5088450328098205	2440.0			3275
ESS_10_eligible	10.0	A1	eta2_association	confirmation_from_development_fit				0.848774376393061	0.47781987857356706	0.5088450328098205	835.0			3275
ESS_10_eligible	10.0	A1	entropy_association	confirmation_from_development_fit				0.820107181867073	0.47781987857356706	0.5088450328098205	835.0			3275
ESS_10_eligible	10.0	A1	eta2_increment	confirmation_from_development_fit	2440.0	835.0			0.47781987857356706	0.5088450328098205		0.004965529984605775	0.045843631966887455	3275
ESS_10_eligible	10.0	A1	eta2_increment	development_pathway_grouped_cv	2440.0	835.0			0.47781987857356706	0.5088450328098205		0.004532156605527235	0.0492705920470512	3275
ESS_10_eligible	10.0	A2	entropy	development_pathway_grouped_cv	2440.0	835.0	0.0710903369070406	0.8357271909815014	0.5553528039089711	0.48625171314576265				3275
ESS_10_eligible	10.0	A2	entropy_plus_eta2	development_pathway_grouped_cv	2440.0	835.0	0.060529757558298196	0.8857464218515256	0.5553528039089711	0.48625171314576265				3275
ESS_10_eligible	10.0	A2	entropy	confirmation_from_development_fit	2440.0	835.0	0.06459092695150226	0.8561919954103517	0.5553528039089711	0.48625171314576265				3275
ESS_10_eligible	10.0	A2	entropy_plus_eta2	confirmation_from_development_fit	2440.0	835.0	0.05813045617944021	0.8852557934402515	0.5553528039089711	0.48625171314576265				3275
ESS_10_eligible	10.0	A2	eta2_association	development_pathway_grouped_cv				0.8621610338251097	0.5553528039089711	0.48625171314576265	2440.0			3275
ESS_10_eligible	10.0	A2	entropy_association	development_pathway_grouped_cv				0.8405853084536038	0.5553528039089711	0.48625171314576265	2440.0			3275
ESS_10_eligible	10.0	A2	eta2_association	confirmation_from_development_fit				0.8514437365883544	0.5553528039089711	0.48625171314576265	835.0			3275
ESS_10_eligible	10.0	A2	entropy_association	confirmation_from_development_fit				0.8561919954103517	0.5553528039089711	0.48625171314576265	835.0			3275
ESS_10_eligible	10.0	A2	eta2_increment	confirmation_from_development_fit	2440.0	835.0			0.5553528039089711	0.48625171314576265		0.006460470772062049	0.02906379802989978	3275
ESS_10_eligible	10.0	A2	eta2_increment	development_pathway_grouped_cv	2440.0	835.0			0.5553528039089711	0.48625171314576265		0.010560579348742404	0.050019230870024245	3275
ESS_10_fixed_common	10.0	A1	entropy	development_pathway_grouped_cv	2440.0	835.0	0.042718997277801915	0.790113386532399	0.47781987857356706	0.5088450328098205				3275
ESS_10_fixed_common	10.0	A1	entropy_plus_eta2	development_pathway_grouped_cv	2440.0	835.0	0.03818684067227468	0.8393839785794502	0.47781987857356706	0.5088450328098205				3275
ESS_10_fixed_common	10.0	A1	entropy	confirmation_from_development_fit	2440.0	835.0	0.0415005144789028	0.8201777751165186	0.47781987857356706	0.5088450328098205				3275
ESS_10_fixed_common	10.0	A1	entropy_plus_eta2	confirmation_from_development_fit	2440.0	835.0	0.036534984494297026	0.866021407083406	0.47781987857356706	0.5088450328098205				3275
ESS_10_fixed_common	10.0	A1	eta2_association	development_pathway_grouped_cv				0.8371885978748804	0.47781987857356706	0.5088450328098205	2440.0			3275
ESS_10_fixed_common	10.0	A1	entropy_association	development_pathway_grouped_cv				0.8115047711244586	0.47781987857356706	0.5088450328098205	2440.0			3275
ESS_10_fixed_common	10.0	A1	eta2_association	confirmation_from_development_fit				0.848774376393061	0.47781987857356706	0.5088450328098205	835.0			3275
ESS_10_fixed_common	10.0	A1	entropy_association	confirmation_from_development_fit				0.820107181867073	0.47781987857356706	0.5088450328098205	835.0			3275
ESS_10_fixed_common	10.0	A1	eta2_increment	confirmation_from_development_fit	2440.0	835.0			0.47781987857356706	0.5088450328098205		0.004965529984605775	0.045843631966887455	3275
ESS_10_fixed_common	10.0	A1	eta2_increment	development_pathway_grouped_cv	2440.0	835.0			0.47781987857356706	0.5088450328098205		0.004532156605527235	0.0492705920470512	3275
ESS_10_fixed_common	10.0	A2	entropy	development_pathway_grouped_cv	2440.0	835.0	0.0710903369070406	0.8357271909815014	0.5553528039089711	0.48625171314576265				3275
ESS_10_fixed_common	10.0	A2	entropy_plus_eta2	development_pathway_grouped_cv	2440.0	835.0	0.060529757558298196	0.8857464218515256	0.5553528039089711	0.48625171314576265				3275
ESS_10_fixed_common	10.0	A2	entropy	confirmation_from_development_fit	2440.0	835.0	0.06459092695150226	0.8561919954103517	0.5553528039089711	0.48625171314576265				3275
ESS_10_fixed_common	10.0	A2	entropy_plus_eta2	confirmation_from_development_fit	2440.0	835.0	0.05813045617944021	0.8852557934402515	0.5553528039089711	0.48625171314576265				3275
ESS_10_fixed_common	10.0	A2	eta2_association	development_pathway_grouped_cv				0.8621610338251097	0.5553528039089711	0.48625171314576265	2440.0			3275
ESS_10_fixed_common	10.0	A2	entropy_association	development_pathway_grouped_cv				0.8405853084536038	0.5553528039089711	0.48625171314576265	2440.0			3275
ESS_10_fixed_common	10.0	A2	eta2_association	confirmation_from_development_fit				0.8514437365883544	0.5553528039089711	0.48625171314576265	835.0			3275
ESS_10_fixed_common	10.0	A2	entropy_association	confirmation_from_development_fit				0.8561919954103517	0.5553528039089711	0.48625171314576265	835.0			3275
ESS_10_fixed_common	10.0	A2	eta2_increment	confirmation_from_development_fit	2440.0	835.0			0.5553528039089711	0.48625171314576265		0.006460470772062049	0.02906379802989978	3275
ESS_10_fixed_common	10.0	A2	eta2_increment	development_pathway_grouped_cv	2440.0	835.0			0.5553528039089711	0.48625171314576265		0.010560579348742404	0.050019230870024245	3275
ESS_20_eligible	20.0	A1	entropy	development_pathway_grouped_cv	2453.0	838.0	0.06303761438551192	0.771055494588426	0.5827273422861354	0.48690775945394876				3291
ESS_20_eligible	20.0	A1	entropy_plus_eta2	development_pathway_grouped_cv	2453.0	838.0	0.05119776018893274	0.8549295293896283	0.5827273422861354	0.48690775945394876				3291
ESS_20_eligible	20.0	A1	entropy	confirmation_from_development_fit	2453.0	838.0	0.056611573018635425	0.8189914769948506	0.5827273422861354	0.48690775945394876				3291
ESS_20_eligible	20.0	A1	entropy_plus_eta2	confirmation_from_development_fit	2453.0	838.0	0.04917041457142659	0.8494122854589604	0.5827273422861354	0.48690775945394876				3291
ESS_20_eligible	20.0	A1	eta2_association	development_pathway_grouped_cv				0.8525018466759893	0.5827273422861354	0.48690775945394876	2453.0			3291
ESS_20_eligible	20.0	A1	entropy_association	development_pathway_grouped_cv				0.7867354853001434	0.5827273422861354	0.48690775945394876	2453.0			3291
ESS_20_eligible	20.0	A1	eta2_association	confirmation_from_development_fit				0.8312558311039856	0.5827273422861354	0.48690775945394876	838.0			3291
ESS_20_eligible	20.0	A1	entropy_association	confirmation_from_development_fit				0.8189914769948506	0.5827273422861354	0.48690775945394876	838.0			3291
ESS_20_eligible	20.0	A1	eta2_increment	confirmation_from_development_fit	2453.0	838.0			0.5827273422861354	0.48690775945394876		0.007441158447208836	0.030420808464109772	3291
ESS_20_eligible	20.0	A1	eta2_increment	development_pathway_grouped_cv	2453.0	838.0			0.5827273422861354	0.48690775945394876		0.01183985419657918	0.08387403480120226	3291
ESS_20_eligible	20.0	A2	entropy	development_pathway_grouped_cv	2453.0	838.0	0.07302604744922009	0.846708124183213	0.5231499965802316	0.5027487116471895				3291
ESS_20_eligible	20.0	A2	entropy_plus_eta2	development_pathway_grouped_cv	2453.0	838.0	0.06464922415348742	0.8888894026338243	0.5231499965802316	0.5027487116471895				3291
ESS_20_eligible	20.0	A2	entropy	confirmation_from_development_fit	2453.0	838.0	0.06752857632785852	0.8584931537569069	0.5231499965802316	0.5027487116471895				3291
ESS_20_eligible	20.0	A2	entropy_plus_eta2	confirmation_from_development_fit	2453.0	838.0	0.06090591673477909	0.8952857007839071	0.5231499965802316	0.5027487116471895				3291
ESS_20_eligible	20.0	A2	eta2_association	development_pathway_grouped_cv				0.8532193823746701	0.5231499965802316	0.5027487116471895	2453.0			3291
ESS_20_eligible	20.0	A2	entropy_association	development_pathway_grouped_cv				0.8507772110460018	0.5231499965802316	0.5027487116471895	2453.0			3291
ESS_20_eligible	20.0	A2	eta2_association	confirmation_from_development_fit				0.8530818769178499	0.5231499965802316	0.5027487116471895	838.0			3291
ESS_20_eligible	20.0	A2	entropy_association	confirmation_from_development_fit				0.8584166060028791	0.5231499965802316	0.5027487116471895	838.0			3291
ESS_20_eligible	20.0	A2	eta2_increment	confirmation_from_development_fit	2453.0	838.0			0.5231499965802316	0.5027487116471895		0.006622659593079436	0.03679254702700019	3291
ESS_20_eligible	20.0	A2	eta2_increment	development_pathway_grouped_cv	2453.0	838.0			0.5231499965802316	0.5027487116471895		0.008376823295732666	0.04218127845061137	3291
ESS_20_fixed_common	20.0	A1	entropy	development_pathway_grouped_cv	2453.0	838.0	0.06896333237020734	0.7802203794459931	0.5602029203751007	0.5088303748139203				3291
ESS_20_fixed_common	20.0	A1	entropy_plus_eta2	development_pathway_grouped_cv	2453.0	838.0	0.05745757989246599	0.8530385792235861	0.5602029203751007	0.5088303748139203				3291
ESS_20_fixed_common	20.0	A1	entropy	confirmation_from_development_fit	2453.0	838.0	0.06217617735097547	0.8203356484990005	0.5602029203751007	0.5088303748139203				3291
ESS_20_fixed_common	20.0	A1	entropy_plus_eta2	confirmation_from_development_fit	2453.0	838.0	0.05343912403564561	0.8583389629502789	0.5602029203751007	0.5088303748139203				3291
ESS_20_fixed_common	20.0	A1	eta2_association	development_pathway_grouped_cv				0.8468555457634054	0.5602029203751007	0.5088303748139203	2453.0			3291
ESS_20_fixed_common	20.0	A1	entropy_association	development_pathway_grouped_cv				0.7919809777672477	0.5602029203751007	0.5088303748139203	2453.0			3291
ESS_20_fixed_common	20.0	A1	eta2_association	confirmation_from_development_fit				0.8390062293697412	0.5602029203751007	0.5088303748139203	838.0			3291
ESS_20_fixed_common	20.0	A1	entropy_association	confirmation_from_development_fit				0.8203356484990005	0.5602029203751007	0.5088303748139203	838.0			3291
ESS_20_fixed_common	20.0	A1	eta2_increment	confirmation_from_development_fit	2453.0	838.0			0.5602029203751007	0.5088303748139203		0.008737053315329861	0.03800331445127836	3291
ESS_20_fixed_common	20.0	A1	eta2_increment	development_pathway_grouped_cv	2453.0	838.0			0.5602029203751007	0.5088303748139203		0.011505752477741348	0.07281819977759296	3291
ESS_20_fixed_common	20.0	A2	entropy	development_pathway_grouped_cv	2453.0	838.0	0.0832950902689986	0.816085166881224	0.5069853427670405	0.4566925145102454				3291
ESS_20_fixed_common	20.0	A2	entropy_plus_eta2	development_pathway_grouped_cv	2453.0	838.0	0.07306976779270688	0.8641627211768269	0.5069853427670405	0.4566925145102454				3291
ESS_20_fixed_common	20.0	A2	entropy	confirmation_from_development_fit	2453.0	838.0	0.0775431351622605	0.8231418448032943	0.5069853427670405	0.4566925145102454				3291
ESS_20_fixed_common	20.0	A2	entropy_plus_eta2	confirmation_from_development_fit	2453.0	838.0	0.0722227725947459	0.8575846240723202	0.5069853427670405	0.4566925145102454				3291
ESS_20_fixed_common	20.0	A2	eta2_association	development_pathway_grouped_cv				0.8371719234644042	0.5069853427670405	0.4566925145102454	2453.0			3291
ESS_20_fixed_common	20.0	A2	entropy_association	development_pathway_grouped_cv				0.8206517646873888	0.5069853427670405	0.4566925145102454	2453.0			3291
ESS_20_fixed_common	20.0	A2	eta2_association	confirmation_from_development_fit				0.8248269395355389	0.5069853427670405	0.4566925145102454	838.0			3291
ESS_20_fixed_common	20.0	A2	entropy_association	confirmation_from_development_fit				0.823068449157458	0.5069853427670405	0.4566925145102454	838.0			3291
ESS_20_fixed_common	20.0	A2	eta2_increment	confirmation_from_development_fit	2453.0	838.0			0.5069853427670405	0.4566925145102454		0.0053203625675146	0.034442779269025836	3291
ESS_20_fixed_common	20.0	A2	eta2_increment	development_pathway_grouped_cv	2453.0	838.0			0.5069853427670405	0.4566925145102454		0.010225322476291723	0.0480775542956029	3291
ESS_40_eligible	40.0	A1	entropy	development_pathway_grouped_cv	2488.0	843.0	0.07553130850438017	0.8264828698745947	0.5701069353650658	0.5456054983576201				3331
ESS_40_eligible	40.0	A1	entropy_plus_eta2	development_pathway_grouped_cv	2488.0	843.0	0.06102983926536036	0.888740335877238	0.5701069353650658	0.5456054983576201				3331
ESS_40_eligible	40.0	A1	entropy	confirmation_from_development_fit	2488.0	843.0	0.06863035824189417	0.8515282267202462	0.5701069353650658	0.5456054983576201				3331
ESS_40_eligible	40.0	A1	entropy_plus_eta2	confirmation_from_development_fit	2488.0	843.0	0.05825130250530825	0.896423810450254	0.5701069353650658	0.5456054983576201				3331
ESS_40_eligible	40.0	A1	eta2_association	development_pathway_grouped_cv				0.8565806511077577	0.5701069353650658	0.5456054983576201	2488.0			3331
ESS_40_eligible	40.0	A1	entropy_association	development_pathway_grouped_cv				0.8297325683119463	0.5701069353650658	0.5456054983576201	2488.0			3331
ESS_40_eligible	40.0	A1	eta2_association	confirmation_from_development_fit				0.8628539577579958	0.5701069353650658	0.5456054983576201	843.0			3331
ESS_40_eligible	40.0	A1	entropy_association	confirmation_from_development_fit				0.8515282267202462	0.5701069353650658	0.5456054983576201	843.0			3331
ESS_40_eligible	40.0	A1	eta2_increment	confirmation_from_development_fit	2488.0	843.0			0.5701069353650658	0.5456054983576201		0.010379055736585922	0.04489558373000779	3331
ESS_40_eligible	40.0	A1	eta2_increment	development_pathway_grouped_cv	2488.0	843.0			0.5701069353650658	0.5456054983576201		0.014501469239019807	0.06225746600264326	3331
ESS_40_eligible	40.0	A2	entropy	development_pathway_grouped_cv	2488.0	843.0	0.0862086787088886	0.8290041062420468	0.48956997756498033	0.4908479584192011				3331
ESS_40_eligible	40.0	A2	entropy_plus_eta2	development_pathway_grouped_cv	2488.0	843.0	0.07510121591333567	0.8708846316005978	0.48956997756498033	0.4908479584192011				3331
ESS_40_eligible	40.0	A2	entropy	confirmation_from_development_fit	2488.0	843.0	0.08174238093178257	0.8467942192942306	0.48956997756498033	0.4908479584192011				3331
ESS_40_eligible	40.0	A2	entropy_plus_eta2	confirmation_from_development_fit	2488.0	843.0	0.07124460990947769	0.884654124069203	0.48956997756498033	0.4908479584192011				3331
ESS_40_eligible	40.0	A2	eta2_association	development_pathway_grouped_cv				0.8171115035159469	0.48956997756498033	0.4908479584192011	2488.0			3331
ESS_40_eligible	40.0	A2	entropy_association	development_pathway_grouped_cv				0.8335013767989069	0.48956997756498033	0.4908479584192011	2488.0			3331
ESS_40_eligible	40.0	A2	eta2_association	confirmation_from_development_fit				0.8355653899323208	0.48956997756498033	0.4908479584192011	843.0			3331
ESS_40_eligible	40.0	A2	entropy_association	confirmation_from_development_fit				0.8467942192942306	0.48956997756498033	0.4908479584192011	843.0			3331
ESS_40_eligible	40.0	A2	eta2_increment	confirmation_from_development_fit	2488.0	843.0			0.48956997756498033	0.4908479584192011		0.010497771022304883	0.037859904774972364	3331
ESS_40_eligible	40.0	A2	eta2_increment	development_pathway_grouped_cv	2488.0	843.0			0.48956997756498033	0.4908479584192011		0.011107462795552928	0.041880525358551024	3331
ESS_40_fixed_common	40.0	A1	entropy	development_pathway_grouped_cv	2488.0	843.0	0.08290340712086225	0.8076023130748125	0.4972938844614498	0.49471823973077356				3331
ESS_40_fixed_common	40.0	A1	entropy_plus_eta2	development_pathway_grouped_cv	2488.0	843.0	0.07011804001347971	0.8619421129595709	0.4972938844614498	0.49471823973077356				3331
ESS_40_fixed_common	40.0	A1	entropy	confirmation_from_development_fit	2488.0	843.0	0.07625232802351188	0.8327120859501597	0.4972938844614498	0.49471823973077356				3331
ESS_40_fixed_common	40.0	A1	entropy_plus_eta2	confirmation_from_development_fit	2488.0	843.0	0.06716647192352308	0.8753447195848642	0.4972938844614498	0.49471823973077356				3331
ESS_40_fixed_common	40.0	A1	eta2_association	development_pathway_grouped_cv				0.8250514209266624	0.4972938844614498	0.49471823973077356	2488.0			3331
ESS_40_fixed_common	40.0	A1	entropy_association	development_pathway_grouped_cv				0.8103344057320481	0.4972938844614498	0.49471823973077356	2488.0			3331
ESS_40_fixed_common	40.0	A1	eta2_association	confirmation_from_development_fit				0.84047515907064	0.4972938844614498	0.49471823973077356	843.0			3331
ESS_40_fixed_common	40.0	A1	entropy_association	confirmation_from_development_fit				0.8327120859501597	0.4972938844614498	0.49471823973077356	843.0			3331
ESS_40_fixed_common	40.0	A1	eta2_increment	confirmation_from_development_fit	2488.0	843.0			0.4972938844614498	0.49471823973077356		0.009085856099988798	0.042632633634704487	3331
ESS_40_fixed_common	40.0	A1	eta2_increment	development_pathway_grouped_cv	2488.0	843.0			0.4972938844614498	0.49471823973077356		0.01278536710738254	0.054339799884758455	3331
ESS_40_fixed_common	40.0	A2	entropy	development_pathway_grouped_cv	2488.0	843.0	0.09183738730681251	0.8076251417533307	0.4530713158982602	0.4545194256994727				3331
ESS_40_fixed_common	40.0	A2	entropy_plus_eta2	development_pathway_grouped_cv	2488.0	843.0	0.08104875841128935	0.8484052438294792	0.4530713158982602	0.4545194256994727				3331
ESS_40_fixed_common	40.0	A2	entropy	confirmation_from_development_fit	2488.0	843.0	0.08712683790681117	0.8176426845396273	0.4530713158982602	0.4545194256994727				3331
ESS_40_fixed_common	40.0	A2	entropy_plus_eta2	confirmation_from_development_fit	2488.0	843.0	0.07819354949546066	0.8548555417410402	0.4530713158982602	0.4545194256994727				3331
ESS_40_fixed_common	40.0	A2	eta2_association	development_pathway_grouped_cv				0.7963992136821442	0.4530713158982602	0.4545194256994727	2488.0			3331
ESS_40_fixed_common	40.0	A2	entropy_association	development_pathway_grouped_cv				0.8114312206001979	0.4530713158982602	0.4545194256994727	2488.0			3331
ESS_40_fixed_common	40.0	A2	eta2_association	confirmation_from_development_fit				0.8125072080790954	0.4530713158982602	0.4545194256994727	843.0			3331
ESS_40_fixed_common	40.0	A2	entropy_association	confirmation_from_development_fit				0.8176426845396273	0.4530713158982602	0.4545194256994727	843.0			3331
ESS_40_fixed_common	40.0	A2	eta2_increment	confirmation_from_development_fit	2488.0	843.0			0.4530713158982602	0.4545194256994727		0.008933288411350507	0.037212857201412874	3331
ESS_40_fixed_common	40.0	A2	eta2_increment	development_pathway_grouped_cv	2488.0	843.0			0.4530713158982602	0.4545194256994727		0.010788628895523164	0.04078010207614857	3331
