target_ess	arm	reaction_split	descriptor	n_reactions	spearman_rho	partial_rank_eta2_given_entropy
10.0	A1	ALL	eta2	3275	0.8459176760729179	
10.0	A1	ALL	H_dir	3625	0.8412884241393813	
10.0	A1	ALL	eta2_increment	3275		0.4972108840023877
10.0	A1	CONFIRMATION_HOLDOUT	eta2	835	0.8539839433491487	
10.0	A1	CONFIRMATION_HOLDOUT	H_dir	910	0.8451379476101537	
10.0	A1	CONFIRMATION_HOLDOUT	eta2_increment	835		0.5220267818629282
10.0	A1	DEVELOPMENT	eta2	2440	0.8429288389014418	
10.0	A1	DEVELOPMENT	H_dir	2715	0.8398917846045502	
10.0	A1	DEVELOPMENT	eta2_increment	2440		0.48833496864031967
10.0	A2	ALL	eta2	3328	0.8340652782179371	
10.0	A2	ALL	H_dir	3625	0.8433902266514617	
10.0	A2	ALL	eta2_increment	3328		0.47559375837006546
10.0	A2	CONFIRMATION_HOLDOUT	eta2	843	0.8440544011984308	
10.0	A2	CONFIRMATION_HOLDOUT	H_dir	910	0.8559806103043819	
10.0	A2	CONFIRMATION_HOLDOUT	eta2_increment	843		0.4681160398525421
10.0	A2	DEVELOPMENT	eta2	2485	0.8314487991471142	
10.0	A2	DEVELOPMENT	H_dir	2715	0.8388643806191222	
10.0	A2	DEVELOPMENT	eta2_increment	2485		0.4801034415659752
20.0	A1	ALL	eta2	3292	0.8635117423215292	
20.0	A1	ALL	H_dir	3625	0.8312280510626086	
20.0	A1	ALL	eta2_increment	3292		0.5863186617952064
20.0	A1	CONFIRMATION_HOLDOUT	eta2	838	0.852671684562375	
20.0	A1	CONFIRMATION_HOLDOUT	H_dir	910	0.851424376071498	
20.0	A1	CONFIRMATION_HOLDOUT	eta2_increment	838		0.533283970724685
20.0	A1	DEVELOPMENT	eta2	2454	0.8670739581947223	
20.0	A1	DEVELOPMENT	H_dir	2715	0.8239790660028475	
20.0	A1	DEVELOPMENT	eta2_increment	2454		0.6047186997790018
20.0	A2	ALL	eta2	3328	0.8342105859572173	
20.0	A2	ALL	H_dir	3625	0.8576859867400338	
20.0	A2	ALL	eta2_increment	3328		0.4799971132305038
20.0	A2	CONFIRMATION_HOLDOUT	eta2	843	0.848264190239033	
20.0	A2	CONFIRMATION_HOLDOUT	H_dir	910	0.8629471452509324	
20.0	A2	CONFIRMATION_HOLDOUT	eta2_increment	843		0.49369760872710594
20.0	A2	DEVELOPMENT	eta2	2485	0.8299919526415759	
20.0	A2	DEVELOPMENT	H_dir	2715	0.8557638583102689	
20.0	A2	DEVELOPMENT	eta2_increment	2485		0.4773478606969987
40.0	A1	ALL	eta2	3332	0.8581847152133654	
40.0	A1	ALL	H_dir	3625	0.8509943657884858	
40.0	A1	ALL	eta2_increment	3332		0.5614112400583758
40.0	A1	CONFIRMATION_HOLDOUT	eta2	843	0.8670387441238157	
40.0	A1	CONFIRMATION_HOLDOUT	H_dir	910	0.8661493254792462	
40.0	A1	CONFIRMATION_HOLDOUT	eta2_increment	843		0.5566097862418937
40.0	A1	DEVELOPMENT	eta2	2489	0.8553492003188117	
40.0	A1	DEVELOPMENT	H_dir	2715	0.8455850469965406	
40.0	A1	DEVELOPMENT	eta2_increment	2489		0.5630160323113852
40.0	A2	ALL	eta2	3331	0.822647182324336	
40.0	A2	ALL	H_dir	3625	0.8414295155234987	
40.0	A2	ALL	eta2_increment	3331		0.4893515360614625
40.0	A2	CONFIRMATION_HOLDOUT	eta2	843	0.8372880510067792	
40.0	A2	CONFIRMATION_HOLDOUT	H_dir	910	0.8498608952732609	
40.0	A2	CONFIRMATION_HOLDOUT	eta2_increment	843		0.49816800887700297
40.0	A2	DEVELOPMENT	eta2	2488	0.8177424075564704	
40.0	A2	DEVELOPMENT	H_dir	2715	0.8385400732077734	
40.0	A2	DEVELOPMENT	eta2_increment	2488		0.4868670320751338
