scope	feature	unit	candidate_rows	finite_paired_rows	a1_mean	a2_mean	paired_delta_mean	paired_delta_median
ALL_EVALUATION_REACTION	sign_magnitude_eta2	evaluation_x_reaction	1671600	573882	0.10306014787630803	0.10448919338780085	0.001429045511492805	0
DEVELOPMENT	sign_magnitude_eta2	reaction_mean_across_truth_evaluations	3134	2453	0.092632408220741272	0.086479746610951744	-0.0061526616097895307	-6.2476088142323061e-28
CONFIRMATION_HOLDOUT	sign_magnitude_eta2	reaction_mean_across_truth_evaluations	1045	838	0.092935951970159719	0.087734170390645003	-0.0052017815795147105	-4.6030771292464314e-28
ALL_EVALUATION_REACTION	sign_magnitude_correlation	evaluation_x_reaction	1671600	187798	-0.021146137450164981	-0.0098454214257149061	0.011300716024450074	0.00037587258790712882
DEVELOPMENT	sign_magnitude_correlation	reaction_mean_across_truth_evaluations	3134	2034	-0.016903368170733981	0.0031113777424959842	0.020014745913229964	0.022275811846193469
CONFIRMATION_HOLDOUT	sign_magnitude_correlation	reaction_mean_across_truth_evaluations	1045	702	-0.010017587997944423	0.00086551706744961653	0.010883105065394034	0.024219878604739814
ALL_EVALUATION_REACTION	directional_entropy3	evaluation_x_reaction	1671600	1671600	0.020117155369665504	0.046696558309423541	0.026579402939758041	0
DEVELOPMENT	directional_entropy3	reaction_mean_across_truth_evaluations	3134	3134	0.02122961063687822	0.046191112735962547	0.024961502099084331	0.017586631677676864
CONFIRMATION_HOLDOUT	directional_entropy3	reaction_mean_across_truth_evaluations	1045	1045	0.020412635339252125	0.044587047628594029	0.024174412289341911	0.016640424143011895
ALL_EVALUATION_REACTION	dominant_sign_mass	evaluation_x_reaction	1671600	1671600	0.98965216069460715	0.9763508066417359	-0.013301354052871363	0
DEVELOPMENT	dominant_sign_mass	reaction_mean_across_truth_evaluations	3134	3134	0.98903469185055592	0.97649084295309685	-0.012543848897458951	-0.0084692861168012556
CONFIRMATION_HOLDOUT	dominant_sign_mass	reaction_mean_across_truth_evaluations	1045	1045	0.98950082090315272	0.97739495654890685	-0.012105864354245944	-0.006843463965883978
ALL_EVALUATION_REACTION	n_supported_sign_states	evaluation_x_reaction	1671600	1671600	1.2254845656855706	1.2261156975352956	0.00063113184972481454	0
DEVELOPMENT	n_supported_sign_states	reaction_mean_across_truth_evaluations	3134	3134	1.2223701685092878	1.2227703133893308	0.00040014488004277412	0
CONFIRMATION_HOLDOUT	n_supported_sign_states	reaction_mean_across_truth_evaluations	1045	1045	1.219816371395319	1.2202120781068151	0.00039570671149618582	0
ALL_EVALUATION_REACTION	anchor_width80_contraction	evaluation_x_reaction	1671600	719600	0.79517640401898304	0.51003634780788387	-0.28514005621109922	-0.14908474518403247
DEVELOPMENT	anchor_width80_contraction	reaction_mean_across_truth_evaluations	3134	2715	0.79102941723910525	0.51670976842690797	-0.27431964881219728	-0.26661262789971085
CONFIRMATION_HOLDOUT	anchor_width80_contraction	reaction_mean_across_truth_evaluations	1045	910	0.78247549557549145	0.50367451279751752	-0.27880098277797388	-0.26428324638233003
ALL_EVALUATION_REACTION	joint_ess	evaluation_x_reaction	1671600	1671600	5.0940124120737522	27.186039152760856	22.092026740687103	9.5246280613056378
DEVELOPMENT	joint_ess	reaction_mean_across_truth_evaluations	3134	3134	5.3455638506049343	28.652032212964723	23.306468362359794	23.306468362359784
CONFIRMATION_HOLDOUT	joint_ess	reaction_mean_across_truth_evaluations	1045	1045	5.3455638506049343	28.652032212964723	23.306468362359791	23.306468362359784
ALL_EVALUATION_REACTION	abs_delta_anchor_target_correlation	evaluation_x_reaction	1671600	572123	0.013032347249797247	0.025857810767925957	0.012825463518128709	-1.6542721636980673e-09
DEVELOPMENT	abs_delta_anchor_target_correlation	reaction_mean_across_truth_evaluations	3134	2453	0.02343687248891508	0.028137470476876154	0.0047005979879610757	0.0023906076885718275
CONFIRMATION_HOLDOUT	abs_delta_anchor_target_correlation	reaction_mean_across_truth_evaluations	1045	838	0.017072978127502504	0.015350200364977742	-0.0017227777625247629	0.002340771715153421
