truth_pair_id	evaluation_id	a1_case_rows	a2_case_rows	matched
007832ad575d14b27e7ece27a672a5ce965dadb1f167bd28d61a2fecc996832e	E0051	4179	4179	true
018b0e265b635f2935a91b9977913642782296152362e4c8bb7a8b32fd178624	E0116	4179	4179	true
01e70d10e0c231194238164eba7ddb3b2ff575d209cfc2f84cf546aaca07cd33	E0234	4179	4179	true
029ef99267dbbc1875f7cb11b2be844c6db064b79fa29cdb56b36a9bb66627e1	E0075	4179	4179	true
0357449b46caf5a0168d6c5ac169e0ff1a5d9508f01ac5f6854161c9e04b9dbd	E0133	4179	4179	true
037025beb6fedfb492075897853722bdea384cd4da26a974aab2c0db24232ce2	E0345	4179	4179	true
03a7bab80584ec8a437f149d487a2b8e21a0a76fe59955423a57504d6889ba62	E0074	4179	4179	true
046f6bf4d6f7aab4aa6f0317534718289277006b071f8a0d633cd1859c0da354	E0124	4179	4179	true
047ff68d971144f048852432bbac0cf0e1f8e9c16fada3b0e3d810c4b8a3c827	E0028	4179	4179	true
04a126244d84f7cc51964e92c71961b8d8c9822a2c6abe2de5b8ef1d1235282d	E0357	4179	4179	true
04e3d1a80968091b56689b17d79c014a1adc389094ee7f5d088ca052621d36e5	E0252	4179	4179	true
04f8dde49c06135ccaa7ea7ba645ba6d3f0db307abb1f7571775c1e6b4278152	E0308	4179	4179	true
055969b5c6f4c7ebbafa699b45ddb04881f0f6229118f95eecf9e4b48d692b4a	E0317	4179	4179	true
05a1e07c6dbe6192225824aa608dca124a4b427fc4308bb1ac4d70f884ac3d9f	E0131	4179	4179	true
05a397b8674789f4605dad6c62f28e55df16f3b0e12ad95fc684010c5e7701da	E0370	4179	4179	true
064a39f8c2985065596ffe4706652b0c38f2d3ce21566ba622c9e42134bb23e1	E0079	4179	4179	true
065e57b3216c2c1204b776fa69db5518a6b42722afc5278bbbc09238078f28d5	E0013	4179	4179	true
0664866c13f88b68e76d33dc8eb1c25c146992bc0ceef1982b25416f8927494c	E0085	4179	4179	true
070da83e494cdf4140381603356f80ffbca2b8c48f9dc5ef028f25df8a8dada8	E0158	4179	4179	true
0743c810e8df51dc1ef1816e151242d772ed8bc2d04874dc2f9b949545051aa3	E0259	4179	4179	true
0759ab61b28894be5ac394913a2230bcc325bcee46fdd1641213f7142503b955	E0099	4179	4179	true
07da6102c6828e929991a3c89f872c850589da69db79d5f92f8b29d144007588	E0054	4179	4179	true
09044c402d5b399bd686cc07f37d7e2e5295951f467bfade36bcec923be55d21	E0365	4179	4179	true
091024c87f9fa9786518b7125ede54c8032240da9930c69b2ff4d9588dd51967	E0105	4179	4179	true
09e58415f99cfcdf3f3907c8127c15bea9ed51c18629b30d889692dd47aee53e	E0074	4179	4179	true
0ab5e9fc7e1a9afe5a3c1f488ef59f4034c117a8f1f0506b363f7e708efafa5e	E0368	4179	4179	true
0ac77edf4f3be65f7da311b8bcc73fcff38c4b67d1aae99ea24604ba76ec32c5	E0052	4179	4179	true
0b2d8541ca3836a37c98f2c9acfd90917b686c9e45673ecee8ac15b2a77b8d71	E0143	4179	4179	true
0bad5fa85162fc0b06b835844cb8b0a99b76146981f39e17dfbe47f5b44d543d	E0296	4179	4179	true
0bc760cebac4e452caa8a22ac5d7414b399f6816057598eedc0e12ae1d713e57	E0050	4179	4179	true
0d6f726e02a56c9d4ff8ee29ba07191cbf37c5a1c1b30c79ee37c9e4d2917d47	E0256	4179	4179	true
0d764e0da10675ed79facd7ac453fa0be93aff7f281a27dd7262cb78a11869a7	E0380	4179	4179	true
0d9188b54f1dbf646be912a3ea5e51859b7bc7864e2d10904cc29aa49cae9b68	E0277	4179	4179	true
0dd4c715acb201778b37d7a6a6330a8f1067422da3bff4063829f275fb34e0ab	E0189	4179	4179	true
0e08af1d7caa649eccfa7316b24e37012e3f98d2a8df08c9d8d8465e302add2e	E0299	4179	4179	true
0e441eaf7fdc0e611c4651bdf144cc59be182d53eb85ef9513c335c24b6276a7	E0218	4179	4179	true
0eee5d1216979a274845c7ed293675f824ba663f9746c7f2e3f7687edbe3156e	E0285	4179	4179	true
0f0e118beaa5fa60a6b37a71d460f3117fc3dfef0223c482cbb677ee1fa58c4d	E0242	4179	4179	true
0f21b66a8f75d064f94e9f7fe11834f5f01bf7ad5184cd6b49967c9040d38187	E0390	4179	4179	true
0fd125311e2f140205a324ec1dd774d58f15d370cdba7b95c998d2398df14256	E0281	4179	4179	true
10916ac10c870aa1da6f0354dc9f49c278f02697c534a8928888b0f830d9c754	E0105	4179	4179	true
1187830a68a9013a78d7a33e87395361b9c8946b6fbcc32ce0f9c1e822c642ca	E0363	4179	4179	true
11ba6a3cbe7e008419cbfeacd4e954ee0f4a17bc06f0d39dca93f7a7da0c7b1f	E0352	4179	4179	true
11f197ce9b23d940f142a22b7e961972efd58ea8452b4919c124ef8ab88dba8e	E0383	4179	4179	true
121a6441351b0c8de24a08b682197070acc00a863d9f2c9f3ae5e22c1c3681ad	E0086	4179	4179	true
1251d97ea201eeec20b88c66175b20280a5b05daf4987e0682c75cf360e54956	E0279	4179	4179	true
12656e7f3d07f544c7eca7204222cb511bcb9cab90b878f31ea74ee9d82cef6a	E0110	4179	4179	true
12e4ca7956ca65d238fd86bd45df9380eb79ceb443a5150ff9f67d5e518a771d	E0015	4179	4179	true
12f2853972ce80524ae719968f6fc1157408ae3ed452cb24398def2d8f412877	E0191	4179	4179	true
1336749aec5263e4be585a149e5bf4da4a366b5eadcfaa7cc20d52b2eeca601d	E0339	4179	4179	true
136576f4c613ba82976b99ac9fe06087a09d1bc3b26d2d12bff29941e1fb9f35	E0284	4179	4179	true
1369afc677b0dd2111ac5eb4e74a92f71c99eb2d8b51045a7093e586d307bbb2	E0317	4179	4179	true
13e231357ac1d6ea4fd996ad00bdd98dc1e8673bea79df1451a7b6053fc0ddf9	E0331	4179	4179	true
142631039cbe0bfd13d52adb0fdb8642ef41800243c579023b45680898024317	E0163	4179	4179	true
150837c8601709207dcaa56c40eb894a340dff78d108ccfa2e42e0aa0afda459	E0119	4179	4179	true
1561f74d3a2fd9003574fdc5b51ca3e5284f6ce9d51c4f4bb3cdb03f81037b07	E0062	4179	4179	true
15b71ffa6120005b80ea9992aa1bbeb33e7366f754609d0f2f9e43194ee190e8	E0123	4179	4179	true
15e8f525bb87acda91a8b1839fd62a7b6d4696117041a2390560b1311cc93bd2	E0008	4179	4179	true
16088c20df62fa48791143e5fe8f699f0286998b61ebccf4423a2f6cdff448eb	E0137	4179	4179	true
163e2771ea871d5df4a6f21ea6d323a62dbd89891da8f776d7b519e2e025f8e9	E0284	4179	4179	true
1651550f6939551ffa5d4ff685d42dc05e94bb8cd9e1e25a4b805267c92f2ff1	E0048	4179	4179	true
16a2d3ff66f0121cf0ea7bbddcec43809925dcb150b3ad0b68f4463950400e96	E0031	4179	4179	true
16c9cdbf2922f3253c948598a3bb2314369e26076f56b7256bec3aa2a09ee41b	E0312	4179	4179	true
174456a078ae35ffee93aa3d6264401341bb4717451f636620a1ca9d6e8313e7	E0392	4179	4179	true
175b81fb375b082cedcfced8c3d542e749492f6d13158986083b505f1fb7b959	E0206	4179	4179	true
1779ad1668660a7d6e406d1849980fc07a0c428a54cea1d7e83b20120c7b9de5	E0311	4179	4179	true
1782c7d7eb348fb48e2de9189fbf32fbfc86266fb3437c67b5ffaaabcbfdc994	E0232	4179	4179	true
17b7f05a5091c19ca5acf593d62909c7adab52c23d0f806886e8439de5319d67	E0023	4179	4179	true
1852e715e2fa5c7f4f1423291afd3d5126f1f13d8b5191deeff2a488478fe5f7	E0073	4179	4179	true
1860fcea75016b18c58d6d1c206f94d704ac4ec1462d4bcd375e65765260e2ab	E0251	4179	4179	true
18a11c33726304ad413f8cb52284d7fdf3bb0d616b88a883288242e492a22dbe	E0035	4179	4179	true
194741fb2ff1d2810f5a8396234c1a5afecca08ea478d2f2b43a733721fe6f0c	E0065	4179	4179	true
1954fe36f19261a7ca13162951a1f118334e695f4b60a0df9c47c98def51e7d3	E0263	4179	4179	true
198a0d920d61903262c34e62327b0415da3408dddd60a0ee71f46e4dfb05ae58	E0388	4179	4179	true
19cf325fd22afd0c18f32ee5a2ee39032fe55f74089a19ea4ff9d04d45ec8fd3	E0344	4179	4179	true
19d4367aeb5880f07da073c99a5ec2dbbcf1e7c40beab27ed57dfc4f76200710	E0082	4179	4179	true
1a0c3b3a0d84aeaa419f272d0c997c61a8ebce48f7b06f5fa7ce913dfcca9b50	E0235	4179	4179	true
1a6463802230745464a38625f00e0892c2b27442db67eb14c6fc71b98156ccc6	E0037	4179	4179	true
1ab8233ef497899b78995ceaa475684f4af668b14193b39901876f711c63f6f3	E0366	4179	4179	true
1af859f415a7d2e5110b4ccbfa51005711db9fbb36eaf91dd95ee9339bd8cf0f	E0150	4179	4179	true
1b4225911a146e554a5d3e5b58fd778d53143183fecad781ae54d54a02e8dd3e	E0161	4179	4179	true
1bc284de4b6b367040a21288ccab46291f2b44742808677d25b75d7f1782ad26	E0144	4179	4179	true
1bcbe27d5a67665b987ccb47018e8f4e5ca67f5edb5bdb74d59dde3ac7a0624e	E0311	4179	4179	true
1c1f014912a2cc60a7a810d5b8666b5161e23d5fc74a19a01fed088245f46989	E0396	4179	4179	true
1c2b94c1a8f02774546da16d5fb5d52ddf5c2ea3ed9a30a0fb20b46527a2159c	E0239	4179	4179	true
1c47883a5778a82be6ca68e11a6035b6eb1d8cfeab4ff4fd504fa6497b3d5231	E0053	4179	4179	true
1c47ba25437f99468538605858692308fb755fefb2efca54229f07186bc31319	E0046	4179	4179	true
1c9514c8ae7296abbf441c0e2faf29d9aeac9a86aa3682c9c04551c54f9a1c54	E0297	4179	4179	true
1d4c05ac8779e19a5d6e6969a4f3ad79087c1f04ccff5efece2b8720ea3d061a	E0130	4179	4179	true
1d62b199e9f85042634e37c3ff9925f051fecdbdc61ed1e21fac39bdc5ad5f34	E0201	4179	4179	true
1da8337ea7f9bfcc84d5b479ad4ec138cf9bd47cd38a0a6309e76d53a27509aa	E0236	4179	4179	true
1ddfe4ed10da4b53628b1ae6e001f46fd4d733d8316579b4e625fc779e0a95cc	E0396	4179	4179	true
1e1380e9f158f0173398684f90da2e5dffeeaebf63e4fecb239ba58312bc1f1f	E0241	4179	4179	true
1e198961844664822eb2ebc0cc1e099dca23c094765e704d98ac1965d976372c	E0045	4179	4179	true
1e3a1570fad673cc5ea81a37dbee043d1107c60ed8c17efbd9e0e47386489ed0	E0274	4179	4179	true
1e746d69e54e398c16554478c8829c9ba562a5c53a9deb8e99197ea08f4a9130	E0380	4179	4179	true
1e83920b9544c8c9b6e111abc0a2a5d73baf38601463fc8782415fe87a8beebe	E0337	4179	4179	true
1eaaa3b3cf272c6fc6825d85451674ec3878b86fd709b3406093e67e5693bb6a	E0212	4179	4179	true
1ed33d06c7cedf7bfa236e30d57af44ad868f52385bfbbb8fdf6038550eb41c9	E0320	4179	4179	true
1ee9f06b6c7cb494621d33da064f3684253b0d2703b51769b6dd0535ac79d9f1	E0218	4179	4179	true
1f18238435b33b99a338921579ed341ab9ec210ed3b12c4305abe03c5cd3a568	E0210	4179	4179	true
1f3fa07a3adaf8d0a6d4f566dbe932b894e8ba8c512a7ecea94dc347bcdcd340	E0335	4179	4179	true
1fa1258a2a2adce9f732196dc1935a9c30e02645b53fd5196c5b6a9fa983a772	E0176	4179	4179	true
1facb3cf1c97e529c3a88ffc03fecc5624a5b2fabe510edc8181b31d234c9b7f	E0350	4179	4179	true
1fb7fa86080edab76970d869a17f2ea64bcdcaa23bf81e8696c3ce449368dc16	E0295	4179	4179	true
206de1c04c34badcf71a3e783d75fb0e3eba088052feef96eb9be18a80f8091d	E0106	4179	4179	true
20994f81718b9a1d09c46aa1ee3a8f989e8a0fa6eb42a807aab844c8a516a9b2	E0118	4179	4179	true
20ccc41f004a710c46a4dbf9138f4eb82175cd31ac4dbe82ffd0af70ddb6754a	E0087	4179	4179	true
213e6735bb06aa06ad6f0fa8f83baab8513f2d27f8d765b8de85fa338caf9aa6	E0132	4179	4179	true
21b9be94c0f307e3b4bc29086842d84a9375fb24639f2d0d6c9d8508292a0942	E0347	4179	4179	true
21bea6ddb731f9445bd9abee3efc3e0992c0862824b3807710c901facb6c8a50	E0358	4179	4179	true
21c08ac932034c1b8265d1cf91c107e09908cf5205dfef537595ff59d285bd9e	E0232	4179	4179	true
2207546bf340f07a0dfd017288ae7df39c53f0b9953e0e886f998b2cf67d9b8a	E0224	4179	4179	true
22124091b61ae3b8cd34766337511692af361dee97dff7eaad573676e22eed54	E0281	4179	4179	true
2273126c82707ac3b29fb88acf95f51d6132463ef755eaf88d492bcbc1375e8e	E0350	4179	4179	true
22cfddd36d4b9945e51c0dbb657182a200f6f913034bc33f846334b5218cd48d	E0209	4179	4179	true
22f404c06f7780b48544d7d2f565d95dc7b48de0a507384c3e6db388ecdfc538	E0151	4179	4179	true
230d0e297b0347d3f2ad7978d4d22c3dd7c2a5eed7ac510210657a79995fb857	E0262	4179	4179	true
2313e76128d1e38cd00022c3e9595607bdc5ac82fe9461cda5a091c3041be01a	E0188	4179	4179	true
23478b0ffcc10e6be5eb4274d19454ef7ac2547996ba63d4a524b8500479932e	E0272	4179	4179	true
234a96bcdc6a2fd264c4a01591bd3fc5a07f4aac76bcdc02e9d3948c03f3c8b3	E0018	4179	4179	true
236d4001cc0b9bdd1da0f086da5e03509dcc5fe8ec2b3e6ed209610177cca9f5	E0279	4179	4179	true
2486ee7df69b4ec6835eff0a37a71ccf9377821ca67943c8e08fdadb79232117	E0399	4179	4179	true
24dc3e6b3ffd2f481d9db0b8eb7b516fff26adab8cdfe67a9d04dc5c27f2a250	E0223	4179	4179	true
24ef02ace3074e81121bf2bbe3f8555582f3a500cfb9a0ffec024bd67eefefb1	E0315	4179	4179	true
24f9b3de93f80d0bce59aa55b2ce4b5a9afacf41effa93c79a2c99e58d7f6a70	E0307	4179	4179	true
2564c48730f0e6aa521f32cab9e489ce7b9d87da9e9cb82a2df16aeb5f719e8d	E0293	4179	4179	true
25846cc49fc543da61079a8f9cd8eb781bd40bed8a70a158dfa757c680fcbe13	E0382	4179	4179	true
25e69a316695e4e2baffb4c53dc4e24cb8c78fe2ea80c6f383815a5b519a9a0c	E0378	4179	4179	true
27441267da88298ca23fbf5031aff87af1f3cb3d1e0697b3247cb8d82e4c4313	E0168	4179	4179	true
2749b8532eb866d98a005bcdc90a72b26f12f9baa6888cf45e0158b9149bbd83	E0328	4179	4179	true
27603ba5d08f7408c78b1d2669e5543546352d64d5270a2b258ebd67e3f38e9c	E0297	4179	4179	true
27617ef06a95e5cd10ee0104e9272df0a66d03ba1904629cf38a2e684c8f3869	E0287	4179	4179	true
277f9c7f19c4d2235f08f2639195e8980c70e53e9fd50ef0f620d1a824bd08bf	E0306	4179	4179	true
2781cf08327aef3e828c35bc5f685b9f0f7b9ee196c394076ad2d6e6f2acc345	E0184	4179	4179	true
2790d40b08edc2fd620976827e81e985606cb96fdb4fe065bd63f73dd6f93dbd	E0276	4179	4179	true
27a52cd538cf13a66d0d5540f6298550522fe9191480d067e55d0248036b3ab2	E0134	4179	4179	true
27acf233b837fdfcf122a7447219b3f81af9b5612dc222b11ed600cab398491e	E0022	4179	4179	true
27bf991ed7e793825902a19a2c82b5d13b51653eb6bc7f2d3fb3a119ea5fd092	E0262	4179	4179	true
281db34bf4aecf7119a87391276dc5a2e1ea2e9c103355711d261a6a13c6296f	E0371	4179	4179	true
286fd1adf0dcf74c9831319521c3dc99139527fe2359a413dd75d0889780db24	E0070	4179	4179	true
2912c22b11437de4b5ff0617aaf48421b25ce4463790d3f8991ed563435aed4e	E0206	4179	4179	true
2932445f5ac205ef891a4bfe0d15661675769aad8ab7c2119e1bc89cc3a7008f	E0051	4179	4179	true
2a5656e8ba449fcb05adad8b1d9aa82f25160057dfa58fa3dc59298d07b85a1d	E0026	4179	4179	true
2aa5d07661aff22fcb44bd6393fa73bc107e5ea9f1bb5f5312413fd85547612d	E0266	4179	4179	true
2ae1e6fe7c61274f3ff256be8da93fe1b24e5f84bbbb156b99cf5f24c89d7364	E0201	4179	4179	true
2b31e55b7b9fce641bfeada26bfd4ae2bf70da359159a660736d8c2c7af09fe4	E0316	4179	4179	true
2b3b50f4ce6dc65395df9048b28ee50f33fefa1c3618d54c171fac4410c7aa3a	E0075	4179	4179	true
2b4a29bfd96a209471eeda65169c64a8e71c7e07dba7ff4bdbe51d0251625a62	E0151	4179	4179	true
2c0add2817ac059b96fea5dfc2fd7cbfe0ad88a578cf41ff0c76e61575b8bfcd	E0287	4179	4179	true
2c5de3d57a660cd9335f19d4ec51c612b8dc4264ccc4e1585f446fdfc487e53f	E0076	4179	4179	true
2c77b55e5a0e13d628e7cdb70c57e2fac7df4442ca8c225c8272d3f0a40352ed	E0258	4179	4179	true
2c946b3301e5c59662765a2ffbdbc8ecfd81e3fbdd68e1ed07c2826dc366ca79	E0325	4179	4179	true
2cab2fe42e92c1878a3f58625c914e9dd2c490b6a7cd218e766a3daefec045df	E0251	4179	4179	true
2d0111a801ff3280cf8b9816289b89cf7aaeab2774c7a7c1856800f9e16eedb6	E0342	4179	4179	true
2d431143771322712eb0933a824439676f59f2c553f0af9e9aac2c0f64590864	E0363	4179	4179	true
2dc1626f8fa692dd5e4195c322876ec20f7b99ffd2df9e650fdb52510648cadb	E0136	4179	4179	true
2e2a269d8766006f10ed3d5ec1ed157afe8e2855bf99f1e43900ca576f862544	E0216	4179	4179	true
2e986d1b85575646e8dedb5d8304ea7cb74342d8dea8fbcac8ee948138c23e86	E0274	4179	4179	true
2e9b4fca38243f0a290e71c70bdc8a7326a1be2e98d3ab6744adfbe9b95f9e3c	E0204	4179	4179	true
2ef844f699fb223a494b98bdeb176260f3fd6a21f7cabfb119c685f74078930a	E0266	4179	4179	true
2f283268f30e002cfb631b30801f7b6d032fa9ecd9fb1b0d350ed4f3b8a13235	E0203	4179	4179	true
2fb7eedae6a412700d61b2b77912c967a12af6e3a26a9e3c847d29d035d89ec3	E0029	4179	4179	true
303083e153515ebf8fa518da9b70ebeef0207a5526c385b80d752f033a6f7979	E0259	4179	4179	true
3039cca051ddfe4cba97ac72c2bfa8f1c839c38d24efe5f736daa9334d2a221d	E0341	4179	4179	true
305deb32c7a632d75d6fa2220fd5bbe8fcd6a5bfd29081e5f0c2cb12a5b7004e	E0028	4179	4179	true
3065bb86ca2a4072fc2264714920b309ca858df99a7502d31540f767422e6087	E0385	4179	4179	true
3095edfedcc8ebaa8b4d0d083ad185436e75d3d69c3fd17e8eed1abb28abaa06	E0262	4179	4179	true
30fa52ec2bb16e097c792b8f2c841169a7caa62713d33a0d06fae290cd38b541	E0358	4179	4179	true
314457939c380fe664d2196a57275c24a7fc0609a89c24fd684bca0c24962927	E0296	4179	4179	true
314af9decc133cb6bdf3ac8d10ac2f6081ef60ca37c614b9259da45dba138dcb	E0000	4179	4179	true
315c6432ad4d33b67631d33817cde8d360fa7c7a3ff166a0d1c596cea9bf5ff4	E0222	4179	4179	true
3170841bc58399c5985f5715cba11ecb240cc85d7f41c8d8323ecad7306118fb	E0263	4179	4179	true
317d15376d0853a6a689621d9254b48ef0ca654af9301c0cd4349ce0610e99e3	E0010	4179	4179	true
319c0e90a471b6610ffef79279f3ae2dc39e2a01c2529be6876d119d11658b8a	E0051	4179	4179	true
31bb9ba3d8fed2bb36bafb6ed941e8c2bc158bca72ccf03e933868a9f827a2bb	E0028	4179	4179	true
320165454f46e592df5ca93c1f88d3eacd4e37e949569bef88e9ed79656d5a01	E0196	4179	4179	true
32595b48cdf36c5a1f5f2d98edf8b7054b5963f0642ab37da712a7549293e4f3	E0022	4179	4179	true
32598c056edc1b04d42a999f6c36aa5066f6d23882482ea367e6b5acb5967785	E0244	4179	4179	true
32fae66cd5a456869b9d962e7f30266d121af0d628d23fc2e958daf6a217a592	E0203	4179	4179	true
33049511aba47de7a2cddbdc3c5c634c9ae1250ef18f3bccc96236fa83c241cc	E0342	4179	4179	true
330649b97027c61d5445850b8ecfdc7427c0b21230dd37012799d9b88df9cf00	E0012	4179	4179	true
331067fb6ef495f229f4a019a63e3b222b1e8f172e74680ac24fa905fa895f0f	E0146	4179	4179	true
332529e9773b2cfff4bd50524e1647f18453dc3f8a4de42a1e426ef7f861bf54	E0364	4179	4179	true
332ba3f8b5a72ea708f7dc63f87599b2d8d8399e6f5f061b9bea8a90ff066ad1	E0017	4179	4179	true
3351346f1659bebc77e3b82833f74ef95f1f56e21e11a1094188e923a511b656	E0125	4179	4179	true
336a69316b4489605df0f86fafc79154a34e79597e958f51f6d771c45fd2a8cf	E0375	4179	4179	true
339a25c674fed713f3f25878f03ec3396570338e101869afc8977335f1593545	E0097	4179	4179	true
33dbf84b74788aba823403c61c04b95ae0797a7415bbfe3944185dadfaa47d07	E0349	4179	4179	true
3417369a0d3a3bca892379a0ee9a854831d1544eec8990b35d5c8322667fe54a	E0353	4179	4179	true
343831d6430ddf82c35d8c9939698a0db727fecfe1a033a48197f3311b7ee7e6	E0214	4179	4179	true
34f0da084791d0d71b0451f9f9d12fe094e4c46dcdba740efc16b9201c71a25f	E0053	4179	4179	true
34f6008838e764cd3331ba6420a8eb91a4cedf6d03dd2b36a07dfec04fae3e3a	E0216	4179	4179	true
3579a3694f95e8529d89ec0bd24e5db5fe0696006596e7283bd93bcb98ea4f39	E0200	4179	4179	true
35997e5d675e7d2e85fedcc34df778b7ef219bd01afb8c02728be817048d8d14	E0217	4179	4179	true
35a800f72e0b13b2ae3925d38a705fdbe239c3d22a9494398df5e1c83a6a9cbf	E0135	4179	4179	true
35e4c020eba2c600944eb050de7e2eec760628c1429bb011112200df56a26dd3	E0276	4179	4179	true
374c53d318587d488a0e1d5389a629a489a9433ddc3e14aee6690c767d252a8e	E0149	4179	4179	true
3877943bfe8cb1158674bda3a134d2931b617279d36ed629c2f8903d64278f23	E0216	4179	4179	true
395beaa4d2ae86f6000aea2f3053e6c5b2c7b36d58f2f9fbc740f4a676055177	E0214	4179	4179	true
3964455d95a744e7adc302081d34d58f82b178a5266d047cc32e1826d16ec15b	E0343	4179	4179	true
39ed2efd665f0a72055011fdb49001f3485638f46826d720f5df5c8b6117f715	E0271	4179	4179	true
3a0530a7aebfbd903ee0332451ae909f856468deed0f197af1313cab01e0d402	E0250	4179	4179	true
3a476a5f68a142765c969744dfc9d103b34355ad60801a74f85638b42c00f911	E0172	4179	4179	true
3a7bf9bd37153a6eea96ea803e643a86c60bc6bd965b41568be96e90b7cfce58	E0094	4179	4179	true
3acb217b748ca60962d1e3723ba7d8f97f64bbef0e13ce2026037e9be6435346	E0223	4179	4179	true
3af41e13a41de3aead9795c55a70131b2c1d05f4319a02ace01b6402aefe999e	E0280	4179	4179	true
3b0399a68111190c5bd81245e82f7fd0c04e8af3d67aca3564967fa24d8dd73c	E0341	4179	4179	true
3b438de7b6a71bcc0d43415ea6537354da7b726957293c8e012e69b911853680	E0220	4179	4179	true
3bced444f5d98b4928791789810db3b6cf0d116e74d2caffc868ebfbf38a0fbb	E0205	4179	4179	true
3c23fae6d8408b5036abb6abd7126eea8733cca00cb73e5119d534b03e5cf8e1	E0383	4179	4179	true
3c65e8acfb5fb1e6a7c6c373fd97aa9112f9574a3602f912a32f7b9eb9e5f68b	E0029	4179	4179	true
3c822828461fac0c650c1d75acb246276c071dc719459444acd8a5548f6d71d9	E0103	4179	4179	true
3d06149d64d21dbcd6d7df9ed04998759796953b3d9432924a0438f1c64fb6b1	E0112	4179	4179	true
3d774cc700b498e74839bee003d199e1a1940c5fed59b4da461ec9b8d174b4e3	E0069	4179	4179	true
3dc7c6ec2ec31e4a34adeedda60bdc97627d6cf9c11c57698b7f7f871f98a05a	E0049	4179	4179	true
3df5b7ec2c4173362d8a07727f1db7871b7d8c38fed7c95d5c439905cc71a93b	E0271	4179	4179	true
3e087fcf42c4c00a635e8f8b77bee53b4799407e7d9c07b1cf0115eb0f097e8e	E0385	4179	4179	true
3e12eed8cc9cc3b99f25a39f54b8670d0061c69f976b499bb4c3843646787d96	E0107	4179	4179	true
3e4ee1291e23093d1defd3d6be68b123dcd7d6c2458cd8ed22f946f612e0d7e2	E0078	4179	4179	true
3e7a22f67c89c97c6ad3c6684b1867ca404e6be297e216c5b4faaa9d7846c9f2	E0129	4179	4179	true
3f6de819449de7db0a7b050677f5e69b1d089cddec1a30d7c21533a30f05dad4	E0171	4179	4179	true
3fdda18592e906cb03d6b7c5c8f9d8f429bd5944ebaec59e615ba389166c9452	E0031	4179	4179	true
400cac039d71883404b37ab4230424033047835ac4190eb71da6cd33f9be022d	E0345	4179	4179	true
40670f5baa6df8a267182334791fca87944c90fc975ddaf2294c32772cf1ab97	E0337	4179	4179	true
409f0ee1e64b8d5c1babd09ad04369cfb99dacfbedc81ab9e48d135516a3c225	E0349	4179	4179	true
40d3727a916a00032df40f497c432fee746ffe635827de3cfd72888c73c8f1ef	E0301	4179	4179	true
40f250930aa3f5c80a0e60ede3e2f935867bede42c292e03cd7fe408e131ce9c	E0291	4179	4179	true
414f769699c19d59c0d2216205396f94cdd82e70c28f68afd5e318dc1f5836cc	E0098	4179	4179	true
435ea511fa08a4db358670833c8169d788bf3b28670ee1aa67124aabf4fc1610	E0154	4179	4179	true
43736a142e45141b338d710097c6b0de7fa4ffe19a26902927e166566d2a39cd	E0199	4179	4179	true
43d310b81a9c0a8ff1f124840bbbddfc1d75fc229d53c1148cdd555466aca5fb	E0354	4179	4179	true
44551307d151f826da5f4b8f5ac4fd13b609ea1aad6e553af52bd1123b284e59	E0378	4179	4179	true
448d868f58e3cd737a737b4e26be5b171a3353c6b07d50a8ad10e9ab684483ef	E0332	4179	4179	true
44b7dadadc90fe21ac79075b4e54c354d40cc1323be87ea1ed85b3a4f925e36e	E0144	4179	4179	true
44c191d19d9e076553fa078b054d57809efd131ee8af7f6156f46cb3f4bcb9b2	E0118	4179	4179	true
4542790472cdb4e554ba28a0cc5881621163a7ed4fb42a0ae10d2635810b3e8a	E0025	4179	4179	true
45607ca48dde4124025ff13859c7de2c7c46df5cafafb98b8b803684d42dfdc5	E0080	4179	4179	true
4576aef2c517e4b9c13df1ea1387171759e92bc97f842ffb0ac9a4ce1e643633	E0007	4179	4179	true
4637341736046532483ca2dfa4f786b5540288c357141357ab008f1de1202a7f	E0117	4179	4179	true
466c09e2cde91e11c8d1aaa6e3ab85f01d488769b6011af5e7ee0aeae49ef71c	E0217	4179	4179	true
466cc5149c7ff9e86f1cd18accce911f187d8e7f95e1ee15db3cfdaff13b272a	E0169	4179	4179	true
46b0b29c8ad70af8ebd2614d03c88bb5c36a1478c3247c66f4f4ad1d30e6db38	E0041	4179	4179	true
46b3f9fbae35ec809f4d5efdc41b46fd1d9e9d2f7f4f48be6dab4691da5b0669	E0090	4179	4179	true
47fdbab9ac3859225c9a2c9196caf077e794060054c3c399c43a91a3984c973d	E0315	4179	4179	true
48109d1df79c3003b96ca2cc176c9dd6add5ff9b0edef9d1c2f7f377c23ceebe	E0385	4179	4179	true
484a4607bf73d2438b15856b931ea55dd53cc00e68b06d5f91b87dd2269541f8	E0048	4179	4179	true
486950dc2b48b7029551c6ed347c40d406f8aec0194d60222d3e0079644736f7	E0269	4179	4179	true
4916fa389068d24a04e69681a4d7f46a852ef4d122eed0cf7275e3608580ad08	E0142	4179	4179	true
495e1ee43fa74a1daa4b0eb238ae695ae4d37e7337ef49ebc106a14b64608402	E0371	4179	4179	true
496665fca600888462154d45d162491c91ef2b0e8d243e667540c8892b4f446b	E0270	4179	4179	true
49b390c5ad0844abde10e6ec1b7f851e0035f7b1bd4fdb96a2b469d1af02f674	E0213	4179	4179	true
49bf043746b5b90d9e7c9521e3f9bff1fcc28a1a4b4f2cdd08768ba03ffc4011	E0142	4179	4179	true
49f919cc5b535e2ecc473d96df13acf6d78f6c5f576294672f56b4fbb8cafa5f	E0350	4179	4179	true
4a0d73f19ae9967281f942823ae7a01bb6226d856c0449d8afe19a8ac4e4f2a4	E0212	4179	4179	true
4a5e26b879424264d48937dcff601f077f2f4b0436cf532ac15926524d3bf6c2	E0386	4179	4179	true
4aa6567da84bd650bf5894e71be0ee4ff73b79cde37d4f4d096b998b9998629b	E0087	4179	4179	true
4b57ba2d3f0802ab19e5dc563beb01e12b4f2fc7de9ea7020f9eb2a41e2207a5	E0230	4179	4179	true
4b8a1a049bc139936b28a89d91cc9a2e6daa415593731936618637bea1eebeb4	E0391	4179	4179	true
4bfec279b2fd458ba1b77d3b6892464a35c7ed286f1654bfeabb871c0312864c	E0238	4179	4179	true
4c35397e572dd70364600085c373194a3e9b16dac9b7229a72013486cbb6a246	E0255	4179	4179	true
4c47566aa2bdf18285e647e73d89bbbe6ded7173febba6408cc0cf05dd7f5400	E0390	4179	4179	true
4c92c70cfdea748e59cd3a0dd99a698723e9802627e9d68c9c29e7243996425f	E0005	4179	4179	true
4caed03db2c778863f1be255062cb22688ce499f978e69ff573a975b9568d814	E0310	4179	4179	true
4cd0790188a88ac3a69cd5da889237cea69c310947698f854fee517e883a0dc8	E0374	4179	4179	true
4cdaafb555522f675f7decf7db99c50ce9ab3d255636ded3f99ec7c41ae71a39	E0338	4179	4179	true
4d729048940ec6956d305fb6b8a609f955f28e174615c20a8b316973d94aaecc	E0102	4179	4179	true
4d76696e31873550406e9c03ab9873756ba9310f58d896a5421a299985d47cbe	E0046	4179	4179	true
4d8064fb21a6103ba0b7369b4c32aa1055b6d026c25cab451b8a867e5608137a	E0208	4179	4179	true
4dbd42e145294ffa7623aff9f5cba338e6ec4f12f31270f0db0c1183601ceec1	E0117	4179	4179	true
4e0760b5ec413696138ea111914d31950dd855960ecde799e3df12b67e9fdd2a	E0348	4179	4179	true
4e1e85823b69a18a97c02e8e3199991806493d33293f3c8eece8dade74fba39f	E0264	4179	4179	true
4f5d36f039bf7d0a7500448d8c886de1d21d7341430526574253d10e831e9574	E0280	4179	4179	true
4fc00ffc32bee1058b98a5bec3cff8979ff41cdaea31e421fc2e73bab1a166d1	E0196	4179	4179	true
4fe2853552e15595db9dbb6cd1953dbc6af9b5f3f8ff991d931bc338f5493509	E0288	4179	4179	true
50345cdf509fb7903156f9b4e047c2db923fe36aca7e032a6ed849630b7ac401	E0273	4179	4179	true
504ef8d6fd8dd37e413ddd3aba571a6fd37b2b6ce46c1a2d85ff5fe9f869f59f	E0078	4179	4179	true
505080c3bbc9f6643198f05b36c8d2ebf187a4e9f173d9a59cad6e12bb10257d	E0047	4179	4179	true
506b92efd33fc4b1449c0ea6e7e11aa18aa9aead9eb3f596427d1de9697ecdbf	E0089	4179	4179	true
50dafd5d1af1ecbb94f664efec35c876535e91f314a970d9acf6024754632eac	E0261	4179	4179	true
5106fdb1866dfc02ea2059f585a5196958f750858940e193af56fd0d67ecd86f	E0244	4179	4179	true
520e66a933451269704d59de6e7dbf9e8830c679b24cb3bef71afb5a1cb9306f	E0149	4179	4179	true
527ff137d8c0a61da7f8f270366bfb20a4e3614b71633507b9dab58f08bc3802	E0139	4179	4179	true
52967f441b47e5d006a8996eb4acd2ae88219b09c75ff127a7f9c46943a46354	E0006	4179	4179	true
52f79084964d2a8906b9ff273a472aa3dddd1de76ac356115bc96a4de7be563e	E0200	4179	4179	true
52fcc8604299a038bcf804b16e67b4a97459c1017edf65c9f088b1194c26f05c	E0283	4179	4179	true
532374ffc6fc44823660fdc500ae24a2876a35b6dd63c9a3281dcb0847144c33	E0239	4179	4179	true
537e5a7652d8f26630ee32b0aef9e7f143a1421b0cad46d2270f45d8b7eb505d	E0329	4179	4179	true
53883c0acd5929b1f0bbe5e43e31c5f1bd2bd2d407c79ca5d7555dee83cee4a8	E0092	4179	4179	true
53cf359785f8cb695d962a243fdf8f1fac96d56c98f0cd18d858279ba5ae3bb3	E0289	4179	4179	true
53cfabd6b8852a49376c29ec9fb00b50c93fc52cfdd9406be1d22b0ec848f83a	E0150	4179	4179	true
53f252b2d962ff21170db52b475aa80ce3d9ff8949f1619ba5db5e553cefd81b	E0353	4179	4179	true
5490cabb9ca358c743a1b6bffa3375f5e94d68718231ee3ee1fce15dcaeacbfe	E0397	4179	4179	true
54a7271f33b028312eca9008f31c873590bf3d231e618ef54c3dc846218df956	E0353	4179	4179	true
54e3b6746d4c38d1e9c1a909addea97bf17c60e64fa0d4f09b9ed777124b51b9	E0147	4179	4179	true
558bbca30ca2b8f4bd109edea0caf04b6f8b381b7068668dec4bdcc133659f81	E0398	4179	4179	true
55f543333e00ddb12a033f1812a69c70b1ba33bb3872cb067d183cefae266843	E0043	4179	4179	true
5672ae93fbca2ebb07e7a6a670b88a6fe0746d8d1812ded5ee5539867a92b708	E0223	4179	4179	true
56a21ae6d67907a974b728eb48d07d827860dbe03619a1497fe0a30c0a93b4cb	E0012	4179	4179	true
56abf9587aac429863a407a731b795c0f1396316a850024b15cf46fa74d37d5d	E0306	4179	4179	true
572b05a2abe39da9462ba48fa265b9ef0aa58055c8ebb1ed79ed8b45fd3cb7d5	E0049	4179	4179	true
5765345e7fe2fff47b03d048a9e8189e7db0a4290fc0264ff878e27982c17fc6	E0086	4179	4179	true
576d68601eaf08f8e047a548df22e956f6ad4321beb634b81d467943679b3aa4	E0211	4179	4179	true
577b9a2540778203babbd2affb4516be58fcda4e55d2ac256f9aa0bb07033258	E0330	4179	4179	true
57a507102a8fabb69f16c84f4729d03bca143831c9ca54c52dd6a9f5eb756942	E0038	4179	4179	true
57c0380d476f9498b220915b2a86913dc1dd996bc58e1e45fc4c201d51487732	E0263	4179	4179	true
58c5e427ee4076c3cab5a21f4ab72ab90cd2b710282ff49ff32ff05bb977e7d7	E0286	4179	4179	true
58fbe7a25c60ae909e5d724a056e9e99d04d1559011e4ad1c92b912fc5c9df6c	E0268	4179	4179	true
5970606c4b232355932b20a1b365da0a771ed8532d03b1a67413aba973aabc71	E0222	4179	4179	true
59bd98a5a9cfee8552f6d7fc59fe261a2cfe3e21fc7fc8a2a5d761202f9e0710	E0250	4179	4179	true
59df62c5ea789b0f3358f7307e0b60b8cffc5fe2b52f86afb6dad3719921bd9c	E0373	4179	4179	true
5a25962897a3d5ca1d161488c3c7d1e8d5918324bdb83c1e6de3c6d7f9fd15f2	E0387	4179	4179	true
5a62d25614572138d3633f651e1e3d5c4694a0b5b836c4b221efac6e402e58f5	E0294	4179	4179	true
5a79dde43b68e1912fb60735c46945e580dad5fff5a1aa764cb0748733a18e75	E0171	4179	4179	true
5ab99c9b6215e34c31dc083c6dca28d74b00ea0a90ce4a3d9f2a64fd8adea510	E0313	4179	4179	true
5b032e67480dbb681718e16bd9b607777115bb37577a567b3a07068f2f69f343	E0251	4179	4179	true
5b5c08bf128df6203e082fb209887f4109dc9c5ce0db8eb8931e2dab28b0bad9	E0033	4179	4179	true
5b9f364a87b9e5b3b87290ba1db1fb684d7f43fccfa3946ffdd5a3bfe20e1ba1	E0036	4179	4179	true
5be6c13025ff202d9fe8dc865c4bef51d99ab9577ebe7c22e3cb3b844699dd7e	E0152	4179	4179	true
5dee115c8ae636ecd5e224e8925862b5264255308c45368b73c91219a5d8a637	E0273	4179	4179	true
5e3663239a0471045a05a7c8e3e0e33da90b02019c4e4b32da401b818e0335a9	E0259	4179	4179	true
5ec229dad4eed36e19a1dc2f237fedefdd0c4d47895b98f380e9763815836e93	E0151	4179	4179	true
5ec84b8ac15b4242c694de8727f32f1cc11999cbe762a3eea2974daae4bb0e6e	E0305	4179	4179	true
5ed91f26838cf85ccc24c8c85ad962fc927eb1e24cfc417545fbae49684a4f33	E0252	4179	4179	true
5f221547e656900b9bfe807f5db743523df92eb6207f33f33363f9f5deb075b8	E0181	4179	4179	true
5fc4cc1f3329938597a5b0f6de0d579db70daa12381816c4063429f90ad4695b	E0388	4179	4179	true
5fe3d97e7aa150ed5b0c0ae23b0f33271e85db02e9084fc97930f07ab774bbe2	E0379	4179	4179	true
5ffa48e9342788d7ca04235beedc2c18478f818efdd2984b1ee4cced24c5b52b	E0094	4179	4179	true
6071a61243a345ab717465868eb5e680b7aceceeb503a4069be6117eb543b667	E0260	4179	4179	true
613bb7f0b964ab235417ab8161366918693ec91396ac11ea02af00f994fbc79e	E0281	4179	4179	true
61a1e2b5a4f4f39376d0342cf610f3a73199b38e63a9b5542b0abe1f6e719b85	E0050	4179	4179	true
61baf311ab097d10bc05fd38d6b2f4d17f3d90bc6119c86f9b4cfea4710cbdd3	E0298	4179	4179	true
6270a11f50e1f4b212ade9a3f97f18c57b6077d8e6fb2f537dab9ffc3cc8c3c5	E0321	4179	4179	true
62bda2303be51597f11d97563ccab182bb616208adf0524a79a7613e7a4f9212	E0141	4179	4179	true
6307364adbc389b8c1897d3629b883af56422d10daa7cca14bb6d2ba73d662c0	E0131	4179	4179	true
6395b5cefe29b2b57ffb2ffbf4880454ce63cf225645cfcf275240a1b5b8599a	E0291	4179	4179	true
63bdd0efe7a8be1047046ea3a36a8aa9fe5c27111ed16219e8a0f37b1734a839	E0267	4179	4179	true
6408d916bcd341bd619b8fb7b8df698b0b09cefad88e2538ce0c7b8f39674d60	E0340	4179	4179	true
64ddaaf420f02459c31a4702bf54a60d59918c3ecd33c3f041d3d314b54ab543	E0020	4179	4179	true
651bc0914929dc524da81c99d97eba58dbf4ae95c96b3cdaeca528af209b66c6	E0113	4179	4179	true
6608499dc57eb4cd54564ade20ec0456815147ed3398e8b0b59d7ed5e22342a2	E0236	4179	4179	true
6610c8efdc1e48935858fd6c2b3583fe95acb1284d43d7d9a314b2ac4f4408d4	E0037	4179	4179	true
6620e2ceb3f56c94a1846a063e5352133f6b6b1b1b1d862de9ae7c213eeee0ab	E0325	4179	4179	true
663870b2c18fcb1e814ae58450087e6ff6de78b3b02f2179dbc2130f7f1454ee	E0129	4179	4179	true
66b8e7ed5716007b0344e80d38d0a300fd81380d395f568434017b2fd08e3b48	E0049	4179	4179	true
6730f6a5cb01525f548c114f7821c5fe1c836cc0bcefbf719282fa93f15fcff9	E0231	4179	4179	true
67693e64cb17b60cf66acecb1a0301d251c7b2cc69d914101c1f92bb74191d94	E0244	4179	4179	true
68179167244ecf42b7268d4748a3ce88c566819847b9c10e6f407b44048eba8a	E0126	4179	4179	true
68df490693c22b04eeda87b78cced7b6f0ca13aad583afb237ae141a27f50c24	E0117	4179	4179	true
68e802d39247bc86b481a0bdd204ffa091ad33d77be18464835919e90f4b7009	E0186	4179	4179	true
695123ce60c253b3b4c429d6c6d45e35dd8ed7557a6dbda170bab48d1474409b	E0133	4179	4179	true
697245983eabefa8002fd573fed8a18f43248d63957244524025f7cc1a7e8b73	E0209	4179	4179	true
6a38081525dc54a2532143fa41229d489bda3655437b682fe82d2339ea47c2a1	E0354	4179	4179	true
6a6fb3593cbaaaa209d7a07745dbc44e08bd24463c9abe55661ed7e232ed5ade	E0242	4179	4179	true
6b9b495b2bc463013f58cf7ee185a9319473f69bbbf5bbef862c91551a6fc4b5	E0231	4179	4179	true
6c15f98c2f9e5c42a4272d9750c2af15c45ef4720915b9f0259064167c89d148	E0113	4179	4179	true
6cbc861c2d18c77d2728d8bd9916d22d769fd3182b88b9405cc0b1684472b8b9	E0286	4179	4179	true
6cc2ed5d2eb798ec3c48a430f3ed39d80c79dc0474f3c180425ce0a9bdb4adb6	E0040	4179	4179	true
6cfa712412c76be9456b6a91daca31b6eb148a728d57e4025708c96d025c5726	E0002	4179	4179	true
6d83fa69f1f20be25305e6740da2eaf04a4c43390acf0b9b35ac409ffb67db36	E0053	4179	4179	true
6db6281889de3480054c193d324e9746c858e54128779550b6b131cf2e2d031f	E0256	4179	4179	true
6dbd82b1ad6754df044c99f9d4dbeb08e7d982ab9a12ba6c43ff7296fd352ca2	E0318	4179	4179	true
6e899a1dd383e77cffc7d916d0bb3115f923be5da6296e79bb7bab54258869dc	E0261	4179	4179	true
6e89cc9c0c26c1c4a1d0bb2cf8e3e24f9d1a518cff297259dddb1ce358b91497	E0125	4179	4179	true
6fb7b80feb651ca5e71c76ec30b7351cb93bd85c96542336035059561cca6ccf	E0227	4179	4179	true
70040279ffb18394c961715885fcbff8f4dd964c5499ab3dd2fae2da64b73b9b	E0288	4179	4179	true
7028faeb2bb19f153c06edce6f21a59edd9ce9d85dfbb21d2b7c2a7868d06332	E0052	4179	4179	true
708567e154e7f12b1625e755a8e6599d4d5a2785bd0622a1012fd7ef78b677b5	E0000	4179	4179	true
7100c966085cecd4e8a3968adb233da4f5fa504c75e10fd0abf1e1f735d9da15	E0003	4179	4179	true
71176428eb346ec7ca1db733fc466a573ee9eadd6748a74df82ea244b991c0d2	E0176	4179	4179	true
71664d37390dc6bbbf9aee71383557d24f95c577a58579a9a5f8e58aad6a0bab	E0204	4179	4179	true
724d85af5728122195f288e11a26af625ac4b861142fc4480d66b69a2e895404	E0218	4179	4179	true
73f11ca348a74572b1adfd6954235cd164935a4905f589d12669e3c88b5c081a	E0025	4179	4179	true
7570a2689475421ba4f9493a815dccdeae599b65ef0ad3612d9f3692e5558ec9	E0202	4179	4179	true
75717fbe5dae13bf9845b2192266975dec517c7df757c8eb530746fac294301e	E0115	4179	4179	true
75823f62d6d221dbac15af85169dfc565551a912022420cda4851967fe249f08	E0237	4179	4179	true
75d60df2d12be991a04317cb274164fe30687901ae1390024ffef37ec9979a3e	E0174	4179	4179	true
76709322f1513bf0e4dc3d54e567a6e4afff4a18f8a5d0e36af04756cadf3693	E0282	4179	4179	true
76b7d5b4c16ac138f07e31543729902354af1fa858fc041253a465323387e70e	E0257	4179	4179	true
76d1f67f9ef31160df683e7976dbff511d3e4d66453290fce6a96e4b1ec2c0c3	E0214	4179	4179	true
76eaa099c025debfd21dcd236e0589dc130df4b72780e2b2ed28b0d52d5b6c77	E0268	4179	4179	true
779528b8248a9d0e2e3054e0cd8fe7b376fdef72677bb0023d128c386ab90b81	E0380	4179	4179	true
77d6e61b34e11ef0a23d55829c94f59fc586874cb6fa57e2a8f89ad08dd83a35	E0168	4179	4179	true
77e6141ca88153fd4a77642b711952ed2ec2beed16f274d5961f91bc2a1d16b1	E0372	4179	4179	true
77e911d2ae070134b18f3c26f0c9314d8c3683642f8adedee65f54aea122d618	E0254	4179	4179	true
789ff3686101c61a754cf5676e452f9cdf0377d567a6345fcda6f41da8401419	E0114	4179	4179	true
7906c5cb884d7f0ef053959515dad46110aab368a89f9568da74d315cb2076bd	E0081	4179	4179	true
7912e4cbb7cc216bd92b8fe3fb3a967477f3c6115b2227deec8154f0d73791e8	E0354	4179	4179	true
7936e5f7366a6be86b9d037b9b163c7f59d4d2139830984ea650b09646df9540	E0270	4179	4179	true
793766b5f2b1d433859fb00250530fa8c8d63314aa44649b518f960b3b4507c7	E0266	4179	4179	true
794b9ec120ebf6c3b0c31273286b05b64433b152ed44d457a469d333bcea4355	E0099	4179	4179	true
796edaf7769e64cf555bc26a36aeb5d8de262f893e37f357012c1a2c37bf24d1	E0191	4179	4179	true
7986fd1a700574b99e872ab4705d25bcb30d8823e7958e792de2b7eaab483a55	E0294	4179	4179	true
79bc5d5b69d4b79df927516e04d15960f4f18551d9b32711747791ef3f4022c6	E0343	4179	4179	true
7a458d1efdd97bd42fcd87adbc46d4061370f8786ed8b7d9e21053b21a8d4d23	E0328	4179	4179	true
7a49b91ccd6211402f1c454ab634352ba3da9ced310137d5b52ec0c7cf7ec49e	E0369	4179	4179	true
7a50fd2587fa6fe979d32fcef7e8c52e84707b31a284a5b561b48e13b4086bc0	E0312	4179	4179	true
7a673b13212ab58d9e5f2836144c7ce385978f874d0421c30665189036940ce2	E0016	4179	4179	true
7a6c6312ddfd509781828d8a419bc6ff8911a990cdb14ccad7c2d3f5b19d2c7d	E0359	4179	4179	true
7a77db5cefbeccf4b41343498886840c5851b645e39d57681793408de987a112	E0390	4179	4179	true
7a996a7d3cf9a2865ec3a866fed7c872361bf6d373ce3aaa23bd77f6c8a13a83	E0308	4179	4179	true
7aaeb8e991776e76e44612c787de75a57de7157094d12fd577bd34e46918c2cb	E0047	4179	4179	true
7b15b714809ad46f1a4476a0c1ed9e8c6d55cf08f76fcd10da09bb12fdb3454b	E0018	4179	4179	true
7b18eee8e1d58b023ae27828573e895a98c8f660e1ef9ed558abd0f0610035cb	E0327	4179	4179	true
7b1a03f0acb3664b0e86294984e9e363b6128c89c420abea7f25d6a31f2f7412	E0076	4179	4179	true
7b2d8b4524facf208962f41e19f8ef7c2c8a16fcb7b5a4a3ad9d0a2a2f74a468	E0260	4179	4179	true
7b5accf95e3ed26c874779c504a231bf8a8e720781adc1f2b2db13de29bb899a	E0360	4179	4179	true
7b6e180a3a9e0be9a20041c5d612ec01612871a1a9683c6087c3ac1c63738e50	E0397	4179	4179	true
7c92a0d606128070f42f86d90b55d4a006ad5cdedb9c8e98581f26a185d4a563	E0039	4179	4179	true
7d16d6efe6b94c4d248e0b8d29e70b7d38bc43c82eeee15cd00710d30b3ebe07	E0194	4179	4179	true
7d70e98407dbb9732190aba61bc94c52c3e7e1ad6602851452a5bf7fc3adac1a	E0321	4179	4179	true
7dd209b2fc8e2bcb56d869446bf575fdada7c2a002bb6655f958752006cbc334	E0213	4179	4179	true
7e0fb63d71eb3b8c7b754813d46d7bcb098ad44e96fe2f0455f179dde499a93e	E0357	4179	4179	true
7e12632c7f1c9923174aefaf850d36fe619d750cff03d964249af184d3850d7b	E0061	4179	4179	true
7e28cbc10f56f4177836f6049972cb4b592ae2494c3f99926b71d96d152c32a5	E0229	4179	4179	true
7e499b2477cf077c1fa6e53cd65e832ca77d067236ff861829d3829094294c7a	E0265	4179	4179	true
7e6a4ff1fe8afbf9b65d81ee10e4e466219e23151b15194dcf8754a21c704c0f	E0399	4179	4179	true
7e71cca6b967707ecded5d40662de53566245ed94dd1701da2f499c45b9c68b5	E0395	4179	4179	true
7e7dad88bba61867fea7f20c7ad9aeb164603894029fe4f2c1c96855ba0b63ac	E0181	4179	4179	true
7ea7e7a746b598aa45ab2830701b688283ccf6cc9b61015112b2e0b4f12b8b0d	E0220	4179	4179	true
7eb30e1a21b58bd36ee3d49bcfcfe57de78c88e374291fffa60a81216b88117e	E0196	4179	4179	true
7f089ea4e11ef5a73c5dc88decb3a510baf94937ee126be4d57aa1b593822be1	E0139	4179	4179	true
7f4ba5dca93cf28c4c4e1b1744941cece32039fd3a3c6c2c13a6fce34278d2b8	E0334	4179	4179	true
7fb6ee36058292df32e6ff929b1965b4e206e9ca1a9a6a91311f888fa9dea388	E0282	4179	4179	true
7fd33ba5419e0a3b7392a2fe79faaffdb379601894595cec0465cdd4b50b40b1	E0026	4179	4179	true
7ff54346a92f60bacd129a7ed008b921d59b113b5c4cd5fcdddd231450f7800e	E0174	4179	4179	true
802ff2bef932a16ecee5a3ada95cad495a920275c8b2b70a9d0bac42b987a977	E0108	4179	4179	true
8051ad766113df8bf8a7914a7c3a943b34949f0f0cb6898c9fba9ca79ecf42f5	E0110	4179	4179	true
80bc510f7b84f9b0337b7e5c1adf886a651d063df3eddbcd0ea26abc27ad1c21	E0002	4179	4179	true
80e1bbfe86567199fee3e6d06acb3e82a55947acb966cb28e019254746984262	E0128	4179	4179	true
80ee53f7f38ccd3824485074a53cd590d82efa8d5f1a03a4876abb6f9ce6ea09	E0118	4179	4179	true
8131e6031af06f7dbe20ebf027af526e3083de1d5a2061b1db03516aff2b689d	E0164	4179	4179	true
8156b525a5ff39f9a4f6e4226b5e6876e364633b1fb70dfe5c4ea194aa052964	E0133	4179	4179	true
81bf4f0281acc59913046adb5a99b8e2a2ba545afc05ea0971a41f20076c47db	E0120	4179	4179	true
8270e1f6a6e8a57afec033882b3aec27baa756847ac041b6d26e52f397c9ba1d	E0290	4179	4179	true
82c7f6aa5b4add10792fb519ada6008a16d0a247b8202c6d04f3921207ff38af	E0394	4179	4179	true
82d6fed4e8d1d423597cb4ae655147dd6bf2e81f0375bcb73aa8ad5f57275d92	E0365	4179	4179	true
833e640445124022262d9533313ac780dae57d3d78d5c0c866fd9ceb12a9458b	E0208	4179	4179	true
83e713117d0d1d96da005e9303322dbdf28a3740fe28fca6e7b5b0d10ce22f99	E0060	4179	4179	true
83e82b8eca961fb285fea927cb7f47a7831fe9a9e7daf488c3bc25f91725e773	E0357	4179	4179	true
842b92455fa9a5f9e4cde2707d45241205512f8fb7863990652ef83c42268450	E0012	4179	4179	true
84488379176496f5b6f18ab5ac49df3065a0ee0d477ca9d404752daad87b724d	E0129	4179	4179	true
84492f325715c7cf6b7b130876a950a566eb99c27a85b5d2702ef0472997eab6	E0136	4179	4179	true
864aa4da4b5632d276d781bedfd3cbf59457be523524710439674dfa4fff2a18	E0148	4179	4179	true
868bb0dc4a84054f95e33cddce42dab838498c1ce75d6f507b0a03acc0863f62	E0362	4179	4179	true
868ff9002da1b7c746e1565e29dcc432f9b1c33bc97f3e6d1db41ae3f70b0bd7	E0231	4179	4179	true
87cfd70c756022fefa5031ac40a800a4c2084a9a72572b8f038fdacd5593b313	E0154	4179	4179	true
87e374560a68d6bba7fd02a72724ab1da79fa040d58fd4c54abb11251bfe21c7	E0093	4179	4179	true
87f6cc181df8d35e907d20f575fbc59c0338e502acdb3c14ca1e57178f18ea92	E0020	4179	4179	true
88206d77ea4a05305e7079620f791c8c787e933e7ca71931b416131e9503d38e	E0226	4179	4179	true
884ee1100343a54ac2373718d1a52bd52596926f0c3814cdd953b897609ebac3	E0338	4179	4179	true
8926d51d566de5593011f6df232b3c772d78339c62df2fc31f6a5b30be0dfe91	E0375	4179	4179	true
8988c5146db81d49249f452be396841ad58e770422b6070d1a38132eee7d1f08	E0285	4179	4179	true
89ce0157142f9d2ac14707c0c4ade37cccec9aaa2e6298edada8a3a22410e639	E0000	4179	4179	true
89e256e33e2f4195bbb57bc0c2a4bc44ed684b3b9c646034eb8148e0e9e082cf	E0200	4179	4179	true
89fb074e232fc24dde76b284d8b672f9ac8ca2754009ddc38fc15c32921f751b	E0189	4179	4179	true
8a9fbebb036fe4f80be8245afe6c8534eb9d5ad5f29152d04ed2e374e21b9b7b	E0126	4179	4179	true
8af1b6c848b2b268d50be7a15b7fd33634c80a34996565062bed9b1bcfb2f9ef	E0333	4179	4179	true
8b49ecdaa6ccf5d85d68cfc9e0abe191196570d5d8e273102fd9aee2ec4ff882	E0199	4179	4179	true
8bbcc023b65feb5bc1b454a560c545bd21b25b81abd701a6b4b921cd0c4dea7a	E0115	4179	4179	true
8bff60f291eea10605bf708c552d06329a56d4f5dba09124d7efffb8cec96482	E0344	4179	4179	true
8c3e1be5e202016273064de171788e383910767768a8387e267b211d8bb83689	E0100	4179	4179	true
8c8f383aeb45284437c487ae4c066577f7b0f409efb3be7945d90ce07521782b	E0047	4179	4179	true
8cf06a6028b24dd43061c2f841ac73fcfc56630ee89beef7660619064fd9b32d	E0158	4179	4179	true
8cf923da319f28e031c4a0f1a417ce44fe1e59e79f8cc04c858ea1299f3e4da5	E0221	4179	4179	true
8d502fe626ade4f8f6bb86b303162d838dc55be63c36697db53df7478d886144	E0040	4179	4179	true
8e61f3820a489e581d1dba0057d369d02cdc298a2b468f2e22ac01d8d93bed5f	E0193	4179	4179	true
8efefed74fd433f1328ce08dd5cc02f32f48ca49644a95a28289c3601d82731f	E0208	4179	4179	true
8f19763e64bf05b167761e2938525f29b634375e1e8952a9d64a75ad3ee7d48f	E0123	4179	4179	true
8f471ec64501f149ae7edb53f707c9f2c106ab71416c1db757a335e38e524070	E0355	4179	4179	true
8f8d42b1b07fa88761d41e01d449200e658ec9f32bba9720fb55a93e454a51e3	E0362	4179	4179	true
8fd9f062d2ccc786342c948fcaf4680293a36a1141089261a3e22f3d8fb3bef7	E0017	4179	4179	true
904008da7984a24e43bcf9acf39d0f99cb597b67b97723f9a25d150ace34ac19	E0002	4179	4179	true
90a2869c392761e67e41ffe5578b57e464345088e1dded11f091c5808b60a0f5	E0233	4179	4179	true
90beefb23dadb3f4627b76eeb2ea17713642549aab0f105645e562ebf7e19e53	E0144	4179	4179	true
90d9790590ad4e3658fa38b52b8105ccc297f1fba2c77160134f0e876746eb9e	E0303	4179	4179	true
916c4e10897231073872379219bc5377d9d299d50509d8c194530c2d5d104539	E0383	4179	4179	true
91d7acb99d02db434d3c1e17df992d8533f79f01a346002b1782b3893d7dd0e7	E0141	4179	4179	true
92494186815b0a44b4820b2b1ad42d85c8b24a5316b40e540410d5ecb8a53281	E0170	4179	4179	true
92dc042e9fddb95841d7a41b9d8e9c6709ffb1c5522ce606c0226e015edb0e16	E0145	4179	4179	true
92dfe1ebd19610acd124ec470b5513e87b64609ec6fe24fcc29e1003681a3b72	E0170	4179	4179	true
92eeedd667bbab0a161b6b95e66a486b946265715ce60226eabadb98836a1910	E0276	4179	4179	true
931a9d00e64246f085489aa6b60fc5a9ad122e7a0c1ca692007f8de51503bae6	E0119	4179	4179	true
9348f9ab7158e756847e588b211cbbb5b33f12d37ac69c6c4ea4fdfef0d562c5	E0240	4179	4179	true
938b38a88efd680783d47a3c0bbac06ba1d6632042ea412a7284b9baa1d87e18	E0092	4179	4179	true
93cf426cd0de1649f321f9e451bff90a8489459fc5ffde6ba5961dc444744b6d	E0039	4179	4179	true
93f08932eb4fd5994b6fd83d74bd1d1bb00e592f7eca3f4f57056cd0ad459561	E0209	4179	4179	true
941e1048d0b40cd053cb9634b1655125f830d6140abe771be0fa8251fb64c501	E0327	4179	4179	true
9460a6fcc38a53c52d62ca7584fc2d5ff65d0e2a9d4160f355216ff4199166a3	E0323	4179	4179	true
947afb3ef9dc2f5c09991b516045c1819b9d5d0eb665c2060e39fbf689949ce9	E0198	4179	4179	true
94912240ab8602be97790e0087c46d89c7b61c65d0bfa91bb3495756ebef487d	E0179	4179	4179	true
94fcea6f6c7b5923318dc72dc880538a982f86e60d266de82b9551e3209b8369	E0153	4179	4179	true
951c5781a78d536df3b94b8e7cc012f43550aebd71cc707665f3c52076f9997a	E0340	4179	4179	true
95536016819d1ee506b4d80c24df3a78d210b3a26fa7b42796080c368f71e0f4	E0286	4179	4179	true
9594bb8bd808d94a1096e39368896a48153fc5165b26b283f36d2b80b1f6e54e	E0272	4179	4179	true
96443f8043b284091d787b080e396d8fb389c9091cc56ba1244288616468614d	E0305	4179	4179	true
966c13ebb1797bd5bad5587caf5ce4e258401436fa2dcfba6168fce19e31cddc	E0020	4179	4179	true
9729a61be6dd89bcf8ff4c9343c04acc74eb3f279f11a5903beace98faa5585e	E0224	4179	4179	true
974768804e68d68b064e6c89e7ffbcaeed5ac6e0b1da07f46b4aac753a1ae800	E0041	4179	4179	true
97ed71b21fc0e9f1f0bd08a1df399efced2c960188d41190c8c4625f3dc29dcd	E0173	4179	4179	true
97fd204087e7d40b18ace68a36117591b55069083d07abff6e9abbde6262ec34	E0149	4179	4179	true
981687f9eeeaf1304e35573cd782f745b2f23fb75e287745deb5aae53c8d2e83	E0045	4179	4179	true
9838371d47752f64b4dfd377598053875db37bf142aa57b05c2c9ab9a2af6ab7	E0077	4179	4179	true
98ab3efddef8baee9fc5f3fddc95313829279c0c207ac756bbb2d263a5ee4945	E0267	4179	4179	true
993f358d627a48f51cd27e2879bda6915635aaf3dcc9378415e1c5b059447114	E0165	4179	4179	true
999e345a1b53c8739068b6d057840f8e5465db6d94ba4b53514d75f86ae34b33	E0316	4179	4179	true
99c295ebbcc93b93fb181b84fbca60c5099eb27aa6ab6e4e4b0f722aa115a8f0	E0302	4179	4179	true
99e9c06c8bc07e96d878414259e2be8b3f8ab40fffe7755f7f489b5b2d429539	E0084	4179	4179	true
9a2e36d5fc1da8aec53103dd4eecbe6ebde0b0d9f2fa171cfd5131df91215402	E0372	4179	4179	true
9a32ef27dc9388852b35ef8fe86df491eacc802f582da6d0e52574a0440e1b42	E0325	4179	4179	true
9a5b3c48853cd2abc1f479e0f97b444a9b31a1b6a150ad994be958869958f5d3	E0346	4179	4179	true
9aa8d7cb6eeb24d0c4c385033d3f8599a7df0857bace2840081000f04793f650	E0284	4179	4179	true
9b179a79966f0ad832fb013c30b8d83645659c433d971602cd039efdfe4a4a6d	E0107	4179	4179	true
9b30696fff90c25d80478dd74d32727eebd2f1a08e6b1b4e74ece7e4ad118e07	E0348	4179	4179	true
9b4f8c1401bc99ad50f22112e451e9df41ff42580815b2391b66ee677e072791	E0376	4179	4179	true
9bff60c6447abc499c12310238c72ba57892907ffaf74ca3eeb7f32d28257b67	E0219	4179	4179	true
9c9422de3984d7fdf5ae45b2fb9ca5df055f32ef7a6213ccd702b625a40a4bbb	E0396	4179	4179	true
9cae49ee68141a74b49e08951bde6b9f959024f4a47b295dcb3db361e149ac99	E0367	4179	4179	true
9ccaa87bf3fa6be1bd13ae9f5a76be51b29f774328d04e687852bc052e33e4cb	E0122	4179	4179	true
9cddbe8b2899997490ce3a53ddeed578f83c8de3e04f3a416d39689fd067969d	E0140	4179	4179	true
9e0dd52aaaf6345c8ff43590249a32e46d203479e9d0fcc7cafabe9676df187d	E0239	4179	4179	true
9e67c724a8494f33ec73927774a5c825a6a4d33f72c7759bc2f098f3ba885e05	E0176	4179	4179	true
9ecc08579c3a1e025a05e0298e3cff882a6d5ce16aa50942074c1b62ceae908f	E0271	4179	4179	true
9ed907e0038d54313cf62779597753f1759319f965df55392d98f28c98f9fbab	E0361	4179	4179	true
9f530a5329e3d0c2baefbbc5f68441a80c0d2445f63d08ba3a043d663b4f91c0	E0307	4179	4179	true
9f6b775436a24e3b13617aa28a861e19d156f2b643dae4efbf23204988a19d4c	E0017	4179	4179	true
9fd71fc19a9d24e3e3cdba947dff1fc9f9b188c8268a56e0750abe4899c9e5a3	E0064	4179	4179	true
a0914a1129f3a403a53b404740b2ead3642d8a1496fc601402a2bff335c842be	E0134	4179	4179	true
a0a5aee254a65b363ce3b372730262fa6f9bdaf317dd3fc33c2d3fd1471b896a	E0179	4179	4179	true
a0e8bd47eb070de75fc7d96e97fb229767415a6663f5ba1aa7bd98bbafd6c9aa	E0113	4179	4179	true
a12203a4891cc36308fc6c10c206d349f493b0cb364543359e8c5f16b7c1c39e	E0224	4179	4179	true
a16698bb17b17d0dfcc7a7f730063759deeccd567ee3b81d0374201c241080a0	E0189	4179	4179	true
a1decbcea14ab4420202a1c330d4b791123e5395b13c47763ae6fa58fdaa2f1c	E0154	4179	4179	true
a2fb9aa41c56e133deb2fa83aa4aa535afbcb051ec8dc076fafb07dc2316c7c7	E0108	4179	4179	true
a31c1460f1bcbfee215605d72b71cc79c8bb77e064e52c15953cba5bf8c86bbf	E0095	4179	4179	true
a32bc368aa9c5a3720ce60bcc517bae582bdfd1455695a2352619a0fc2d1b363	E0116	4179	4179	true
a3323defff3464a2035d499603a9260d8ee2a33a824b65c31cad9b271ea1092e	E0178	4179	4179	true
a37eeb9c5107419947975de0ffc08e8eeb8e032ce03336a9926209c07f50a994	E0138	4179	4179	true
a3bd3557195416ece9b8863840e7ef48ae66de3acf1acfd41130205c5f768968	E0108	4179	4179	true
a3fb73459246b6cbb894355cc1dd9b21584a00b348098d6d75189892fcd8e4e9	E0077	4179	4179	true
a40170d310165c6b29ffd163179b18babcf87fe8e756d8b9584d524ac9c33152	E0119	4179	4179	true
a4064e25865d619f16a44c1d796f52c5fccd5127d5dc3ae6c31ba6f37fd6991a	E0103	4179	4179	true
a5080b110458d0e60ce7778d69bf907270bf0889f8c2221243838ae9b9d0e6eb	E0258	4179	4179	true
a51dc548037803f202132afbb56a127cd49e89467d1300f8c0cb81f69faa81b8	E0210	4179	4179	true
a560648d9deb34f93fed160f2007df6e265bd8eb50aad93babbdcb1cc52d75b9	E0241	4179	4179	true
a5728015762ed2eb65636abc3f5ca2ba968e92280bbcd822f5086733ab538aab	E0088	4179	4179	true
a59a810ab0b561f405b384cf0cf02387c1006e4db8298ec0493b1a15eef5ee9e	E0096	4179	4179	true
a5bc6e0269d73997d1b3619758a22a0446069dc83ee8ce30a1cd4e4e0964e97f	E0005	4179	4179	true
a62eaf4499c7bb5c9ac094ba1507f161625e27d7f18ad65d44645defdc9029fb	E0072	4179	4179	true
a6fd09731efc7458a7fa9471884bdb128fd1aaaf720e5cc422daedc62c49d9a6	E0322	4179	4179	true
a730791ef91bafa95e8bcd74f2f367ea03631e57e90a9ec8c7fc5810f879a45f	E0215	4179	4179	true
a74b1bf523461a23d83a54f61b2ff0a39d60b961408ff87b51017e9795b386ab	E0368	4179	4179	true
a7516096efb923daf3694ab4f6713b89480a43c41f0fb078822bb648109f36a6	E0139	4179	4179	true
a793e9bba65a57aa1effed2003797aad6760e78f6739e3e7dea5bfb2a59c1bba	E0050	4179	4179	true
a7b84fcc16e59a8f9b017c5367e5d47edd955c5dc0033a502cdd9e7af5382128	E0088	4179	4179	true
a7bd985c79b53112c198fd87764633d66a4709d68bf165782a75a3dd92b017a8	E0254	4179	4179	true
a8d5d4686b173806218345d4d425e968ccfc97f1c619ffe6e2134c37c50771a3	E0071	4179	4179	true
a8d6fb9d79a67c2643a1eb84ed951133a07a5b8cbd411cc5088c5b5c7aeb6afe	E0235	4179	4179	true
a981c840a48d388056faec416469c61bd5be8d974f27daa7a13d15f16721c732	E0194	4179	4179	true
a9a0bad2c9fd54c9fb31452cd42a374bcc14121a1c47d2d06416ee5f51d3ee5d	E0255	4179	4179	true
aa250b78a4344873dbf025711b05a3015b2272e108eda69fa23e2b23cc0ba894	E0373	4179	4179	true
aa5691fb1a5a2c6c56d5f5c0d66ca5193f516cdb56ff83c4ccdb3f431a2964a1	E0132	4179	4179	true
aac066f7b7b6dbe1d60ea7dde777adf6a011a3289d8dd8126d865cf18a4d15a4	E0074	4179	4179	true
aad139ad58bbee3b51f243129cd6800ddfa2a1bd4b5b26eaa113e4ec97260e41	E0038	4179	4179	true
aadeab3252307b01cf311dc2187c97ab6bf49b2dc8179f7e09639b3c96497b98	E0264	4179	4179	true
ab0a0321b9c9bdd00ac2b04c01af031605ba8cc0ed2151a1c4b1f70433223f58	E0073	4179	4179	true
ab1611bb4655ef456756c7007cdc551558585330af72e4ea76e3fe754060b003	E0264	4179	4179	true
ab907c030e6ca7f7adde6a4d0ea9e51c4fef57f2fe6b35b879dc271a22563e16	E0394	4179	4179	true
ac18e3f1393e9d01d5c8daa2e59cbba9e608084b96758502049a0c64b382fc21	E0330	4179	4179	true
ac31407838c77daf583a1dafd6ffefefe128080c75e08ffa23c33b01e251c3a2	E0320	4179	4179	true
ac3f12885b16a9295bd753a1b325444e31605a8f4732e9686eec76b9ce374836	E0070	4179	4179	true
ac5c6067d3fd31d7a6d52e2b32823daacb22e649db59671777e0f5eb7bae8999	E0395	4179	4179	true
ac897c54db16b37e3dcce69b359e22b01dadd858955118e12482db308fbb5a3e	E0342	4179	4179	true
ac8f27d748cd01e174e17d296b2aa42bf970972dcf27ba1cf9bee452867476b7	E0072	4179	4179	true
ac9c7d246c280cd07cabe291615589bb6cfe1b83f7ece4e32eacf44dc818411b	E0207	4179	4179	true
ad4bc669e169ab0189e92e5a5fb567c41c76199e59ebe09b86f525df15831db0	E0398	4179	4179	true
ada23186a4aa6d18e85927e3078f521905686cdd76fc826be35724f31a094858	E0030	4179	4179	true
af056f32359c35eabc12169f3b4b5575a5b769b435d08b237b875b18d3a8f0f2	E0054	4179	4179	true
af6233296a5bc5d7e176c13918c5d00fd1a4d3fc496c200ba6101de7bb60192d	E0115	4179	4179	true
af70a02deaaec9e8463aca88469de3a9b271ffea56cc9a82b0d67eafbbf4bf1e	E0336	4179	4179	true
af7abe951f17bca7e3a84ef3a709c7d4fdeeb8446a56655fd6d6bc675f20a13a	E0063	4179	4179	true
b0548c629a7d0323972eb343b3d22cb4ef9c4764f44647dce724c4a4fbc6d5ff	E0235	4179	4179	true
b0e311bf0d725da3a0984699286deb88d1beccb24e2524062718427b0166e4c4	E0172	4179	4179	true
b15b6bea685be06df7fcc48d09672b29a680752371f7856b58c871a3faaea4fa	E0226	4179	4179	true
b15d6aac4e2949a13833860957d2ff005c0f0c421ddda6179c79d71923f3e9fb	E0234	4179	4179	true
b169a037e0b89aa89c80ce1c65ef0e217a8a3d8f7810fca881c5f5fb8c6f3461	E0127	4179	4179	true
b16c5e7f66c1d85ee9f076f76c7708ae34b44fee06e5e4517d0cb7898cac1b7e	E0026	4179	4179	true
b181e40f884211364826584b474ef4588442654c6648eeb682d24cb860a84cbe	E0044	4179	4179	true
b190b2024b3bc86b263b2bb9c9b4850f7df28b28a260ece8ccd0acd62f1892ae	E0310	4179	4179	true
b1a9d39395a15287174aaf2c061fa9d80f25368643ba73dd44ba3e6932d9810a	E0043	4179	4179	true
b1bbd49b8215feb5d8e84d8d6bab353db90a63e978f35ad014a08afd28b5bced	E0153	4179	4179	true
b2ed8c219055c4845dcc7d8ed0bb7e4b2b75466440e4bacae4bfb8648a3c9765	E0143	4179	4179	true
b305aab427bea3595fcf8c6bb7d7112df2b916037626c15b9b4834ce7fa741b7	E0132	4179	4179	true
b312521b1fcc68bf5a895c558debd7581a520e04e2cc1fc83297eaf7c9b0073a	E0391	4179	4179	true
b3b1479bad9d1f00e0c8aff48d07eabf7bc95286d2b62eec80739f4c04bce999	E0356	4179	4179	true
b42efec420586599fa6c0706d57b484aac7f20bc33e544a995fb41edc3ef6d33	E0054	4179	4179	true
b4639c33c514fbd663f57170831924a179cf319dc5d13327816b0340ac1ef1f5	E0393	4179	4179	true
b4d9c54f4ba1cbd59771d6f3f601933372e60351d37a48ceb1832dd125755f97	E0153	4179	4179	true
b637b0e8480544e5f6f1fde7855135749d244449b7fe0f746d778d32af5a857c	E0071	4179	4179	true
b657c9f7044a309995d814dca8e0e0322744fd0ce1ca2b14fc3e9c058d024887	E0288	4179	4179	true
b6693a961db2afff411ea67a453ecfabbeb67dfc9c0e5a95e22b9997a3bdf90b	E0030	4179	4179	true
b711bfcc6f8dad1ce4eb2d730f070d76aedc69fa3b224331010b208971756fe3	E0253	4179	4179	true
b760f332a8f25b07c92bed41cc65302bfb150dade53cbb10271658d3bd23da39	E0109	4179	4179	true
b77633dc994cb4f98238fc13a1153e5fb8811bed8c0b8feea18b2c442b2b0340	E0220	4179	4179	true
b77847486457428e35f1704d261556d6463b6718404df4dd840b62c3fc320d34	E0315	4179	4179	true
b78045fdb0ad2d5ccf6b9f66140d6dcc62130bc08fb2764d4dcaff6fe7b46799	E0278	4179	4179	true
b7fdcecf7efdef7094ea2d5b382c877901a326e2232b1373507ce76fbc46e5bf	E0307	4179	4179	true
b8af30cee827b00fb3a434d26a0de6bd367f80143e6ffaccc7f50862b92d8b67	E0351	4179	4179	true
b8af8b7724aa24b03e32922473074d191b9529bcd6b679a85f36eaa42a6327ec	E0130	4179	4179	true
b8d38497a233ddebb501a82e31d1de397a995125ccd11c3f0de754700c0a3efa	E0257	4179	4179	true
b974e026c025a93e8a541aa45f418ecdc158d6d84d0837d1d18e8b3fd00982f2	E0007	4179	4179	true
b97cbe6ee61310c4cba1c29d048d0a3a251456127b3f4934f22c96541fb2d0cf	E0320	4179	4179	true
ba30d9c902ea106135bb1e6b921c4db23e8490a935aa2275bb57f1a80adc722b	E0351	4179	4179	true
bb2966620cbc55b592dc1a62535c2013d3d339a1e6b496ec592af996dd74635b	E0261	4179	4179	true
bb3821b10d5f419a4bc6f28ec8c1455494a13a2bcc07b5216bc1c3d25440ecb7	E0193	4179	4179	true
bb839d9a5f52b6ee47b1466769745124bd6d4be79568a0095ba866e64591685c	E0022	4179	4179	true
bbd85c002ae56bccf6cf1f6d15f7316e01101e1ffaecdd6d814b4979b0a57500	E0257	4179	4179	true
bc27d650443984fc06e02f43a753a9b705a7ce34db33b4a7c883b7dcadf71187	E0041	4179	4179	true
bc823d8cb3c2a79da9c3bdc0fa6b7c0d18a565d20cafb73269320ddff4952088	E0317	4179	4179	true
bc984b3c2cb793c07c4697b80600d334b418a4097652f9c441fafb7ed51e3d1b	E0303	4179	4179	true
bc9c90b8d9c7c1eebc01663fd4532edbddd115df8965f21c7add9500886eebea	E0227	4179	4179	true
bca01325cbab58b4edd2cc29f0ba11515897324cc47d45dd7397f6b50b57399d	E0374	4179	4179	true
bdc5e7f56113323d903a08f05d9e66071f2ef50bdd12a08c2901ebfe9aeeb07a	E0287	4179	4179	true
bdf1b83a38b0757d4c6cc94e77e819ab1652fda0e3a4f963627e8c277748d70c	E0370	4179	4179	true
be16c8391db95329e2cfe156b2f9c7f48d73e2933c1a130a6809244a4df53212	E0205	4179	4179	true
be18961370180b1bfd3d2b2f73c0ba8f4399b6389b549c0751e846f4a3e33b0d	E0345	4179	4179	true
be49f4403e23d18b34a0f14111e55f2449a80bf0fc0261b09bf1417c1bb6a013	E0127	4179	4179	true
be98da4e175426d224de34928d150213de0180d4ba01b33d42aadbded79c6c29	E0091	4179	4179	true
beee86aa99a67db7d87a5d8dcc0fbcdd59aa4d26471bcce72dcd3b5983efcd6a	E0285	4179	4179	true
bf050bedc7b7d6c1b35c2a7930962b52276668a6b1eda986336c70a1c891b935	E0011	4179	4179	true
bf22105face3fba17e592c9590e19f87d69ebaab6eeb6e7d5e26e9822c4b3c90	E0150	4179	4179	true
bfc964c8fcd2b240450e2fe6f151565235777b617944bbf3f7ef65a5f7775d79	E0372	4179	4179	true
bfd4e5c00fd20666e6a6051e68eee8f765450f66b7eeafee1cb7106e238c2aa1	E0241	4179	4179	true
c01d76167e950472f505cfe77cc81ee78bf806b6c530db34de1ea697e8fcdba5	E0302	4179	4179	true
c025079293738793ce3413705e8cc9bdc8f529a234f26c471b5141f091fe17f8	E0025	4179	4179	true
c0441d2975ab1e448ab067abcedfcdd569bac9ac0d56c3f53e89d29d6ef8f3f1	E0035	4179	4179	true
c0de945ed2ea1a7dfc612b5e91e868f2f92405234b90e7a75c6d641d0d4b8e54	E0052	4179	4179	true
c0f64864a660b05727643c17eb5abeace081e8979a3d15f1da85a79381d1efcb	E0375	4179	4179	true
c1d44522420649e2dfbbc95602a4fd15e29d4b400c597cb52e3f51892ad9676c	E0155	4179	4179	true
c228bd360ca48714304f788f60b6725c12db4e33204e3764cb111a7c8cb71bb7	E0221	4179	4179	true
c2dccd4f45c67b8cc9b6924f094d656a1f25f500e3d75a0acf4eedfee89982ca	E0162	4179	4179	true
c31eab956ed9c9d9c2c4ca5dce26b56a270c5769c28ac0c4a63f695e1f0aa220	E0388	4179	4179	true
c342364f3c04cee5cc800591af363f7ad7af477417a2ed932658d6b848eb94e1	E0123	4179	4179	true
c3b9a235135a16e639159a3399164b14dea843265a80c0637d963ebc24cfbd12	E0236	4179	4179	true
c3edbe34d228f63f6911b1672a2c6aad4d5fcc9ee643bf3ef272dbc6bf53dcfd	E0392	4179	4179	true
c41016a2918b4455f0384529dc8cd195ee9fab45fd9f4987fc804dcfb31129ac	E0269	4179	4179	true
c41a13a263b69feee05d79ac72c8fe338530d781babcc122bf93e5e73ecc42b1	E0318	4179	4179	true
c42e3ed94096fc75356f42dd552a11622d2e94a0e33b0619aba35924c076b268	E0033	4179	4179	true
c42ff7677059ef7d652e6929b3861dc63588ce5cfaca3d50dc4f21b386118f79	E0215	4179	4179	true
c43d7bc4758a2210224212c014676bc92623c6ea31b68b8df4f1a1b63ea783de	E0071	4179	4179	true
c482671e35137f6c8b0274cfb25b6958a4731ff7c8bb0bdd06e7922863ecb703	E0033	4179	4179	true
c5b99ac28b9438d7ce41c1b2c0e167fc8bf79738fa9eceb116d2a5f8e136a9c2	E0152	4179	4179	true
c5f245a603904c79dc3d8127e99833df0eca63aebc7343bc7ccee71598c67c5e	E0091	4179	4179	true
c60c4722e01b7e2c2ffa5cb815a0bb8a06d15d1a4744c62dfcefa2ea34a2175f	E0173	4179	4179	true
c64d3e4290ec28b6b7803c26caa303fe9d221005d82fe6f2cb17269a009e7456	E0001	4179	4179	true
c6a26d4df197f796288478faffcc8d9485bb635c53082254dc54e8426ebc0fe4	E0167	4179	4179	true
c6b8aa35e44fe0f714a5ba332071eeabd2042a38b23dffec936044b8f75a0b40	E0229	4179	4179	true
c7c03d0892c4da53f09c34e9df4a4151b96d3c6dd01a4ad3eaaf3b714eadabf2	E0036	4179	4179	true
c8237cc7aa150955223e533f9dba911ba29ad4e54567e35bfd6b05677ae43fc0	E0335	4179	4179	true
c8af431b65a184f4176986e261e17bcea8d0d4eac02f5aab658b94b4c0debdd1	E0352	4179	4179	true
c8ebc11ad517c1ae3ebc8b543baf38b2fb43d05ff9808a9cfdf255185545ca84	E0275	4179	4179	true
cab7f1ea7aedeb41ca066d7b1a6d11ec23615536e763fc3b5de4ac9ba1c04c99	E0010	4179	4179	true
cb09d0e4b0481491e7bff5647bcac64256c5ac07311a5177969c61d8e9cb8059	E0046	4179	4179	true
cb294b319e4c779729a5bd4777b763cc58632944908ee1dcf2266323473a272f	E0260	4179	4179	true
cbadd9d1d3ee98b57e10b3856f674ea4e41d7c49598325bc2ac205b61ce8d1b3	E0137	4179	4179	true
cbbb05eafe321ae86e9d0431bd6b44af7767e73853c6b3259eac54f415446172	E0300	4179	4179	true
cc0b6f239b004d2c8f722ba9353263698a7ee5fb5b8682a93d948275f5afa3bd	E0128	4179	4179	true
cc2ea19dfbd9fca920d1497fffaf1110568455def2173d7d8bfaa7f4d7b80e29	E0399	4179	4179	true
cc781d0ad3baeaba1692436f451dff2ccaaf3ba664ebdfca35661e45fa134501	E0202	4179	4179	true
cc7f2f1705f6edce679825bd3b4d7a2dbbc2205a05293c94ee69f206fe0f2db1	E0016	4179	4179	true
ccb292de2a65b771cd0eedbfc2c569de0cfbe21071562e8901ef2dc0683111ca	E0355	4179	4179	true
ccbffc8173d8a2a1c1677b6913de1ecbe6d61244f07072bc36a3f47e4e8c202f	E0111	4179	4179	true
cda004ea93576b7fb293ff6837ecff0c1ed852cf02fd9d171c42fb5bee338b68	E0243	4179	4179	true
cdfb13abc4fa9b83b5600a820a2b2cd7e2a08f531a3a6c39e47b71c99fa7b6cb	E0146	4179	4179	true
ce3cd8be6810315d62f28eb12e347e14661e1dba71f6df4deadfe1e622c6087d	E0183	4179	4179	true
ce8fb0924817583fee597036c5d32c63c57909f90d03ee56aec29bfe992413ba	E0219	4179	4179	true
ceb191ef0c46cde915d515bda249f8b702a935cc2b5272e477cb078eb0a42249	E0109	4179	4179	true
cec70f337abd9d7f8a2f43cf46698f8f3165aa9557798a4b606833420cd90a07	E0090	4179	4179	true
cf1ecec87f2bced663980f1e71e55b32912283a9ba2c8e5fe1858fd3e87d28fd	E0291	4179	4179	true
cf2698b2de05342f25e77d493957099c27157d09dd63cd28d079d84fea59508b	E0186	4179	4179	true
cf2ca668129b823bf16eea45c49a499581a405d96a62f80a5dcc61a730012f28	E0219	4179	4179	true
cfa70f1cb3c7ae05f1209cf962bb25cc0a1376cdf370672f404cbce0963fd725	E0211	4179	4179	true
d02dfe1beef978194695e070002278d07705b73ea9cf375c974cb58e7cc03168	E0010	4179	4179	true
d03ff43e0375f348932319364e6d308614c3ee15bb9cd97be3e816ebd10954c7	E0305	4179	4179	true
d049ff8c8c0d173d9edd380f813365550ce10c4f2dc2d50eb25fa69bd12284bc	E0043	4179	4179	true
d11d2879a77f2aafebe5fab548c1079f529b1ce6543e04c8cc7d4f724b7e9b1a	E0178	4179	4179	true
d151f01385be78535d2899d5d6bbf524e81698a742923d576cb0543a659da66a	E0199	4179	4179	true
d158a44cc54a250bca52d0f0ff8c21584b8853bb508155d7789daa5e83421867	E0184	4179	4179	true
d15e18b69dc7438362d681748e6c541edd2dbd9221d0276bad6fd907bdf1c90e	E0229	4179	4179	true
d1ab3b1c07255c62754f5c114606a51d4fe6f3dfe3947c2856844a0d7d04eee7	E0326	4179	4179	true
d1bc525eaa41596be66af137405b446991b2eb2760f1eb8ddaf51d1c19265dd4	E0230	4179	4179	true
d1c79e9c0f2e23a451aa107555a6fd84b249b7476565a427f650de4252a7f372	E0032	4179	4179	true
d29a265644733a153f091728b328f752fbbd0d75c4d3bc630a7b70499997cf88	E0296	4179	4179	true
d29a89d3c21e8962453a23d21bfd75ad36a5a8d48a6b428922e434c87332db1c	E0184	4179	4179	true
d2db143d5ae3b2b8198b07a4ab8adca43b72a3022cc7e6696331ca1ef07331fa	E0397	4179	4179	true
d2f8875b6df11259ad510f722cb5bef44edadbcf2427976955e4467a37ae4668	E0215	4179	4179	true
d30a4057a9cf8495dd5490731afab9b28a25e57e5bb18e3237a05a6748e4a51a	E0393	4179	4179	true
d31a9bbc6726d253eb2dae1b21be2fb10aae1f5453836e7951d4fc638ba0fbd4	E0277	4179	4179	true
d3f583282ec14af8b13d0f83b76ef4dd4f6ca2661612cad457bd13c0eb4e51d4	E0237	4179	4179	true
d402e4273b98adf2d39e1bdffd2a3728c70e76e123557bf6f8022747ba1a5c39	E0131	4179	4179	true
d42d1f4ebf418c982928357d7d3a15a8f34605cf79894e2ac13afe19cdfc18f5	E0027	4179	4179	true
d4462462546b6776a3234dce6a68ec0ae6abb10b6b1fb275f05c68ac7eaae726	E0011	4179	4179	true
d46db4903b0888430dbbbba6afba68271c75ed62e85ac2627500bac8ea1078e6	E0166	4179	4179	true
d49e07e0ed4bb735307df44b953d4a53c96d43b09abfbc61bef8f6ba80eec10b	E0330	4179	4179	true
d4a32b9c7e1765ea09f576ec7a047b527b87ab9a9ec9aadeae22760297fb8c67	E0007	4179	4179	true
d4bd1d7f9b2c9cbed1566a4c4cb4deee244c46c346848f0ebd1603247cf9db50	E0042	4179	4179	true
d52b6861834d9e1f36a2c3183c6b18caf03ef01081131b96d29fd3f782b8765d	E0112	4179	4179	true
d5b37d8e117b47df01a0641f4072c1c33df94b03e1b8b1a038b2918b4f2532e5	E0179	4179	4179	true
d5c4ca7491b4e4c8ab83fadd3358a49a1981501dc2e37b363aad9150a2f12d9c	E0301	4179	4179	true
d5fc9fe9295fe4f811cad0a63e57f4c592fffc4609e1ba1a039b6138a6a7c71c	E0134	4179	4179	true
d673e744809d62dbcbbd75f600d295c60ad04e72bf152bb145f665b9b52880a1	E0073	4179	4179	true
d694085bdae05b6307223452dcbd40a2abdeba4c23ec62b7bf84ddb68ba0065e	E0313	4179	4179	true
d6ef239c36dc06dcd7dfd7e02991a4cece225be3af513c738b76e50c36d235b1	E0121	4179	4179	true
d71903a835fbc624af36f9a06e3785993354328b9602974881073d670f74ab49	E0206	4179	4179	true
d75da73bb2921a64e0e0b591b19ad20b594712f4cfc4abfc8108f765f2f8fb0d	E0318	4179	4179	true
d76aa1d74959f88c5101ab280d886dc98c077ecc4288477a23a12b9ea06efb9e	E0312	4179	4179	true
d7b3865cf2381a2ae76b41de58521a56e630384c6815bf58266abb94bf7f58cd	E0377	4179	4179	true
d7b4dce96930bdd5ca88ea91b9a59b160edda6b3ef3da55e337fe4f3894ee98a	E0015	4179	4179	true
d7ef67498c10dd0a9a05c4a4821dea30baf61e9938c457b376931f8bb466a8e7	E0066	4179	4179	true
d826a7ad2d5d9a064c80e15362c7adc7f6bc8abea5136daeb4b57fb66cbe9e04	E0316	4179	4179	true
d97eaaf457974ad85e0e04ea42dee671c8824d54afa7ba9152a7d42fe9f83733	E0347	4179	4179	true
d9c059e5a8262c3634a98b56580dd410fe54bd6ade9f4ed45e14aaebb5124379	E0186	4179	4179	true
d9e503caed730a3e71818292ce5bc758b4310dd2addaa9ab7ba7ed6fcecfbbfe	E0367	4179	4179	true
d9e679d5c3a68b1517c833f884b93b363c4dac8bac80720c9a82f6d4474c2c6f	E0303	4179	4179	true
da285ef363b2249b38bfc5949960a8617694112a6fa57da845f8028bde740e17	E0040	4179	4179	true
da5812f3b99f1e3528012a302c562be8e44e6e562592cd0862832e16f605549a	E0389	4179	4179	true
db243811484a56a4cd4e0647c0ebf1a0f639370c12b932e54a55cae5cdd24349	E0106	4179	4179	true
db7087df9610211aee625e4a72f30c2d4bfe5b46c2de26d5a2489d1f78411483	E0283	4179	4179	true
dc50dda623744e7a0f15fd86facc57fdde0c0897aaae283270b59cc9ba2cfa68	E0093	4179	4179	true
dc56b398f698c840d24f4d20a67a6b35b884472db768161172d1de7564ff0f68	E0015	4179	4179	true
dc662c5c658d490e5e7ff64e2b0c1af6143c23e6c587145703a5e362577cc6d1	E0300	4179	4179	true
dcdc4c111128a7de3c050b92c1fad37928ef45045959fb3fcbcdbc748a1250e8	E0163	4179	4179	true
dda4c3f357553269018b75feb06f3e44ad2c4eedf6de7a58be4ec23ab4ef2f1a	E0292	4179	4179	true
ddb16bf498263372f3b5a8a23d4ba5263feafc20fb0de5df38d56691745efa3a	E0237	4179	4179	true
de6a5e031e1441dad10bdba7ca6c08be70850608dacf55c312042ed4ab7ce0c7	E0282	4179	4179	true
de95b1b658bd0b74df8f27ac48fde9a2e46a159caced70570ce3763ad2b898df	E0333	4179	4179	true
df893730ce4a52981f478f6e857dc350870428598a93553e890b2d6791455190	E0381	4179	4179	true
dfc4f8cf9850add49d2a98ac9eb889aec58d214ba5311d85b344e6aa7b1d4472	E0021	4179	4179	true
e0f40f86b40c910778e7ae632cf6e17e95c9d4af29573ed904263694835124f3	E0258	4179	4179	true
e106a19432dc9fb5149bc4fcd3d79e813ee785c32fd5b5eeaa944903a9d084a2	E0234	4179	4179	true
e13f1dbdd642403a90e310c265936dc599e5a4b0ecf137b89c04ae8cd86beef8	E0348	4179	4179	true
e1bf13f8a77abeb1276d069e55b69cf89dddaaaada5f51a0a36a299b0383df3f	E0152	4179	4179	true
e220685c0ac4cf236d50a77ceb271b73ead5deecd2677da52a71f2a4b2c03aca	E0322	4179	4179	true
e2522e23d0d9fd15ad974a3193a8e7ff7944e6de3ad7ee151df5525a2490dd20	E0067	4179	4179	true
e2803869eb32be2e238ebcf1ff2a2b8d4491a133ea83855d64677529f9a70562	E0212	4179	4179	true
e35cdcdf775f795101e09aad55066387fba11521aa04b53c4d53a1dc0ee49124	E0344	4179	4179	true
e3b5ca7f493fa103aefb32d99380c68641eeb9f01e9717007f4a73a050ac0da4	E0156	4179	4179	true
e3b89c1395795543ea613e2b48a10784ec17493531fb02db7ede5468a0be9124	E0340	4179	4179	true
e4982e498e7fbfa2d078d04c8d78cf1c174c77fb5a5620d3ca4adfdc8729b68c	E0202	4179	4179	true
e5603d1adac7dee4916d3cc7f6cdb2e915313da5a901cc1d0059a794ed6343b0	E0138	4179	4179	true
e5785224e46c8b6deb5141a0442faade2d3f47b0039dedcbb68b3660795c74ed	E0398	4179	4179	true
e5aee04f2824544f3e003fb5bf49a6e3ada268d6c6f8452620aad63f1ae25ab4	E0299	4179	4179	true
e60f5f5dfb02afe57ad760219b8ff71af39d74f079d7dfd1d0950d9a14f4865c	E0310	4179	4179	true
e663c5b210f71aa5a0e6ba6a967e0cbbeded31e2aae26fae2a4d8e9200c4d890	E0140	4179	4179	true
e6776c4991bd29c05c8a0c434824833bb20aa2c68b88a815bb322ff41dd9d4ab	E0111	4179	4179	true
e67a46cdded2580f6234cfcdd9e2f61d1e86d64a4f9013bfac8610ea983ab1af	E0205	4179	4179	true
e685a70a01c0706e6024c4d353a343f5833f9a41589b61956d1696090f815197	E0083	4179	4179	true
e718397cac17a15d3f906e0163dc07bddc7fe588c56385cbdab84387f7a6aa15	E0352	4179	4179	true
e7aab80d8b8b87eee2f7b5756a5b8dba608a261ab3d5dd25525dbde7b4ee9c9f	E0300	4179	4179	true
e7c11ed0e566331988257c389ff2f221dd11e617a1b2ad495dee784163d14540	E0101	4179	4179	true
e7df8732fe3916e9d6fb8520b108abf5f3eec7665fee4320c5e7a97ca017717a	E0079	4179	4179	true
e7e1544bbf3a4cebb52c77185c9458fa672ef3295c532f6f6dc4b2c8a06fbd04	E0204	4179	4179	true
e85df12c123feba80b67574b98ca548c1bd2615aa67a448f528cdd344acab835	E0038	4179	4179	true
e8f02f81cff3f4435dbeb96735b86b75869ecbc7dff39d1b21b8294b4bb26403	E0207	4179	4179	true
e927935a4d558e2dc4a70f29bb55cbd1bd898090145cd85750bd18eb48f81c69	E0292	4179	4179	true
e94149ed542fa5a729a3d615deb76102c162f93e282564c67d35ee4e038116df	E0181	4179	4179	true
e953321d0059fa70c555cb30b9fe6541c76b70e0ef13a2d8316a288539b6f7c0	E0238	4179	4179	true
e9b556d9bbf0920637dd806e94db413cf16f03906fda1e1930c45581f469de26	E0160	4179	4179	true
e9f71838e9e6618fe4a0f31a7592c378a29d737494d77625d25f31f8816f2cb0	E0042	4179	4179	true
ec83ae2e89f14a87cd4dea07ee97f1e4b4ba2651abb9a5cba568ae53f1d581b0	E0351	4179	4179	true
ec998dd4f5a491936337815edab1e2a29b256852a818305ef593fa490579cec3	E0095	4179	4179	true
ecc7667b1c59d7bf7b6cdf4960b31f341cb14a0cb655240759dd5f1b723a7cce	E0395	4179	4179	true
ecfc49701c07b6bec2441e2105b4bf26b80ea2627bf066fb107b412b6897a2b3	E0191	4179	4179	true
ed5ffb4b9a1f967cae39f234cabaf6cd9746848c3af89e42fb32d25641cd3d64	E0360	4179	4179	true
ed66ec073eef549ed16d6bf6573065a8039461eb1f78f37d826f9879efc9a9cf	E0005	4179	4179	true
ed90231ab9d32066f15f85602cddb95a62febcd4dfddcce3f1e24eccfeefad7b	E0027	4179	4179	true
ed9264d1976e96a6eddd815251c1662462e9579ef5b9bac92a4796164314b929	E0201	4179	4179	true
ee75730c1d5f0ba56e8e3920fe5b3c9e475bcd3fd4957db7165dfebaaab5c94c	E0367	4179	4179	true
ee81d01f7e15a1b236148cd3adf770346ef69e3e31fd7cf551be8a087746c8b9	E0343	4179	4179	true
ee9791034d8b9c96a57113870c3e5d073fe090b5c49758eac5de7e63c465e3f4	E0238	4179	4179	true
eeb81781fee371098016d212668277ad029755939d845ee272bb37dac5aa83f4	E0233	4179	4179	true
eedf85cee14c37a47bd1fcebc968255fe09344e05a9679f68a0b2e211e59ebbe	E0228	4179	4179	true
ef87395b1d7119e64f93fbedb0766930be3757a1152afac2c0d2e49f3c0629d6	E0362	4179	4179	true
efbae1d5a561224136798625ce6dbbcadbb3b8bb48dfe2dbae5ff99a39a5a4a3	E0289	4179	4179	true
f03c9542444bee6de85cf53d38089c10c13e34e74aa68085192ac5a9e59a586b	E0225	4179	4179	true
f081c68079fa490af888b2dabd3fee97230f7559b2e322c98106c9e0d2d84047	E0045	4179	4179	true
f0905e8f14bf9f20b443692d846515d4bc06b70566022a9ad8dbf4b6c6b82ccb	E0044	4179	4179	true
f0c250a5792c18faed32616dcb295428e8a1467e26175fa0e5b1aba357b55a55	E0159	4179	4179	true
f0c9fb9be6a2a9792eee3ce85312ae62092d35fda1e01f0580774a2515a79f0e	E0378	4179	4179	true
f0de36f1cf92f9585040652ff8f082901742fe3be0c2113a97b5ed1de1055935	E0255	4179	4179	true
f0ec2fb3b67ac9f5d85cce0b6ca49947a4a89b18535d9c171596ed3ce95bc77a	E0104	4179	4179	true
f0f9983cd5579bb806667b2d5540c8a5a799c111352926799647160152378c62	E0323	4179	4179	true
f130e1d42edb4173280439986d34d1503984c204cdd273678a2ad7a3480fa392	E0289	4179	4179	true
f188f1ec33f51009805118e5c1da4d307044b8c71abc8f62c86071e35e399d19	E0072	4179	4179	true
f31269272032493e899c0063e3e318aa9975695a8d34051a8ced5e26949dca79	E0332	4179	4179	true
f32c7c8affd5a8a880e3cc0929d81fcf5965effa6bac00d0538b403a66ee729a	E0335	4179	4179	true
f3af3571a4b07b8ff8e10a106783c3d882ae7faca06dc701da2d5ad50e6cdb2e	E0048	4179	4179	true
f3b504ef4495e39494e8268d785e44f7b20d782508e0968c4bf38784e56bc4a2	E0193	4179	4179	true
f3d0a97a9bae572ebaee607f76e290155239bcca1d737f7ad9e68d7230999821	E0207	4179	4179	true
f3eefabc025772caa4ccb7e39c4f0fda6b27700fffa309677d3992168e710fee	E0203	4179	4179	true
f3f13a22d1882f60a2a2d3b8f90118f6fd55858fc682185dbac0c86eed03af49	E0097	4179	4179	true
f46e2f2bf4f3515486146419735b42d77390d9d8a42bfc6f70df6d2be96a3cd3	E0256	4179	4179	true
f508610b7fadad28e5db9e8c3377b02119356df092fb2d23cc738e55134c342f	E0222	4179	4179	true
f5ead5696b58773864c5751e1e4ccfe4de64bfb96c5cd674ed8ce283534c455b	E0265	4179	4179	true
f5edf0a954422faa54ba9dccfa0e954dce4c91caeb071c87a9fbf458d018614b	E0157	4179	4179	true
f5f208d49afc637c1b9927c81c84026d3fd9d52813536bea34043d70a9098818	E0213	4179	4179	true
f63dd7ca4cd005564210b66c1ec9af61e383966b146edc541d41f90bdf3128dc	E0103	4179	4179	true
f657ff8ef66350d4326fa720eeba96a52a83d8f1530aa9a2f7b69fd40a8f0c55	E0210	4179	4179	true
f66f95f620ed093ad3aa04c1a32f89f3a78eb99eb8d08ab1c3ca8b0edb69e256	E0173	4179	4179	true
f7156884c3370f1bc76068edc6f3573e4837400467c0ebefb03f02d674807042	E0089	4179	4179	true
f73e0476e1fdb0f43e3f1920a1219d414e8e0b762d5f784edc0290f2e3678c26	E0114	4179	4179	true
f75ebf13a0aa33922a187adf3d8fccf95bb2f5c5c22c80c1cb36ecc74b77316d	E0036	4179	4179	true
f818d4ad1c0cef41733b3d30641d77e834883f1809738aeccfcab4da8ab89b77	E0068	4179	4179	true
f8867e4878623c23bf714994b84836c21cf005f25c266a739424880564d48a57	E0226	4179	4179	true
f8e403b5042ad882315301a6bbd2e8355a96bdcfd2df76b985185d2bd36ec655	E0253	4179	4179	true
f987da756b08b73a71d66cf7b17143ce385eb3d62877d51b3d341eca240f5d9f	E0135	4179	4179	true
f9d918b9d6a5b49a1a7f9e2576efc9c8d264200242a0090afd59c80165d11b62	E0393	4179	4179	true
fa23c3ad5907b567b2aa3f1577654cb7dfe1ac202dac5e43de2fcd308fe97315	E0096	4179	4179	true
fa3138bf7d8bfaa07d4a00666649755be39110e4173ea112e352734e17973508	E0030	4179	4179	true
fa671ac807defc16537d2c129cc4b68215a49043410fab4283d31a7d766f9e67	E0085	4179	4179	true
fa7cac05fcb028d726aa3ce4fe5af523bdd702089fbfa6e70c6b26abeacf728c	E0384	4179	4179	true
fade34802d6db353ccaa453e7bb8d941a5194d46b2bd1ac8ad4aa19f0f9c617a	E0211	4179	4179	true
fb0a4c6931dba2d40cf8cf46b7c6cce5f07b589e2866b478788f8de67860449c	E0346	4179	4179	true
fb637faab7aac9b9ad37649fba73832e91ed94ca498a5765e6324fd8508cdb6e	E0341	4179	4179	true
fba69e72d75ca3beb41aa8023e47ac4313669ee0adeeb6bb5001a3b7efc3c54e	E0322	4179	4179	true
fbf219dbce9959fc20eab840491cdc75fe4cb6894737dc4a3bce040225e51bdc	E0194	4179	4179	true
fc3091b438813985771485b8a019db822513309ecacd3ef866554649829bf5c8	E0221	4179	4179	true
fc62911286258394faf5c0604648ab1c07d0241dc8df7d3591df4e3c3073c7ef	E0130	4179	4179	true
fd0d80030809fdcfb0f37a7d2ce45b95ec11bb9ed6b6f7c48ece60ebb2b2be04	E0098	4179	4179	true
fe6196e94783fca5977114f7bde9c5f9e4dccd32514dba571cb5a15559f937f7	E0070	4179	4179	true
fe7f14c0fb468a2339a32436d8ee2ab6c9ac51f36a245cc3ff4ae7be8b929a34	E0035	4179	4179	true
fefcd6251b858e40705cc45b71777b303cc83656644d74afd6779469648d63bd	E0013	4179	4179	true
ff08cc8be2db2310a298ce7cff49204a29f010907b7b432356db439413438b4e	E0302	4179	4179	true
ff54363ebe1119de56428f5b134c13a15f4366eaf0480607ba4fc8302d45d1d4	E0217	4179	4179	true
ff9694115f4bab5d49356f27178f2889d8a574460d966c2365806919f974ea09	E0034	4179	4179	true
ff9f01fd7796add4b849470553a816e2268a8f3d3ee34c50933f410205068dc4	E0116	4179	4179	true
