scope	arm	unit	denominator	a1_mean_gain	a2_mean_gain	paired_delta_mean
ALL	correct_q1	non_tie_distinct_truth_pair_x_reaction	1440313	0.014234484268356776	0.022801865806147577	0.0085673815377913642
ALL	wrong_q0	non_tie_distinct_truth_pair_x_reaction	1440313	-0.018859407281294222	-0.031733283124166602	-0.012873875842873488
ALL	analytic_random_q0_5	non_tie_distinct_truth_pair_x_reaction	1440313	-0.0023124615064686166	-0.0044657086590093476	-0.0021532471525406104
DEVELOPMENT	correct_q1	non_tie_distinct_truth_pair_x_reaction	1081214	0.014342343990005359	0.023114524768358	0.0087721807783520678
DEVELOPMENT	wrong_q0	non_tie_distinct_truth_pair_x_reaction	1081214	-0.018964888219062413	-0.032186977626447913	-0.013222089407385007
DEVELOPMENT	analytic_random_q0_5	non_tie_distinct_truth_pair_x_reaction	1081214	-0.0023112721145286258	-0.004536226429044935	-0.0022249543145164063
CONFIRMATION_HOLDOUT	correct_q1	non_tie_distinct_truth_pair_x_reaction	359099	0.013909728585155608	0.021860478480742095	0.0079507498955866934
CONFIRMATION_HOLDOUT	wrong_q0	non_tie_distinct_truth_pair_x_reaction	359099	-0.01854181389716316	-0.030367250783255573	-0.011825436886093202
CONFIRMATION_HOLDOUT	analytic_random_q0_5	non_tie_distinct_truth_pair_x_reaction	359099	-0.0023160426560036962	-0.0042533861512571635	-0.0019373434952533832
