level	split	context	feature	a1_rho	a2_rho	a1_finite	a2_finite	rho_a2_minus_a1
PL2C_EVALUATION_REACTION	DEVELOPMENT	ALL	sign_magnitude_eta2	0.67435544003937253	0.67826708139003189	402648	445586	0.0039116413506593561
PL2C_EVALUATION_REACTION	DEVELOPMENT	ALL	sign_magnitude_correlation	-0.040572472692757926	-0.023982346391637842	140994	216915	0.016590126301120084
PL2C_EVALUATION_REACTION	DEVELOPMENT	ALL	directional_entropy3	0.673371581364136	0.68937309350801002	495547	495547	0.016001512143874019
PL2C_EVALUATION_REACTION	DEVELOPMENT	ALL	dominant_sign_mass	-0.68836163543869278	-0.66986481106983797	495547	495547	0.018496824368854803
PL2C_EVALUATION_REACTION	DEVELOPMENT	ALL	n_supported_sign_states	0.49467284233503356	0.62583488740553306	495547	495547	0.1311620450704995
PL2C_EVALUATION_REACTION	DEVELOPMENT	ALL	anchor_width80_contraction	-0.21057897654861638	-0.12980698294505127	495547	495547	0.080771993603565101
PL2C_EVALUATION_REACTION	DEVELOPMENT	ALL	joint_ess	0.15794801694064681	0.10429154071284712	495547	495547	-0.05365647622779969
PL2C_EVALUATION_REACTION	DEVELOPMENT	ALL	abs_delta_anchor_target_correlation	0.019066188041997941	0.014191532085473295	401556	445077	-0.0048746559565246463
PL2D_REACTION	DEVELOPMENT	ALL	sign_magnitude_eta2	0.85711606633671067	0.83394400560393644	2454	2485	-0.023172060732774225
PL2D_CONTEXT_REACTION	DEVELOPMENT	CORDA|training_samples=setx1,setx2	sign_magnitude_eta2	0.86005349998064762	0.85768621382564658	1846	1871	-0.002367286155001036
PL2D_CONTEXT_REACTION	DEVELOPMENT	CORDA|training_samples=setx1,setx2,setx3	sign_magnitude_eta2	0.91038777511164071	0.85380308475383637	1814	1826	-0.056584690357804335
PL2D_CONTEXT_REACTION	DEVELOPMENT	CORDA|training_samples=setx1,setx3	sign_magnitude_eta2	0.83385336596629478	0.84047549021321633	1853	1862	0.0066221242469215458
PL2D_CONTEXT_REACTION	DEVELOPMENT	CORDA|training_samples=setx2,setx3	sign_magnitude_eta2	0.82446386164316976	0.85232264998952989	1840	1853	0.02785878834636013
PL2D_CONTEXT_REACTION	DEVELOPMENT	GIMME|training_samples=setx1,setx2	sign_magnitude_eta2	0.84142554209086329	0.81638251561593855	1234	1270	-0.025043026474924734
PL2D_CONTEXT_REACTION	DEVELOPMENT	GIMME|training_samples=setx1,setx2,setx3	sign_magnitude_eta2	0.82253364521367689	0.84156844077873039	1263	1267	0.019034795565053497
PL2D_CONTEXT_REACTION	DEVELOPMENT	GIMME|training_samples=setx1,setx3	sign_magnitude_eta2	0.85091897142332928	0.83714470697230225	1236	1276	-0.01377426445102703
PL2D_CONTEXT_REACTION	DEVELOPMENT	GIMME|training_samples=setx2,setx3	sign_magnitude_eta2	0.77037309577912294	0.74637399274335448	1282	1282	-0.023999103035768465
PL2D_CONTEXT_REACTION	DEVELOPMENT	RIPTiDe|training_samples=setx1,setx2	sign_magnitude_eta2	0.66709340633280045	0.2453114786507368	128	131	-0.42178192768206368
PL2D_CONTEXT_REACTION	DEVELOPMENT	RIPTiDe|training_samples=setx1,setx2,setx3	sign_magnitude_eta2	0.85119137815426826	0.7890086761990861	158	163	-0.062182701955182162
PL2D_CONTEXT_REACTION	DEVELOPMENT	RIPTiDe|training_samples=setx1,setx3	sign_magnitude_eta2	0.83578425467878958	0.77971738313591998	133	133	-0.056066871542869601
PL2D_CONTEXT_REACTION	DEVELOPMENT	RIPTiDe|training_samples=setx2,setx3	sign_magnitude_eta2	0.35465790702674566	0.35560259073937617	161	160	0.00094468371263051187
PL2D_CONTEXT_REACTION	DEVELOPMENT	iMAT|training_samples=setx1,setx2	sign_magnitude_eta2	0.88568609899391615	0.84097673017761931	1728	1728	-0.044709368816296835
PL2D_CONTEXT_REACTION	DEVELOPMENT	iMAT|training_samples=setx1,setx2,setx3	sign_magnitude_eta2	0.84895086041133483	0.86302250091370925	1736	1737	0.014071640502374416
PL2D_CONTEXT_REACTION	DEVELOPMENT	iMAT|training_samples=setx1,setx3	sign_magnitude_eta2	0.76581737717795717	0.81779499279193635	1700	1713	0.051977615613979178
PL2D_CONTEXT_REACTION	DEVELOPMENT	iMAT|training_samples=setx2,setx3	sign_magnitude_eta2	0.86784816878603022	0.87767065901591745	1725	1729	0.0098224902298872374
PL2D_REACTION	CONFIRMATION_HOLDOUT	ALL	sign_magnitude_eta2	0.83514358231832919	0.84936571864601562	838	843	0.01422213632768643
PL2D_CONTEXT_REACTION	CONFIRMATION_HOLDOUT	CORDA|training_samples=setx1,setx2	sign_magnitude_eta2	0.8615709651518334	0.86081667800131501	638	639	-0.00075428715051839568
PL2D_CONTEXT_REACTION	CONFIRMATION_HOLDOUT	CORDA|training_samples=setx1,setx2,setx3	sign_magnitude_eta2	0.91741308537842603	0.86059186258323983	622	634	-0.056821222795186199
PL2D_CONTEXT_REACTION	CONFIRMATION_HOLDOUT	CORDA|training_samples=setx1,setx3	sign_magnitude_eta2	0.83550871027723295	0.84674505470291161	636	639	0.011236344425678668
PL2D_CONTEXT_REACTION	CONFIRMATION_HOLDOUT	CORDA|training_samples=setx2,setx3	sign_magnitude_eta2	0.80332593705463107	0.84228354514777648	625	625	0.038957608093145413
PL2D_CONTEXT_REACTION	CONFIRMATION_HOLDOUT	GIMME|training_samples=setx1,setx2	sign_magnitude_eta2	0.87255496803464194	0.82888826770265167	417	423	-0.043666700331990271
PL2D_CONTEXT_REACTION	CONFIRMATION_HOLDOUT	GIMME|training_samples=setx1,setx2,setx3	sign_magnitude_eta2	0.8291664542264614	0.83850584880128132	427	427	0.0093393945748199148
PL2D_CONTEXT_REACTION	CONFIRMATION_HOLDOUT	GIMME|training_samples=setx1,setx3	sign_magnitude_eta2	0.8623055494297821	0.85201779197764138	428	438	-0.010287757452140722
PL2D_CONTEXT_REACTION	CONFIRMATION_HOLDOUT	GIMME|training_samples=setx2,setx3	sign_magnitude_eta2	0.75220610875680494	0.7390945633483379	428	429	-0.01311154540846704
PL2D_CONTEXT_REACTION	CONFIRMATION_HOLDOUT	RIPTiDe|training_samples=setx1,setx2	sign_magnitude_eta2	0.81800091515845341	0.61444420061810945	34	34	-0.20355671454034396
PL2D_CONTEXT_REACTION	CONFIRMATION_HOLDOUT	RIPTiDe|training_samples=setx1,setx2,setx3	sign_magnitude_eta2	0.92551289930681035	0.85871096022588067	37	39	-0.066801939080929684
PL2D_CONTEXT_REACTION	CONFIRMATION_HOLDOUT	RIPTiDe|training_samples=setx1,setx3	sign_magnitude_eta2	0.86304293746765481	0.9092823698152378	34	34	0.046239432347582987
PL2D_CONTEXT_REACTION	CONFIRMATION_HOLDOUT	RIPTiDe|training_samples=setx2,setx3	sign_magnitude_eta2	0.27561031478816606	0.27565270441925754	39	39	4.2389631091488411e-05
PL2D_CONTEXT_REACTION	CONFIRMATION_HOLDOUT	iMAT|training_samples=setx1,setx2	sign_magnitude_eta2	0.87926156823443236	0.8400673035329792	593	593	-0.039194264701453152
PL2D_CONTEXT_REACTION	CONFIRMATION_HOLDOUT	iMAT|training_samples=setx1,setx2,setx3	sign_magnitude_eta2	0.8359066617099844	0.86118968396202367	593	593	0.025283022252039267
PL2D_CONTEXT_REACTION	CONFIRMATION_HOLDOUT	iMAT|training_samples=setx1,setx3	sign_magnitude_eta2	0.77165246611807869	0.80726909950989312	592	594	0.035616633391814423
PL2D_CONTEXT_REACTION	CONFIRMATION_HOLDOUT	iMAT|training_samples=setx2,setx3	sign_magnitude_eta2	0.86797644523939022	0.8734045130615854	588	588	0.0054280678221951817
