split	analysis	a1_rho	a2_rho	a1_finite	a2_finite
DEVELOPMENT	exclude_proximal	0.85838607817777324	0.8353871963377214	2398	2429
DEVELOPMENT	exclude_same_subsystem	0.85728554049592354	0.83465197497783716	2437	2468
DEVELOPMENT	exclude_either	0.85838607817777324	0.8353871963377214	2398	2429
DEVELOPMENT	eta2_information_advantage	0.37323154147476728	0.38766111465230801	2454	2485
DEVELOPMENT	entropy_usefulness	0.81037349490535004	0.86296289928936765	2715	2715
DEVELOPMENT	dominant_mass_usefulness	-0.79668272280363117	-0.85461291965309216	2715	2715
DEVELOPMENT	sign_states_usefulness	0.79650689467578928	0.83182181453389736	2715	2715
DEVELOPMENT	partial_eta2_coverage	0.83574941770834044	0.80552736302884798	2454	2485
CONFIRMATION_HOLDOUT	exclude_proximal	0.83869844132433713	0.85174575212412562	816	821
CONFIRMATION_HOLDOUT	exclude_same_subsystem	0.83784504788024394	0.85030798048722889	829	834
CONFIRMATION_HOLDOUT	exclude_either	0.83869844132433713	0.85174575212412562	816	821
CONFIRMATION_HOLDOUT	eta2_information_advantage	0.34542078458252307	0.33340475348963983	838	843
CONFIRMATION_HOLDOUT	entropy_usefulness	0.83838362926733645	0.87208598477217125	910	910
CONFIRMATION_HOLDOUT	dominant_mass_usefulness	-0.82576574851701778	-0.86324895173014904	910	910
CONFIRMATION_HOLDOUT	sign_states_usefulness	0.82071187888033614	0.85310183021673647	910	910
CONFIRMATION_HOLDOUT	partial_eta2_coverage	0.80568715763157228	0.81786987344281326	838	843
