anchor	model	top_fraction	selected_n	observed_usefulness_frequency	random_expected_frequency	enrichment_over_random	difference_vs_entropy_M1	ratio_vs_entropy_M1	mean_correct_gain	finite_correct_gain_n
A1	M1	0.1	84	0.26178168518177	0.14200757411723705	1.8434346675456277	0.0	1.0	0.0003854343753925041	84
A1	M1	0.2	168	0.2453659575759206	0.14200757411723705	1.727837117852278	0.0	1.0	0.0014402467202831264	168
A1	M2	0.1	84	0.2557505638245668	0.14200757411723705	1.8009642472550587	-0.006031121357203184	0.9769612555094699	0.0005813224474738668	84
A1	M2	0.2	168	0.25152518182815686	0.14200757411723705	1.771209623090283	0.006159224252236251	1.025102195565701	0.0006802544493031785	168
A1	M3	0.1	84	0.27085298809537794	0.14200757411723705	1.907313675197142	0.00907130291360797	1.0346521679211793	0.00034476373332662636	84
A1	M3	0.2	168	0.25275489821571934	0.14200757411723705	1.779869135762102	0.0073889406397987245	1.030113960032587	0.001691989455182273	168
A1	M4	0.1	84	0.26973161339384816	0.14200757411723705	1.8994170914515172	0.007949928212078183	1.0303685424232718	2.1972926417312905e-05	84
A1	M4	0.2	168	0.2521260298132049	0.14200757411723705	1.7754407212467236	0.006760072237284309	1.027550978563082	0.0004707646874742173	168
A2	M1	0.1	85	0.40876095529508844	0.21840155470376277	1.8716027724689361	0.0	1.0	0.0038666786272475505	85
A2	M1	0.2	169	0.37732972965458955	0.21840155470376277	1.7276879286248445	0.0	1.0	0.004025450662449559	169
A2	M2	0.1	85	0.4051999802352744	0.21840155470376277	1.8552980576758384	-0.003560975059814009	0.9912883678989268	0.0003208478259204457	85
A2	M2	0.2	169	0.39108248129734735	0.21840155470376277	1.790657954920728	0.013752751642757799	1.0364475697564228	0.02329485501840675	169
A2	M3	0.1	85	0.41089315166257895	0.21840155470376277	1.8813655068523183	0.002132196367490513	1.0052162427449836	0.0036522844989454336	85
A2	M3	0.2	169	0.3828948463166742	0.21840155470376277	1.7531690506325752	0.005565116662084646	1.0147486832462922	0.003361774589378056	169
A2	M4	0.1	85	0.4177591563106268	0.21840155470376277	1.912803033280923	0.008998201015538387	1.022013357437827	0.0038201955238450444	85
A2	M4	0.2	169	0.4013233656697886	0.21840155470376277	1.8375481173389026	0.02399363601519905	1.0635879818883156	0.002136423125524513	169
