summary_scope	algorithm	rna_context_key	lambda_total	lambda_role	reliability_q	total_distinct_reaction_truth_pair_cases	non_tie_count	truth_tie_count	improved_count	improved_fraction_of_non_ties	tied_count	tied_fraction_of_non_ties	harmed_count	harmed_fraction_of_non_ties	gain_median	gain_q10	gain_q90	fraction_denominator	quantile_alias_weighting
OVERALL	ALL	ALL	0.25	PRIMARY	0	3493644	1440313	2053331	263367	0.18285400465037807	808043	0.56101902850283236	368903	0.25612696684678954	0	-3.9776979065221894e-05	3.101715182511882e-06	NON_TIE_CASES	DISTINCT_TRUTH_PAIR_ONCE
OVERALL	ALL	ALL	0.25	PRIMARY	0.25	3493644	1440313	2053331	260183	0.18064337404439174	812707	0.56425721353622438	367423	0.25509941241938383	0	-2.1166530620355848e-05	1.6191670983378378e-06	NON_TIE_CASES	DISTINCT_TRUTH_PAIR_ONCE
OVERALL	ALL	ALL	0.25	PRIMARY	0.5	3493644	1440313	2053331	324028	0.22497054459690358	818878	0.56854169892238704	297407	0.20648775648070941	0	-1.9935115154057085e-06	1.8449162153544307e-06	NON_TIE_CASES	DISTINCT_TRUTH_PAIR_ONCE
OVERALL	ALL	ALL	0.25	PRIMARY	0.75	3493644	1440313	2053331	355221	0.24662764274154297	816881	0.56715519473892129	268211	0.18621716251953568	0	-1.4413526448496164e-06	1.3766969914970703e-05	NON_TIE_CASES	DISTINCT_TRUTH_PAIR_ONCE
OVERALL	ALL	ALL	0.25	PRIMARY	1	3493644	1440313	2053331	360354	0.25019145144145749	810166	0.56249301367133397	269793	0.18731553488720853	0	-3.3052317228356114e-06	3.1609811504037262e-05	NON_TIE_CASES	DISTINCT_TRUTH_PAIR_ONCE
OVERALL	ALL	ALL	0.5	SENSITIVITY	0	3493644	1440313	2053331	261758	0.18173688635734039	801967	0.55680050100221268	376588	0.2614626126404469	0	-8.9278606995078259e-05	5.6775695627744871e-06	NON_TIE_CASES	DISTINCT_TRUTH_PAIR_ONCE
OVERALL	ALL	ALL	0.5	SENSITIVITY	0.25	3493644	1440313	2053331	257791	0.17898262391577385	807934	0.56094335050784105	374588	0.26007402557638515	0	-4.7175757366584935e-05	2.7459335222193939e-06	NON_TIE_CASES	DISTINCT_TRUTH_PAIR_ONCE
OVERALL	ALL	ALL	0.5	SENSITIVITY	0.5	3493644	1440313	2053331	322952	0.22422348475643836	808331	0.56121898504005729	309030	0.21455753020350438	0	-9.4926881606367731e-06	6.1345230442660637e-06	NON_TIE_CASES	DISTINCT_TRUTH_PAIR_ONCE
OVERALL	ALL	ALL	0.5	SENSITIVITY	0.75	3493644	1440313	2053331	348887	0.24222998750965935	821100	0.57008441915055963	270326	0.18768559333978099	0	-1.4548402510698027e-06	1.607972158981319e-05	NON_TIE_CASES	DISTINCT_TRUTH_PAIR_ONCE
OVERALL	ALL	ALL	0.5	SENSITIVITY	1	3493644	1440313	2053331	359825	0.24982417016301317	805927	0.55954990338905497	274561	0.1906259264479318	0	-6.4508716739227767e-06	5.445592298916873e-05	NON_TIE_CASES	DISTINCT_TRUTH_PAIR_ONCE
OVERALL	ALL	ALL	1	SENSITIVITY	0	3493644	1440313	2053331	255512	0.17740032895627547	795429	0.55226120988979477	389372	0.27033846115392973	0	-0.00021851118282828505	8.7743689241993455e-06	NON_TIE_CASES	DISTINCT_TRUTH_PAIR_ONCE
OVERALL	ALL	ALL	1	SENSITIVITY	0.25	3493644	1440313	2053331	293318	0.20364879022823512	797141	0.5534498404166317	349854	0.24290136935513323	0	-0.00010186078068021634	1.0104409493693854e-05	NON_TIE_CASES	DISTINCT_TRUTH_PAIR_ONCE
OVERALL	ALL	ALL	1	SENSITIVITY	0.5	3493644	1440313	2053331	316326	0.21962309581320172	797714	0.55384767061048534	326273	0.22652923357631294	0	-4.5550487416578726e-05	1.5685773530186095e-05	NON_TIE_CASES	DISTINCT_TRUTH_PAIR_ONCE
OVERALL	ALL	ALL	1	SENSITIVITY	0.75	3493644	1440313	2053331	341509	0.2371074898303355	802023	0.55683938144000644	296781	0.20605312872965806	0	-1.2396537913828229e-05	2.2392758459730515e-05	NON_TIE_CASES	DISTINCT_TRUTH_PAIR_ONCE
OVERALL	ALL	ALL	1	SENSITIVITY	1	3493644	1440313	2053331	357950	0.24852236979045528	801982	0.55681091540519323	280381	0.19466671480435155	0	-1.1668432600068341e-05	8.1198331928664449e-05	NON_TIE_CASES	DISTINCT_TRUTH_PAIR_ONCE
CONTEXT	CORDA	training_samples=setx1,setx2	0.25	PRIMARY	0	183876	124256	59620	20066	0.16148918362091166	72451	0.58307848313159927	31739	0.25543233324748904	0	-5.938999665994931e-05	3.0964970583733688e-06	NON_TIE_CASES	DISTINCT_TRUTH_PAIR_ONCE
CONTEXT	CORDA	training_samples=setx1,setx2	0.25	PRIMARY	0.25	183876	124256	59620	19867	0.15988765130054081	72521	0.58364183620911669	31868	0.25647051249034253	0	-3.239662563950035e-05	1.6502928300641015e-06	NON_TIE_CASES	DISTINCT_TRUTH_PAIR_ONCE
CONTEXT	CORDA	training_samples=setx1,setx2	0.25	PRIMARY	0.5	183876	124256	59620	25460	0.20489956219417976	72913	0.58679661344321399	25883	0.20830382436260622	0	-2.9650462505717958e-06	1.8269188194244813e-06	NON_TIE_CASES	DISTINCT_TRUTH_PAIR_ONCE
CONTEXT	CORDA	training_samples=setx1,setx2	0.25	PRIMARY	0.75	183876	124256	59620	30504	0.24549317537986093	72869	0.58644250579448876	20883	0.16806431882565026	0	-1.3781278586436693e-06	1.8057941299632133e-05	NON_TIE_CASES	DISTINCT_TRUTH_PAIR_ONCE
CONTEXT	CORDA	training_samples=setx1,setx2	0.25	PRIMARY	1	183876	124256	59620	30918	0.24882500643832089	72474	0.58326358485706931	20864	0.16791140870460983	0	-3.2932842193807582e-06	4.3340440456412989e-05	NON_TIE_CASES	DISTINCT_TRUTH_PAIR_ONCE
CONTEXT	CORDA	training_samples=setx1,setx2	0.5	SENSITIVITY	0	183876	124256	59620	19646	0.15810906515580736	72155	0.58069630440381148	32455	0.26119463044038116	0	-0.00013502303356680121	4.8875331597877041e-06	NON_TIE_CASES	DISTINCT_TRUTH_PAIR_ONCE
CONTEXT	CORDA	training_samples=setx1,setx2	0.5	SENSITIVITY	0.25	183876	124256	59620	19324	0.15551764099922741	72344	0.58221735771310845	32588	0.26226500128766417	0	-7.663229995789276e-05	2.5852796327971726e-06	NON_TIE_CASES	DISTINCT_TRUTH_PAIR_ONCE
CONTEXT	CORDA	training_samples=setx1,setx2	0.5	SENSITIVITY	0.5	183876	124256	59620	24858	0.20005472572753025	72451	0.58307848313159927	26947	0.21686679114087046	0	-1.3265448302133144e-05	5.668585628571008e-06	NON_TIE_CASES	DISTINCT_TRUTH_PAIR_ONCE
CONTEXT	CORDA	training_samples=setx1,setx2	0.5	SENSITIVITY	0.75	183876	124256	59620	29890	0.24055176409992274	73115	0.588422289466907	21251	0.17102594643317023	0	-1.5866772724013099e-06	1.9528976819205702e-05	NON_TIE_CASES	DISTINCT_TRUTH_PAIR_ONCE
CONTEXT	CORDA	training_samples=setx1,setx2	0.5	SENSITIVITY	1	183876	124256	59620	30668	0.2468130311614731	72417	0.58280485449394803	21171	0.17038211434457892	0	-6.0551193120944743e-06	7.2435283976392186e-05	NON_TIE_CASES	DISTINCT_TRUTH_PAIR_ONCE
CONTEXT	CORDA	training_samples=setx1,setx2	1	SENSITIVITY	0	183876	124256	59620	18583	0.14955414627865052	72108	0.58031805305176409	33565	0.27012780066958536	0	-0.0003231803642494784	5.914761285615708e-06	NON_TIE_CASES	DISTINCT_TRUTH_PAIR_ONCE
CONTEXT	CORDA	training_samples=setx1,setx2	1	SENSITIVITY	0.25	183876	124256	59620	20304	0.16340458408447078	72113	0.58035829255730109	31839	0.25623712335822818	0	-0.00017401359477762365	5.9644279959654058e-06	NON_TIE_CASES	DISTINCT_TRUTH_PAIR_ONCE
CONTEXT	CORDA	training_samples=setx1,setx2	1	SENSITIVITY	0.5	183876	124256	59620	23440	0.18864280195724956	72129	0.58048705897501929	28687	0.23087013906773113	0	-6.1514914368491439e-05	1.187413439457441e-05	NON_TIE_CASES	DISTINCT_TRUTH_PAIR_ONCE
CONTEXT	CORDA	training_samples=setx1,setx2	1	SENSITIVITY	0.75	183876	124256	59620	26881	0.21633562966778264	72297	0.58183910636106106	25078	0.20182526397115633	0	-1.4057783520034163e-05	2.2251761273021876e-05	NON_TIE_CASES	DISTINCT_TRUTH_PAIR_ONCE
CONTEXT	CORDA	training_samples=setx1,setx2	1	SENSITIVITY	1	183876	124256	59620	30339	0.24416527169714139	72301	0.58187129796549064	21616	0.17396343033736802	0	-9.7567003755852992e-06	0.00010163109415606581	NON_TIE_CASES	DISTINCT_TRUTH_PAIR_ONCE
CONTEXT	CORDA	training_samples=setx1,setx2,setx3	0.25	PRIMARY	0	267456	176320	91136	31947	0.18118761343012704	99089	0.56198389292196005	45284	0.25682849364791288	0	-3.1724701410764007e-05	3.1199754344080457e-06	NON_TIE_CASES	DISTINCT_TRUTH_PAIR_ONCE
CONTEXT	CORDA	training_samples=setx1,setx2,setx3	0.25	PRIMARY	0.25	267456	176320	91136	31678	0.17966197822141561	99435	0.56394623411978217	45207	0.25639178765880216	0	-1.5734189714230439e-05	1.5792275059017583e-06	NON_TIE_CASES	DISTINCT_TRUTH_PAIR_ONCE
CONTEXT	CORDA	training_samples=setx1,setx2,setx3	0.25	PRIMARY	0.5	267456	176320	91136	43371	0.24597890199637024	99988	0.56708257713248644	32961	0.18693852087114338	0	-6.6797960429946492e-07	2.8248276474195783e-06	NON_TIE_CASES	DISTINCT_TRUTH_PAIR_ONCE
CONTEXT	CORDA	training_samples=setx1,setx2,setx3	0.25	PRIMARY	0.75	267456	176320	91136	43855	0.2487239110707804	99786	0.56593693284936475	32679	0.18533915607985482	0	-1.4331361521270479e-06	1.2011691840759822e-05	NON_TIE_CASES	DISTINCT_TRUTH_PAIR_ONCE
CONTEXT	CORDA	training_samples=setx1,setx2,setx3	0.25	PRIMARY	1	267456	176320	91136	44298	0.25123638838475498	99244	0.5628629764065336	32778	0.18590063520871145	0	-3.3879129834367721e-06	2.7699163142559327e-05	NON_TIE_CASES	DISTINCT_TRUTH_PAIR_ONCE
CONTEXT	CORDA	training_samples=setx1,setx2,setx3	0.5	SENSITIVITY	0	267456	176320	91136	31520	0.17876588021778583	98807	0.56038452813067152	45993	0.26084959165154264	0	-6.7864204041291946e-05	5.4773155907898718e-06	NON_TIE_CASES	DISTINCT_TRUTH_PAIR_ONCE
CONTEXT	CORDA	training_samples=setx1,setx2,setx3	0.5	SENSITIVITY	0.25	267456	176320	91136	31211	0.17701338475499093	99189	0.56255104355716878	45920	0.26043557168784032	0	-3.2034447963574904e-05	2.5360577726454093e-06	NON_TIE_CASES	DISTINCT_TRUTH_PAIR_ONCE
CONTEXT	CORDA	training_samples=setx1,setx2,setx3	0.5	SENSITIVITY	0.5	267456	176320	91136	43007	0.24391447368421051	99151	0.56233552631578942	34162	0.19375000000000001	0	-3.4066469389229918e-06	9.3823722367978625e-06	NON_TIE_CASES	DISTINCT_TRUTH_PAIR_ONCE
CONTEXT	CORDA	training_samples=setx1,setx2,setx3	0.5	SENSITIVITY	0.75	267456	176320	91136	43055	0.24418670598911071	100176	0.56814882032667879	33089	0.18766447368421052	0	-1.3853097815383357e-06	1.429542570946777e-05	NON_TIE_CASES	DISTINCT_TRUTH_PAIR_ONCE
CONTEXT	CORDA	training_samples=setx1,setx2,setx3	0.5	SENSITIVITY	1	267456	176320	91136	44086	0.2500340290381125	98923	0.5610424228675136	33311	0.18892354809437387	0	-6.278916483094483e-06	4.7301265831440126e-05	NON_TIE_CASES	DISTINCT_TRUTH_PAIR_ONCE
CONTEXT	CORDA	training_samples=setx1,setx2,setx3	1	SENSITIVITY	0	267456	176320	91136	30506	0.1730149727767695	98173	0.55678879310344831	47641	0.27019623411978222	0	-0.00015509795302053975	8.321736853255865e-06	NON_TIE_CASES	DISTINCT_TRUTH_PAIR_ONCE
CONTEXT	CORDA	training_samples=setx1,setx2,setx3	1	SENSITIVITY	0.25	267456	176320	91136	35571	0.20174115245009075	98497	0.55862636116152453	42252	0.23963248638838475	0	-6.4743099934537777e-05	9.5462275743128894e-06	NON_TIE_CASES	DISTINCT_TRUTH_PAIR_ONCE
CONTEXT	CORDA	training_samples=setx1,setx2,setx3	1	SENSITIVITY	0.5	267456	176320	91136	41595	0.23590630671506352	98531	0.55881919237749544	36194	0.20527450090744101	0	-1.8022530654511392e-05	2.6493018436056198e-05	NON_TIE_CASES	DISTINCT_TRUTH_PAIR_ONCE
CONTEXT	CORDA	training_samples=setx1,setx2,setx3	1	SENSITIVITY	0.75	267456	176320	91136	44988	0.25514972776769512	98727	0.55993080762250458	32605	0.18491946460980035	0	-6.0952122839831794e-06	3.4086867903193228e-05	NON_TIE_CASES	DISTINCT_TRUTH_PAIR_ONCE
CONTEXT	CORDA	training_samples=setx1,setx2,setx3	1	SENSITIVITY	1	267456	176320	91136	43632	0.24745916515426497	98734	0.55997050816696914	33954	0.19257032667876589	0	-1.0829153853316169e-05	7.2365189654101034e-05	NON_TIE_CASES	DISTINCT_TRUTH_PAIR_ONCE
CONTEXT	CORDA	training_samples=setx1,setx3	0.25	PRIMARY	0	167160	112800	54360	21369	0.18944148936170213	61746	0.54739361702127665	29685	0.26316489361702128	0	-3.7006452083386383e-05	3.1186288074690048e-06	NON_TIE_CASES	DISTINCT_TRUTH_PAIR_ONCE
CONTEXT	CORDA	training_samples=setx1,setx3	0.25	PRIMARY	0.25	167160	112800	54360	21160	0.1875886524822695	62135	0.55084219858156025	29505	0.26156914893617023	0	-1.9485570005872005e-05	1.6753677502715139e-06	NON_TIE_CASES	DISTINCT_TRUTH_PAIR_ONCE
CONTEXT	CORDA	training_samples=setx1,setx3	0.25	PRIMARY	0.5	167160	112800	54360	28261	0.25054078014184394	62534	0.55437943262411349	22005	0.19507978723404254	0	-1.09842069241814e-06	2.7933229739657804e-06	NON_TIE_CASES	DISTINCT_TRUTH_PAIR_ONCE
CONTEXT	CORDA	training_samples=setx1,setx3	0.25	PRIMARY	0.75	167160	112800	54360	28840	0.25567375886524824	62331	0.55257978723404255	21629	0.19174645390070921	0	-1.397594549674447e-06	1.1451422306845229e-05	NON_TIE_CASES	DISTINCT_TRUTH_PAIR_ONCE
CONTEXT	CORDA	training_samples=setx1,setx3	0.25	PRIMARY	1	167160	112800	54360	29151	0.25843085106382979	61824	0.54808510638297869	21825	0.19348404255319149	0	-3.1211107937957893e-06	2.7186441830182426e-05	NON_TIE_CASES	DISTINCT_TRUTH_PAIR_ONCE
CONTEXT	CORDA	training_samples=setx1,setx3	0.5	SENSITIVITY	0	167160	112800	54360	21182	0.18778368794326242	61336	0.54375886524822692	30282	0.26845744680851064	0	-8.1784863905172769e-05	5.7719605703141635e-06	NON_TIE_CASES	DISTINCT_TRUTH_PAIR_ONCE
CONTEXT	CORDA	training_samples=setx1,setx3	0.5	SENSITIVITY	0.25	167160	112800	54360	20830	0.18466312056737588	62068	0.55024822695035458	29902	0.26508865248226948	0	-3.9910114701612292e-05	2.7958835006394841e-06	NON_TIE_CASES	DISTINCT_TRUTH_PAIR_ONCE
CONTEXT	CORDA	training_samples=setx1,setx3	0.5	SENSITIVITY	0.5	167160	112800	54360	28193	0.24993794326241134	61708	0.54705673758865248	22899	0.20300531914893616	0	-5.7320794826737982e-06	9.3035202327110787e-06	NON_TIE_CASES	DISTINCT_TRUTH_PAIR_ONCE
CONTEXT	CORDA	training_samples=setx1,setx3	0.5	SENSITIVITY	0.75	167160	112800	54360	28441	0.25213652482269505	62461	0.55373226950354615	21898	0.19413120567375886	0	-1.4716983963874476e-06	1.2102022211248217e-05	NON_TIE_CASES	DISTINCT_TRUTH_PAIR_ONCE
CONTEXT	CORDA	training_samples=setx1,setx3	0.5	SENSITIVITY	1	167160	112800	54360	29165	0.25855496453900711	61492	0.54514184397163123	22143	0.19630319148936171	0	-6.2233119467255999e-06	4.6252689247244555e-05	NON_TIE_CASES	DISTINCT_TRUTH_PAIR_ONCE
CONTEXT	CORDA	training_samples=setx1,setx3	1	SENSITIVITY	0	167160	112800	54360	20621	0.18281028368794328	60946	0.54030141843971635	31233	0.27688829787234043	0	-0.00018934358826041962	9.0773923045895516e-06	NON_TIE_CASES	DISTINCT_TRUTH_PAIR_ONCE
CONTEXT	CORDA	training_samples=setx1,setx3	1	SENSITIVITY	0.25	167160	112800	54360	25728	0.22808510638297871	61038	0.54111702127659578	26034	0.23079787234042554	0	-6.5726816168549019e-05	1.3647919169060277e-05	NON_TIE_CASES	DISTINCT_TRUTH_PAIR_ONCE
CONTEXT	CORDA	training_samples=setx1,setx3	1	SENSITIVITY	0.5	167160	112800	54360	27379	0.24272163120567375	61040	0.54113475177304959	24381	0.2161436170212766	0	-3.0508453473628727e-05	2.2567500502292662e-05	NON_TIE_CASES	DISTINCT_TRUTH_PAIR_ONCE
CONTEXT	CORDA	training_samples=setx1,setx3	1	SENSITIVITY	0.75	167160	112800	54360	28620	0.25372340425531914	61321	0.54362588652482269	22859	0.20265070921985814	0	-9.5555568658280596e-06	2.2421740859535078e-05	NON_TIE_CASES	DISTINCT_TRUTH_PAIR_ONCE
CONTEXT	CORDA	training_samples=setx1,setx3	1	SENSITIVITY	1	167160	112800	54360	28950	0.25664893617021278	61268	0.54315602836879429	22582	0.2001950354609929	0	-1.1613779391276072e-05	6.7938221902535733e-05	NON_TIE_CASES	DISTINCT_TRUTH_PAIR_ONCE
CONTEXT	CORDA	training_samples=setx2,setx3	0.25	PRIMARY	0	188055	126405	61650	24457	0.19348127051936237	69674	0.55119655076935248	32274	0.25532217871128515	0	-1.6039713858150353e-05	3.1758170275817539e-06	NON_TIE_CASES	DISTINCT_TRUTH_PAIR_ONCE
CONTEXT	CORDA	training_samples=setx2,setx3	0.25	PRIMARY	0.25	188055	126405	61650	24108	0.19072030378545152	70365	0.55666310668090657	31932	0.25261658953364186	0	-7.3622108517998524e-06	1.6831083275940406e-06	NON_TIE_CASES	DISTINCT_TRUTH_PAIR_ONCE
CONTEXT	CORDA	training_samples=setx2,setx3	0.25	PRIMARY	0.5	188055	126405	61650	31878	0.25218939124243506	70930	0.56113286657964478	23597	0.18667774217792019	0	-5.7800105185976461e-07	1.7293712662328494e-06	NON_TIE_CASES	DISTINCT_TRUTH_PAIR_ONCE
CONTEXT	CORDA	training_samples=setx2,setx3	0.25	PRIMARY	0.75	188055	126405	61650	31124	0.24622443732447291	70473	0.55751750326332028	24808	0.19625805941220681	0	-1.2181065182071855e-06	7.0374957835377596e-06	NON_TIE_CASES	DISTINCT_TRUTH_PAIR_ONCE
CONTEXT	CORDA	training_samples=setx2,setx3	0.25	PRIMARY	1	188055	126405	61650	31705	0.25082077449467982	69773	0.55197974763656499	24927	0.19719947786875519	0	-2.8085981621363427e-06	1.4848503660402912e-05	NON_TIE_CASES	DISTINCT_TRUTH_PAIR_ONCE
CONTEXT	CORDA	training_samples=setx2,setx3	0.5	SENSITIVITY	0	188055	126405	61650	24518	0.19396384636683675	68949	0.5454610181559274	32938	0.26057513547723588	0	-3.0973781780680235e-05	6.450928300368074e-06	NON_TIE_CASES	DISTINCT_TRUTH_PAIR_ONCE
CONTEXT	CORDA	training_samples=setx2,setx3	0.5	SENSITIVITY	0.25	188055	126405	61650	24107	0.19071239270598472	69829	0.55242276808670543	32469	0.25686483920730985	0	-1.1735215717082825e-05	2.8695473877561847e-06	NON_TIE_CASES	DISTINCT_TRUTH_PAIR_ONCE
CONTEXT	CORDA	training_samples=setx2,setx3	0.5	SENSITIVITY	0.5	188055	126405	61650	32222	0.25491080257901189	69634	0.55088010759068073	24549	0.19420908983030735	0	-2.6643639380616086e-06	6.4141035217959498e-06	NON_TIE_CASES	DISTINCT_TRUTH_PAIR_ONCE
CONTEXT	CORDA	training_samples=setx2,setx3	0.5	SENSITIVITY	0.75	188055	126405	61650	30963	0.2449507535303192	70561	0.55821367825639812	24881	0.19683556821328271	0	-1.1966080833266594e-06	1.1398914982733706e-05	NON_TIE_CASES	DISTINCT_TRUTH_PAIR_ONCE
CONTEXT	CORDA	training_samples=setx2,setx3	0.5	SENSITIVITY	1	188055	126405	61650	31797	0.25154859380562478	69145	0.54701158973141883	25463	0.20143981646295636	0	-5.5026884571759819e-06	2.81573487124502e-05	NON_TIE_CASES	DISTINCT_TRUTH_PAIR_ONCE
CONTEXT	CORDA	training_samples=setx2,setx3	1	SENSITIVITY	0	188055	126405	61650	24347	0.1926110517780151	68005	0.53799295913927458	34053	0.26939598908271034	0	-6.5747167016070874e-05	1.0758122215008837e-05	NON_TIE_CASES	DISTINCT_TRUTH_PAIR_ONCE
CONTEXT	CORDA	training_samples=setx2,setx3	1	SENSITIVITY	0.25	188055	126405	61650	31115	0.2461532376092718	68199	0.53952770855583243	27091	0.21431905383489577	0	-1.7187443915695825e-05	1.6371675315516936e-05	NON_TIE_CASES	DISTINCT_TRUTH_PAIR_ONCE
CONTEXT	CORDA	training_samples=setx2,setx3	1	SENSITIVITY	0.5	188055	126405	61650	32062	0.25364502986432497	68273	0.54011312843637516	26070	0.20624184169929988	0	-1.2334164897478858e-05	2.1383877431818427e-05	NON_TIE_CASES	DISTINCT_TRUTH_PAIR_ONCE
CONTEXT	CORDA	training_samples=setx2,setx3	1	SENSITIVITY	0.75	188055	126405	61650	33781	0.2672441754677426	68584	0.5425734741505478	24040	0.19018235038170958	0	-4.1466376877009946e-06	2.3549958959569618e-05	NON_TIE_CASES	DISTINCT_TRUTH_PAIR_ONCE
CONTEXT	CORDA	training_samples=setx2,setx3	1	SENSITIVITY	1	188055	126405	61650	31794	0.2515248605672244	68554	0.5423361417665441	26057	0.20613899766623156	0	-9.9964481866881785e-06	5.3555602892142891e-05	NON_TIE_CASES	DISTINCT_TRUTH_PAIR_ONCE
CONTEXT	GIMME	training_samples=setx1,setx2	0.25	PRIMARY	0	213129	91035	122094	18998	0.20868896578239138	43837	0.48154006700719504	28200	0.30977096721041358	0	-0.0018872055098549058	1.2601685361699024e-05	NON_TIE_CASES	DISTINCT_TRUTH_PAIR_ONCE
CONTEXT	GIMME	training_samples=setx1,setx2	0.25	PRIMARY	0.25	213129	91035	122094	18867	0.20724995880705224	43961	0.48290218048003514	28207	0.30984786071291259	0	-0.0010772595134676114	7.0050988436073144e-06	NON_TIE_CASES	DISTINCT_TRUTH_PAIR_ONCE
CONTEXT	GIMME	training_samples=setx1,setx2	0.25	PRIMARY	0.5	213129	91035	122094	21441	0.23552479815455593	44266	0.486252540231779	25328	0.2782226616136651	0	-0.00011973911175250027	4.6908095020120236e-06	NON_TIE_CASES	DISTINCT_TRUTH_PAIR_ONCE
CONTEXT	GIMME	training_samples=setx1,setx2	0.25	PRIMARY	0.75	213129	91035	122094	27267	0.29952216180589886	44255	0.4861317075849948	19513	0.2143461306091064	0	-5.7043058155802754e-06	0.00038801331641191662	NON_TIE_CASES	DISTINCT_TRUTH_PAIR_ONCE
CONTEXT	GIMME	training_samples=setx1,setx2	0.25	PRIMARY	1	213129	91035	122094	27519	0.30229032789586424	43951	0.48279233261932225	19565	0.21491733948481354	0	-1.3607891132297825e-05	0.00099618963551383857	NON_TIE_CASES	DISTINCT_TRUTH_PAIR_ONCE
CONTEXT	GIMME	training_samples=setx1,setx2	0.5	SENSITIVITY	0	213129	91035	122094	18772	0.20620640413027957	43562	0.47851925083758995	28701	0.31527434503213048	0	-0.0054192286709494443	2.585753392430316e-05	NON_TIE_CASES	DISTINCT_TRUTH_PAIR_ONCE
CONTEXT	GIMME	training_samples=setx1,setx2	0.5	SENSITIVITY	0.25	213129	91035	122094	18547	0.20373482726423903	43715	0.48019992310649751	28773	0.31606524962926347	0	-0.0031923864422558619	1.4186393009086445e-05	NON_TIE_CASES	DISTINCT_TRUTH_PAIR_ONCE
CONTEXT	GIMME	training_samples=setx1,setx2	0.5	SENSITIVITY	0.5	213129	91035	122094	21115	0.23194375789531499	43877	0.48197945845004669	26043	0.28607678365463834	0	-0.00060198204296739932	1.456281989007139e-05	NON_TIE_CASES	DISTINCT_TRUTH_PAIR_ONCE
CONTEXT	GIMME	training_samples=setx1,setx2	0.5	SENSITIVITY	0.75	213129	91035	122094	26794	0.29432635799417806	44509	0.48892184324710275	19732	0.21675179875871917	0	-6.0838896693469972e-06	0.00036595401758973619	NON_TIE_CASES	DISTINCT_TRUTH_PAIR_ONCE
CONTEXT	GIMME	training_samples=setx1,setx2	0.5	SENSITIVITY	1	213129	91035	122094	27386	0.30082935134838251	43843	0.48160597572362279	19806	0.21756467292799472	0	-2.5288868155844894e-05	0.0015469966796612148	NON_TIE_CASES	DISTINCT_TRUTH_PAIR_ONCE
CONTEXT	GIMME	training_samples=setx1,setx2	1	SENSITIVITY	0	213129	91035	122094	18119	0.19903333882572638	43311	0.47576206953369582	29605	0.3252045916405778	0	-0.020962661098988616	3.9233281682553356e-05	NON_TIE_CASES	DISTINCT_TRUTH_PAIR_ONCE
CONTEXT	GIMME	training_samples=setx1,setx2	1	SENSITIVITY	0.25	213129	91035	122094	20012	0.21982753885868073	43369	0.47639918712583074	27654	0.30377327401548854	0	-0.0080108998298216282	3.8510712437255087e-05	NON_TIE_CASES	DISTINCT_TRUTH_PAIR_ONCE
CONTEXT	GIMME	training_samples=setx1,setx2	1	SENSITIVITY	0.5	213129	91035	122094	20412	0.22422145328719723	43424	0.47700335035975172	27199	0.298775196353051	0	-0.0036496517661579147	4.1112746422461548e-05	NON_TIE_CASES	DISTINCT_TRUTH_PAIR_ONCE
CONTEXT	GIMME	training_samples=setx1,setx2	1	SENSITIVITY	0.75	213129	91035	122094	22932	0.25190311418685118	43743	0.48050749711649365	24360	0.26758938869665511	0	-0.0002321259264307422	8.3553316181761157e-05	NON_TIE_CASES	DISTINCT_TRUTH_PAIR_ONCE
CONTEXT	GIMME	training_samples=setx1,setx2	1	SENSITIVITY	1	213129	91035	122094	27206	0.29885208985555006	43744	0.48051848190256496	20085	0.220629428241885	0	-4.2125665385894367e-05	0.0021916484318526522	NON_TIE_CASES	DISTINCT_TRUTH_PAIR_ONCE
CONTEXT	GIMME	training_samples=setx1,setx2,setx3	0.25	PRIMARY	0	234024	100128	133896	11749	0.11733980504953659	68431	0.68343520294023652	19948	0.19922499201022692	0	-2.0699622578178884e-05	2.5999685357619491e-08	NON_TIE_CASES	DISTINCT_TRUTH_PAIR_ONCE
CONTEXT	GIMME	training_samples=setx1,setx2,setx3	0.25	PRIMARY	0.25	234024	100128	133896	11592	0.11577181208053691	68572	0.68484340044742731	19964	0.19938478747203581	0	-1.1418819424549818e-05	1.1130516137072523e-08	NON_TIE_CASES	DISTINCT_TRUTH_PAIR_ONCE
CONTEXT	GIMME	training_samples=setx1,setx2,setx3	0.25	PRIMARY	0.5	234024	100128	133896	14817	0.14798058485139021	68710	0.6862216363055289	16601	0.16579777884308086	0	-7.3554158167701242e-07	4.7552432039547551e-07	NON_TIE_CASES	DISTINCT_TRUTH_PAIR_ONCE
CONTEXT	GIMME	training_samples=setx1,setx2,setx3	0.25	PRIMARY	0.75	234024	100128	133896	19180	0.19155480984340045	68692	0.68604186641099396	12256	0.12240332374560563	0	-3.0500773647577467e-08	7.2840445802920514e-06	NON_TIE_CASES	DISTINCT_TRUTH_PAIR_ONCE
CONTEXT	GIMME	training_samples=setx1,setx2,setx3	0.25	PRIMARY	1	234024	100128	133896	19325	0.19300295621604346	68571	0.68483341323106428	12232	0.1221636305528923	0	-6.8282598978023086e-08	1.6421508982848487e-05	NON_TIE_CASES	DISTINCT_TRUTH_PAIR_ONCE
CONTEXT	GIMME	training_samples=setx1,setx2,setx3	0.5	SENSITIVITY	0	234024	100128	133896	11520	0.11505273250239693	68192	0.68104825822946624	20416	0.20389900926813678	0	-4.5924994630750919e-05	1.9856152877478976e-08	NON_TIE_CASES	DISTINCT_TRUTH_PAIR_ONCE
CONTEXT	GIMME	training_samples=setx1,setx2,setx3	0.5	SENSITIVITY	0.25	234024	100128	133896	11324	0.1130952380952381	68322	0.6823465963566635	20482	0.20455816554809844	0	-2.4594615491043269e-05	4.5248090790312134e-09	NON_TIE_CASES	DISTINCT_TRUTH_PAIR_ONCE
CONTEXT	GIMME	training_samples=setx1,setx2,setx3	0.5	SENSITIVITY	0.5	234024	100128	133896	14451	0.14432526366251197	68482	0.68394455097475226	17195	0.17173018536273571	0	-3.6574852461495231e-06	1.3254352466034324e-06	NON_TIE_CASES	DISTINCT_TRUTH_PAIR_ONCE
CONTEXT	GIMME	training_samples=setx1,setx2,setx3	0.5	SENSITIVITY	0.75	234024	100128	133896	18878	0.18853867050175774	68784	0.68696069031639506	12466	0.12450063918184724	0	-5.3034971246932046e-08	1.0009535069204969e-05	NON_TIE_CASES	DISTINCT_TRUTH_PAIR_ONCE
CONTEXT	GIMME	training_samples=setx1,setx2,setx3	0.5	SENSITIVITY	1	234024	100128	133896	19206	0.19181447746883989	68435	0.68347515180568874	12487	0.12471037072547139	0	-1.5673728683167932e-07	2.8499005758721925e-05	NON_TIE_CASES	DISTINCT_TRUTH_PAIR_ONCE
CONTEXT	GIMME	training_samples=setx1,setx2,setx3	1	SENSITIVITY	0	234024	100128	133896	10990	0.10975950782997763	67985	0.67898090444231385	21153	0.21125958772770853	0	-0.00010291048895666802	3.0370386600334652e-09	NON_TIE_CASES	DISTINCT_TRUTH_PAIR_ONCE
CONTEXT	GIMME	training_samples=setx1,setx2,setx3	1	SENSITIVITY	0.25	234024	100128	133896	12308	0.1229226589964845	68075	0.67987975391498878	19745	0.19719758708852669	0	-5.013581876571169e-05	2.2926839298599109e-07	NON_TIE_CASES	DISTINCT_TRUTH_PAIR_ONCE
CONTEXT	GIMME	training_samples=setx1,setx2,setx3	1	SENSITIVITY	0.5	234024	100128	133896	13911	0.13893216682646212	68139	0.68051893576222433	18078	0.18054889741131352	0	-1.6560261545512377e-05	2.4753737123668737e-06	NON_TIE_CASES	DISTINCT_TRUTH_PAIR_ONCE
CONTEXT	GIMME	training_samples=setx1,setx2,setx3	1	SENSITIVITY	0.75	234024	100128	133896	16870	0.16848434004474272	68344	0.68256631511665067	14914	0.14894934483860658	0	-2.4267276784863831e-06	9.7637600845452995e-06	NON_TIE_CASES	DISTINCT_TRUTH_PAIR_ONCE
CONTEXT	GIMME	training_samples=setx1,setx2,setx3	1	SENSITIVITY	1	234024	100128	133896	18942	0.18917785234899329	68356	0.68268616171300733	12830	0.12813598593799935	0	-4.8560285922736445e-07	4.2841435031784256e-05	NON_TIE_CASES	DISTINCT_TRUTH_PAIR_ONCE
CONTEXT	GIMME	training_samples=setx1,setx3	0.25	PRIMARY	0	183876	80256	103620	9293	0.11579196570972887	50486	0.62906200159489634	20477	0.25514603269537478	0	-1.6991013477032533e-05	6.539106492642876e-09	NON_TIE_CASES	DISTINCT_TRUTH_PAIR_ONCE
CONTEXT	GIMME	training_samples=setx1,setx3	0.25	PRIMARY	0.25	183876	80256	103620	9177	0.11434659090909091	50730	0.63210227272727271	20349	0.25355113636363635	0	-8.8286679959447364e-06	2.7054417326637083e-09	NON_TIE_CASES	DISTINCT_TRUTH_PAIR_ONCE
CONTEXT	GIMME	training_samples=setx1,setx3	0.25	PRIMARY	0.5	183876	80256	103620	14672	0.18281499202551835	51234	0.63838217703349287	14350	0.17880283094098884	0	-3.9625082705609343e-07	6.3426091831415003e-07	NON_TIE_CASES	DISTINCT_TRUTH_PAIR_ONCE
CONTEXT	GIMME	training_samples=setx1,setx3	0.25	PRIMARY	0.75	183876	80256	103620	19524	0.24327153110047847	51210	0.6380831339712919	9522	0.11864533492822966	0	-7.5638827087910255e-09	6.9276175034554886e-06	NON_TIE_CASES	DISTINCT_TRUTH_PAIR_ONCE
CONTEXT	GIMME	training_samples=setx1,setx3	0.25	PRIMARY	1	183876	80256	103620	19971	0.24884120813397129	50716	0.63192783094098881	9569	0.11923096092503987	0	-1.3998192971409994e-08	1.4965649748902498e-05	NON_TIE_CASES	DISTINCT_TRUTH_PAIR_ONCE
CONTEXT	GIMME	training_samples=setx1,setx3	0.5	SENSITIVITY	0	183876	80256	103620	9323	0.11616576953748006	49989	0.62286931818181823	20944	0.26096491228070173	0	-3.4689397738122703e-05	6.6617191195688882e-09	NON_TIE_CASES	DISTINCT_TRUTH_PAIR_ONCE
CONTEXT	GIMME	training_samples=setx1,setx3	0.5	SENSITIVITY	0.25	183876	80256	103620	9180	0.11438397129186603	50183	0.62528658293460926	20893	0.26032944577352474	0	-1.9119259552223577e-05	2.6205235759135803e-09	NON_TIE_CASES	DISTINCT_TRUTH_PAIR_ONCE
CONTEXT	GIMME	training_samples=setx1,setx3	0.5	SENSITIVITY	0.5	183876	80256	103620	14573	0.18158143939393939	50522	0.62951056618819778	15161	0.18890799441786285	0	-1.78155072307182e-06	2.2312088713443193e-06	NON_TIE_CASES	DISTINCT_TRUTH_PAIR_ONCE
CONTEXT	GIMME	training_samples=setx1,setx3	0.5	SENSITIVITY	0.75	183876	80256	103620	18997	0.23670504385964913	51669	0.64380233253588515	9590	0.11949262360446571	0	-4.7617950693634725e-09	1.087796845252851e-05	NON_TIE_CASES	DISTINCT_TRUTH_PAIR_ONCE
CONTEXT	GIMME	training_samples=setx1,setx3	0.5	SENSITIVITY	1	183876	80256	103620	19900	0.24795653907496013	50482	0.62901216108452951	9874	0.12303129984051037	0	-4.4468960061648977e-08	2.5886544268618973e-05	NON_TIE_CASES	DISTINCT_TRUTH_PAIR_ONCE
CONTEXT	GIMME	training_samples=setx1,setx3	1	SENSITIVITY	0	183876	80256	103620	9122	0.11366128389154705	49550	0.61739932216905902	21584	0.26893939393939392	0	-7.2018904265696746e-05	2.5981496815097316e-09	NON_TIE_CASES	DISTINCT_TRUTH_PAIR_ONCE
CONTEXT	GIMME	training_samples=setx1,setx3	1	SENSITIVITY	0.25	183876	80256	103620	10732	0.13372208931419458	49686	0.61909389952153115	19838	0.24718401116427433	0	-3.4371182492423395e-05	4.3107785125870526e-07	NON_TIE_CASES	DISTINCT_TRUTH_PAIR_ONCE
CONTEXT	GIMME	training_samples=setx1,setx3	1	SENSITIVITY	0.5	183876	80256	103620	14204	0.17698365231259969	49866	0.62133672248803828	16186	0.20167962519936203	0	-8.2834388967243112e-06	5.3458650478222944e-06	NON_TIE_CASES	DISTINCT_TRUTH_PAIR_ONCE
CONTEXT	GIMME	training_samples=setx1,setx3	1	SENSITIVITY	0.75	183876	80256	103620	16470	0.2052183014354067	50240	0.62599681020733655	13546	0.16878488835725677	0	-8.5082773831060614e-07	1.5066049901614986e-05	NON_TIE_CASES	DISTINCT_TRUTH_PAIR_ONCE
CONTEXT	GIMME	training_samples=setx1,setx3	1	SENSITIVITY	1	183876	80256	103620	19804	0.24676036682615629	50291	0.6266322767145136	10161	0.12660735645933013	0	-1.0138744189255172e-07	4.0769000678659632e-05	NON_TIE_CASES	DISTINCT_TRUTH_PAIR_ONCE
CONTEXT	GIMME	training_samples=setx2,setx3	0.25	PRIMARY	0	158802	68058	90744	21346	0.31364424461488732	22235	0.32670663257809518	24477	0.35964912280701755	0	-0.00017711561425169938	4.4206944373450835e-05	NON_TIE_CASES	DISTINCT_TRUTH_PAIR_ONCE
CONTEXT	GIMME	training_samples=setx2,setx3	0.25	PRIMARY	0.25	158802	68058	90744	21112	0.31020600076405419	22705	0.33361250697934114	24241	0.35618149225660467	0	-9.9416943715032767e-05	2.2881382174581844e-05	NON_TIE_CASES	DISTINCT_TRUTH_PAIR_ONCE
CONTEXT	GIMME	training_samples=setx2,setx3	0.25	PRIMARY	0.5	158802	68058	90744	24623	0.36179435187634079	23180	0.34059184812953658	20255	0.29761379999412269	0	-1.1594033743142625e-05	1.5519067838727323e-05	NON_TIE_CASES	DISTINCT_TRUTH_PAIR_ONCE
CONTEXT	GIMME	training_samples=setx2,setx3	0.25	PRIMARY	0.75	158802	68058	90744	23262	0.34179670281230717	23046	0.33862293925769199	21750	0.31958035793000089	0	-2.4634507978448092e-05	4.7579320334776059e-05	NON_TIE_CASES	DISTINCT_TRUTH_PAIR_ONCE
CONTEXT	GIMME	training_samples=setx2,setx3	0.25	PRIMARY	1	158802	68058	90744	23679	0.34792382967468921	22529	0.33102647741632135	21850	0.32104969290898938	0	-4.9536309194950128e-05	0.00010877085663333075	NON_TIE_CASES	DISTINCT_TRUTH_PAIR_ONCE
CONTEXT	GIMME	training_samples=setx2,setx3	0.5	SENSITIVITY	0	158802	68058	90744	21509	0.31603926063063859	21542	0.31652414117370475	25007	0.36743659819565666	0	-0.00049485362143703406	8.1276818768571957e-05	NON_TIE_CASES	DISTINCT_TRUTH_PAIR_ONCE
CONTEXT	GIMME	training_samples=setx2,setx3	0.5	SENSITIVITY	0.25	158802	68058	90744	21239	0.31207205618736961	22015	0.32347409562432045	24804	0.36445384818830995	0	-0.00025035708641667426	4.3420051869199868e-05	NON_TIE_CASES	DISTINCT_TRUTH_PAIR_ONCE
CONTEXT	GIMME	training_samples=setx2,setx3	0.5	SENSITIVITY	0.5	158802	68058	90744	24771	0.36396896764524378	22252	0.3269564195245232	21035	0.30907461283023302	0	-5.6991936877470213e-05	4.8585936217278198e-05	NON_TIE_CASES	DISTINCT_TRUTH_PAIR_ONCE
CONTEXT	GIMME	training_samples=setx2,setx3	0.5	SENSITIVITY	0.75	158802	68058	90744	22835	0.33552264245202623	23439	0.34439742572511683	21784	0.32007993182285699	0	-3.5813983137615505e-05	5.7295191402491261e-05	NON_TIE_CASES	DISTINCT_TRUTH_PAIR_ONCE
CONTEXT	GIMME	training_samples=setx2,setx3	0.5	SENSITIVITY	1	158802	68058	90744	23817	0.34995151194569341	21977	0.3229157483323048	22264	0.3271327397220018	0	-0.00010055722862223511	0.00018387419645499081	NON_TIE_CASES	DISTINCT_TRUTH_PAIR_ONCE
CONTEXT	GIMME	training_samples=setx2,setx3	1	SENSITIVITY	0	158802	68058	90744	21241	0.31210144288694935	21188	0.31132269534808543	25629	0.37657586176496516	0	-0.0012414506709639368	0.00015807607047409436	NON_TIE_CASES	DISTINCT_TRUTH_PAIR_ONCE
CONTEXT	GIMME	training_samples=setx2,setx3	1	SENSITIVITY	0.25	158802	68058	90744	24102	0.35413911663581066	21227	0.31189573598989095	22729	0.33396514737429839	0	-0.00044576901265441505	0.00014710778410883938	NON_TIE_CASES	DISTINCT_TRUTH_PAIR_ONCE
CONTEXT	GIMME	training_samples=setx2,setx3	1	SENSITIVITY	0.5	158802	68058	90744	25194	0.37018425460636517	21088	0.30985336036909694	21776	0.31996238502453789	0	-0.00025706986806990216	0.00015557465694424627	NON_TIE_CASES	DISTINCT_TRUTH_PAIR_ONCE
CONTEXT	GIMME	training_samples=setx2,setx3	1	SENSITIVITY	0.75	158802	68058	90744	25841	0.37969085192042079	21492	0.31578947368421051	20725	0.30451967439536864	0	-0.00012144645000757355	0.00015754626101723194	NON_TIE_CASES	DISTINCT_TRUTH_PAIR_ONCE
CONTEXT	GIMME	training_samples=setx2,setx3	1	SENSITIVITY	1	158802	68058	90744	23784	0.34946663140262718	21499	0.31589232713273974	22775	0.33464104146463308	0	-0.00019307959240257342	0.00030247615844442629	NON_TIE_CASES	DISTINCT_TRUTH_PAIR_ONCE
CONTEXT	RIPTiDe	training_samples=setx1,setx2	0.25	PRIMARY	0	313425	17225	296200	4804	0.27889695210449927	4570	0.26531204644412193	7851	0.4557910014513788	-2.8422153487426606e-16	-2.1105024611687466e-06	1.9762399874856901e-08	NON_TIE_CASES	DISTINCT_TRUTH_PAIR_ONCE
CONTEXT	RIPTiDe	training_samples=setx1,setx2	0.25	PRIMARY	0.25	313425	17225	296200	4697	0.27268505079825833	4604	0.26728592162554426	7924	0.4600290275761974	-3.6485966702291649e-16	-1.2604794330320097e-06	6.5441834588441509e-09	NON_TIE_CASES	DISTINCT_TRUTH_PAIR_ONCE
CONTEXT	RIPTiDe	training_samples=setx1,setx2	0.25	PRIMARY	0.5	313425	17225	296200	5224	0.30328011611030481	4882	0.2834252539912917	7119	0.41329462989840349	-4.3368086899420177e-19	-2.7361829682193335e-07	1.113627620647918e-08	NON_TIE_CASES	DISTINCT_TRUTH_PAIR_ONCE
CONTEXT	RIPTiDe	training_samples=setx1,setx2	0.25	PRIMARY	0.75	313425	17225	296200	7551	0.43837445573294631	4857	0.28197387518142236	4817	0.27965166908563133	6.9775702223722478e-17	-8.8842310318970302e-09	5.1531469300383124e-07	NON_TIE_CASES	DISTINCT_TRUTH_PAIR_ONCE
CONTEXT	RIPTiDe	training_samples=setx1,setx2	0.25	PRIMARY	1	313425	17225	296200	7802	0.45294629898403482	4604	0.26728592162554426	4819	0.27976777939042091	1.5559436728711901e-16	-1.9050453797751724e-08	1.3751771747367615e-06	NON_TIE_CASES	DISTINCT_TRUTH_PAIR_ONCE
CONTEXT	RIPTiDe	training_samples=setx1,setx2	0.5	SENSITIVITY	0	313425	17225	296200	4622	0.2683309143686502	4534	0.26322206095791001	8069	0.46844702467343979	-2.4975815182460865e-15	-5.5469820982404503e-06	2.4060945281415796e-08	NON_TIE_CASES	DISTINCT_TRUTH_PAIR_ONCE
CONTEXT	RIPTiDe	training_samples=setx1,setx2	0.5	SENSITIVITY	0.25	313425	17225	296200	4553	0.26432510885341076	4575	0.26560232220609581	8097	0.47007256894049348	-1.9146436501272244e-15	-3.5688242057208209e-06	1.3950809479417841e-08	NON_TIE_CASES	DISTINCT_TRUTH_PAIR_ONCE
CONTEXT	RIPTiDe	training_samples=setx1,setx2	0.5	SENSITIVITY	0.5	313425	17225	296200	5118	0.29712626995645863	4578	0.2657764876632801	7529	0.43709724238026126	-8.6736173798840355e-19	-1.4074903279305833e-06	4.0215892085360698e-08	NON_TIE_CASES	DISTINCT_TRUTH_PAIR_ONCE
CONTEXT	RIPTiDe	training_samples=setx1,setx2	0.5	SENSITIVITY	0.75	313425	17225	296200	7363	0.42746008708272859	5188	0.30119013062409289	4674	0.27134978229317852	2.3370247819676985e-17	-5.2202774411673056e-09	2.1524096445582402e-07	NON_TIE_CASES	DISTINCT_TRUTH_PAIR_ONCE
CONTEXT	RIPTiDe	training_samples=setx1,setx2	0.5	SENSITIVITY	1	313425	17225	296200	7819	0.45393323657474599	4574	0.26554426705370099	4832	0.28052249637155297	3.3182452181216172e-16	-3.2916515960601699e-08	2.2132194357165464e-06	NON_TIE_CASES	DISTINCT_TRUTH_PAIR_ONCE
CONTEXT	RIPTiDe	training_samples=setx1,setx2	1	SENSITIVITY	0	313425	17225	296200	4584	0.26612481857764875	4464	0.25915820029027575	8177	0.47471698113207544	-1.0818931977289807e-14	-1.927809494829116e-05	6.7690028234723988e-08	NON_TIE_CASES	DISTINCT_TRUTH_PAIR_ONCE
CONTEXT	RIPTiDe	training_samples=setx1,setx2	1	SENSITIVITY	0.25	313425	17225	296200	5191	0.30136429608127724	4491	0.26072568940493468	7543	0.43791001451378808	-8.6736173798840355e-19	-9.2226737817202646e-06	2.1050778996652825e-07	NON_TIE_CASES	DISTINCT_TRUTH_PAIR_ONCE
CONTEXT	RIPTiDe	training_samples=setx1,setx2	1	SENSITIVITY	0.5	313425	17225	296200	5128	0.29770682148040639	4517	0.26223512336719884	7580	0.44005805515239477	-8.6736173798840355e-19	-6.8030876951717123e-06	1.6406229463151458e-07	NON_TIE_CASES	DISTINCT_TRUTH_PAIR_ONCE
CONTEXT	RIPTiDe	training_samples=setx1,setx2	1	SENSITIVITY	0.75	313425	17225	296200	5513	0.32005805515239477	4555	0.26444121915820029	7157	0.41550072568940494	-5.4210108624275222e-20	-5.7221583512241728e-07	2.4765317217871775e-07	NON_TIE_CASES	DISTINCT_TRUTH_PAIR_ONCE
CONTEXT	RIPTiDe	training_samples=setx1,setx2	1	SENSITIVITY	1	313425	17225	296200	7813	0.45358490566037735	4555	0.26444121915820029	4857	0.28197387518142236	4.5389594555513609e-16	-5.6245429206864431e-08	3.0327077433653046e-06	NON_TIE_CASES	DISTINCT_TRUTH_PAIR_ONCE
CONTEXT	RIPTiDe	training_samples=setx1,setx2,setx3	0.25	PRIMARY	0	196413	12388	184025	1452	0.11721020342266709	9024	0.72844688408136904	1912	0.15434291249596382	0	-2.7564441528015859e-06	1.8979485634475597e-06	NON_TIE_CASES	DISTINCT_TRUTH_PAIR_ONCE
CONTEXT	RIPTiDe	training_samples=setx1,setx2,setx3	0.25	PRIMARY	0.25	196413	12388	184025	1404	0.11333548595414918	9024	0.72844688408136904	1960	0.15821762996448174	0	-1.7234314325347412e-06	8.4581118662140385e-07	NON_TIE_CASES	DISTINCT_TRUTH_PAIR_ONCE
CONTEXT	RIPTiDe	training_samples=setx1,setx2,setx3	0.25	PRIMARY	0.5	196413	12388	184025	1656	0.13367775266386825	9024	0.72844688408136904	1708	0.13787536325476268	0	-1.683276980143293e-07	5.87263318989578e-07	NON_TIE_CASES	DISTINCT_TRUTH_PAIR_ONCE
CONTEXT	RIPTiDe	training_samples=setx1,setx2,setx3	0.25	PRIMARY	0.75	196413	12388	184025	1840	0.14853083629318695	9024	0.72844688408136904	1524	0.12302227962544397	0	-6.501962339231426e-07	5.1147024601798331e-07	NON_TIE_CASES	DISTINCT_TRUTH_PAIR_ONCE
CONTEXT	RIPTiDe	training_samples=setx1,setx2,setx3	0.25	PRIMARY	1	196413	12388	184025	1842	0.14869228285437519	9024	0.72844688408136904	1522	0.12286083306425573	0	-1.8876557868358632e-06	1.4011874688217118e-06	NON_TIE_CASES	DISTINCT_TRUTH_PAIR_ONCE
CONTEXT	RIPTiDe	training_samples=setx1,setx2,setx3	0.5	SENSITIVITY	0	196413	12388	184025	1393	0.11244752986761382	9024	0.72844688408136904	1971	0.1591055860510171	0	-7.4743603011033413e-06	2.6734573896057224e-06	NON_TIE_CASES	DISTINCT_TRUTH_PAIR_ONCE
CONTEXT	RIPTiDe	training_samples=setx1,setx2,setx3	0.5	SENSITIVITY	0.25	196413	12388	184025	1332	0.1075234097513723	9024	0.72844688408136904	2032	0.16402970616725865	0	-5.0404136346821895e-06	2.4501556428633219e-07	NON_TIE_CASES	DISTINCT_TRUTH_PAIR_ONCE
CONTEXT	RIPTiDe	training_samples=setx1,setx2,setx3	0.5	SENSITIVITY	0.5	196413	12388	184025	1537	0.12407168227316759	9024	0.72844688408136904	1827	0.14748143364546334	0	-1.2207871010454382e-06	2.2229746767945082e-06	NON_TIE_CASES	DISTINCT_TRUTH_PAIR_ONCE
CONTEXT	RIPTiDe	training_samples=setx1,setx2,setx3	0.5	SENSITIVITY	0.75	196413	12388	184025	1764	0.14239586696803358	9024	0.72844688408136904	1600	0.12915724895059735	0	-2.8817104649194684e-07	2.1805703727743842e-07	NON_TIE_CASES	DISTINCT_TRUTH_PAIR_ONCE
CONTEXT	RIPTiDe	training_samples=setx1,setx2,setx3	0.5	SENSITIVITY	1	196413	12388	184025	1837	0.14828866645140459	9024	0.72844688408136904	1527	0.12326444946722635	0	-3.0439664407631286e-06	2.2601610372724066e-06	NON_TIE_CASES	DISTINCT_TRUTH_PAIR_ONCE
CONTEXT	RIPTiDe	training_samples=setx1,setx2,setx3	1	SENSITIVITY	0	196413	12388	184025	1274	0.10284145947691314	9024	0.72844688408136904	2090	0.16871165644171779	0	-2.6283445744132352e-05	2.9389467978973172e-07	NON_TIE_CASES	DISTINCT_TRUTH_PAIR_ONCE
CONTEXT	RIPTiDe	training_samples=setx1,setx2,setx3	1	SENSITIVITY	0.25	196413	12388	184025	1299	0.10485954149176623	9024	0.72844688408136904	2065	0.16669357442686472	0	-1.5343735152340782e-05	8.8428894587432114e-07	NON_TIE_CASES	DISTINCT_TRUTH_PAIR_ONCE
CONTEXT	RIPTiDe	training_samples=setx1,setx2,setx3	1	SENSITIVITY	0.5	196413	12388	184025	1406	0.11349693251533742	9024	0.72844688408136904	1958	0.1580561834032935	0	-7.3862180708943637e-06	1.1932995118730128e-06	NON_TIE_CASES	DISTINCT_TRUTH_PAIR_ONCE
CONTEXT	RIPTiDe	training_samples=setx1,setx2,setx3	1	SENSITIVITY	0.75	196413	12388	184025	1265	0.10211494995156603	9024	0.72844688408136904	2099	0.1694381659670649	0	-2.9140036985405443e-06	8.429623516577141e-08	NON_TIE_CASES	DISTINCT_TRUTH_PAIR_ONCE
CONTEXT	RIPTiDe	training_samples=setx1,setx2,setx3	1	SENSITIVITY	1	196413	12388	184025	1762	0.14223442040684534	9024	0.72844688408136904	1602	0.1293186955117856	0	-4.1790729437175692e-06	2.9974134272672728e-06	NON_TIE_CASES	DISTINCT_TRUTH_PAIR_ONCE
CONTEXT	RIPTiDe	training_samples=setx1,setx3	0.25	PRIMARY	0	263277	14439	248838	3356	0.23242606828727752	2853	0.19758986079368376	8230	0.56998407091903869	-1.417072255176499e-10	-2.2047712984810473e-06	4.9472825548366704e-08	NON_TIE_CASES	DISTINCT_TRUTH_PAIR_ONCE
CONTEXT	RIPTiDe	training_samples=setx1,setx3	0.25	PRIMARY	0.25	263277	14439	248838	3299	0.22847842648382852	3043	0.21074866680518042	8097	0.56077290671099111	-8.4726057072579483e-11	-1.0046802836890601e-06	2.9601585663008084e-08	NON_TIE_CASES	DISTINCT_TRUTH_PAIR_ONCE
CONTEXT	RIPTiDe	training_samples=setx1,setx3	0.25	PRIMARY	0.5	263277	14439	248838	3901	0.27017106447814948	3401	0.23554262760578987	7137	0.49428630791606065	-5.3351034976620759e-13	-1.8072470708520026e-07	2.2187022806359602e-08	NON_TIE_CASES	DISTINCT_TRUTH_PAIR_ONCE
CONTEXT	RIPTiDe	training_samples=setx1,setx3	0.25	PRIMARY	0.75	263277	14439	248838	7915	0.54816815568945221	3401	0.23554262760578987	3123	0.21628921670475795	2.907774780507022e-11	-1.0316794855181688e-08	6.3995540558728365e-07	NON_TIE_CASES	DISTINCT_TRUTH_PAIR_ONCE
CONTEXT	RIPTiDe	training_samples=setx1,setx3	0.25	PRIMARY	1	263277	14439	248838	8080	0.55959553985733079	3039	0.21047163931020155	3320	0.22993282083246763	7.8284065269189465e-11	-3.0532525726516355e-08	1.7905872281352535e-06	NON_TIE_CASES	DISTINCT_TRUTH_PAIR_ONCE
CONTEXT	RIPTiDe	training_samples=setx1,setx3	0.5	SENSITIVITY	0	263277	14439	248838	3435	0.23789736131311032	2600	0.18006787173626981	8404	0.58203476695061984	-3.9485126289042628e-10	-4.6051189901675057e-06	1.2652770269786905e-07	NON_TIE_CASES	DISTINCT_TRUTH_PAIR_ONCE
CONTEXT	RIPTiDe	training_samples=setx1,setx3	0.5	SENSITIVITY	0.25	263277	14439	248838	3410	0.23616593946949235	2725	0.18872498095435972	8304	0.57510907957614799	-2.5959273816881127e-10	-2.2812212145028051e-06	8.3254511621609064e-08	NON_TIE_CASES	DISTINCT_TRUTH_PAIR_ONCE
CONTEXT	RIPTiDe	training_samples=setx1,setx3	0.5	SENSITIVITY	0.5	263277	14439	248838	4093	0.28346838423713555	2887	0.19994459450100421	7459	0.51658702126186029	-2.8637528004353541e-12	-8.1285121639570515e-07	8.5933956926699182e-08	NON_TIE_CASES	DISTINCT_TRUTH_PAIR_ONCE
CONTEXT	RIPTiDe	training_samples=setx1,setx3	0.5	SENSITIVITY	0.75	263277	14439	248838	7616	0.52746035043978112	3705	0.25659671722418448	3118	0.21594293233603434	7.0230825278613795e-12	-3.5903417281042942e-09	4.889089318621889e-07	NON_TIE_CASES	DISTINCT_TRUTH_PAIR_ONCE
CONTEXT	RIPTiDe	training_samples=setx1,setx3	0.5	SENSITIVITY	1	263277	14439	248838	8194	0.56749082346422886	2867	0.19855945702610983	3378	0.23394971950966134	1.2871497943010846e-10	-4.9053497951632476e-08	2.993761013251185e-06	NON_TIE_CASES	DISTINCT_TRUTH_PAIR_ONCE
CONTEXT	RIPTiDe	training_samples=setx1,setx3	1	SENSITIVITY	0	263277	14439	248838	3412	0.23630445321698179	2444	0.16926379943209363	8583	0.59443174735092463	-1.6012882004129995e-09	-1.174940572103659e-05	4.4783286771142052e-07	NON_TIE_CASES	DISTINCT_TRUTH_PAIR_ONCE
CONTEXT	RIPTiDe	training_samples=setx1,setx3	1	SENSITIVITY	0.25	263277	14439	248838	4183	0.28970150287416024	2458	0.1702333956645197	7798	0.54006510146132003	-4.0221997987029828e-11	-7.1582516895818711e-06	3.6493189652446435e-07	NON_TIE_CASES	DISTINCT_TRUTH_PAIR_ONCE
CONTEXT	RIPTiDe	training_samples=setx1,setx3	1	SENSITIVITY	0.5	263277	14439	248838	4172	0.28893967726296838	2489	0.17238035875060601	7778	0.5386799639864257	-2.4757847681688983e-11	-3.3332454564373954e-06	3.4489856254212464e-07	NON_TIE_CASES	DISTINCT_TRUTH_PAIR_ONCE
CONTEXT	RIPTiDe	training_samples=setx1,setx3	1	SENSITIVITY	0.75	263277	14439	248838	4468	0.30943971189140523	2741	0.18983309093427522	7230	0.50072719717431957	-1.413229501397048e-12	-1.1419115035222015e-06	2.41021110335539e-07	NON_TIE_CASES	DISTINCT_TRUTH_PAIR_ONCE
CONTEXT	RIPTiDe	training_samples=setx1,setx3	1	SENSITIVITY	1	263277	14439	248838	8211	0.56866819031788907	2753	0.19066417341921185	3475	0.24066763626289908	1.9061580168562019e-10	-6.7102016321738973e-08	4.2010156286274156e-06	NON_TIE_CASES	DISTINCT_TRUTH_PAIR_ONCE
CONTEXT	RIPTiDe	training_samples=setx2,setx3	0.25	PRIMARY	0	229845	14215	215630	207	0.014562082307421738	13805	0.97115722827998596	203	0.014280689412592333	0	-4.3368086899420177e-19	4.3368086899420177e-19	NON_TIE_CASES	DISTINCT_TRUTH_PAIR_ONCE
CONTEXT	RIPTiDe	training_samples=setx2,setx3	0.25	PRIMARY	0.25	229845	14215	215630	207	0.014562082307421738	13805	0.97115722827998596	203	0.014280689412592333	0	-3.7947076036992655e-19	4.3368086899420177e-19	NON_TIE_CASES	DISTINCT_TRUTH_PAIR_ONCE
CONTEXT	RIPTiDe	training_samples=setx2,setx3	0.25	PRIMARY	0.5	229845	14215	215630	267	0.01878297572986282	13808	0.97136827295110795	140	0.0098487513190291948	0	-3.2526065174565133e-19	4.3368086899420177e-19	NON_TIE_CASES	DISTINCT_TRUTH_PAIR_ONCE
CONTEXT	RIPTiDe	training_samples=setx2,setx3	0.25	PRIMARY	0.75	229845	14215	215630	193	0.013577207175518817	13808	0.97136827295110795	214	0.015054519873373197	0	-2.7105054312137611e-19	4.3368086899420177e-19	NON_TIE_CASES	DISTINCT_TRUTH_PAIR_ONCE
CONTEXT	RIPTiDe	training_samples=setx2,setx3	0.25	PRIMARY	1	229845	14215	215630	195	0.013717903622933521	13805	0.97115722827998596	215	0.015124868097080548	0	-2.1684043449710089e-19	4.3368086899420177e-19	NON_TIE_CASES	DISTINCT_TRUTH_PAIR_ONCE
CONTEXT	RIPTiDe	training_samples=setx2,setx3	0.5	SENSITIVITY	0	229845	14215	215630	204	0.014351037636299684	13805	0.97115722827998596	206	0.014491734083714387	0	-2.1684043449710089e-19	4.3368086899420177e-19	NON_TIE_CASES	DISTINCT_TRUTH_PAIR_ONCE
CONTEXT	RIPTiDe	training_samples=setx2,setx3	0.5	SENSITIVITY	0.25	229845	14215	215630	201	0.014139992965177629	13805	0.97115722827998596	209	0.01470277875483644	0	-2.7105054312137611e-19	4.3368086899420177e-19	NON_TIE_CASES	DISTINCT_TRUTH_PAIR_ONCE
CONTEXT	RIPTiDe	training_samples=setx2,setx3	0.5	SENSITIVITY	0.5	229845	14215	215630	259	0.01822018994020401	13805	0.97115722827998596	151	0.010622581779810059	0	-2.1684043449710089e-19	4.3368086899420177e-19	NON_TIE_CASES	DISTINCT_TRUTH_PAIR_ONCE
CONTEXT	RIPTiDe	training_samples=setx2,setx3	0.5	SENSITIVITY	0.75	229845	14215	215630	183	0.012873724938445304	13811	0.97157931762223004	221	0.015546957439324657	0	-3.2526065174565133e-19	4.3368086899420177e-19	NON_TIE_CASES	DISTINCT_TRUTH_PAIR_ONCE
CONTEXT	RIPTiDe	training_samples=setx2,setx3	0.5	SENSITIVITY	1	229845	14215	215630	188	0.013225466056982061	13805	0.97115722827998596	222	0.015617305663032009	0	-2.1684043449710089e-19	4.3368086899420177e-19	NON_TIE_CASES	DISTINCT_TRUTH_PAIR_ONCE
CONTEXT	RIPTiDe	training_samples=setx2,setx3	1	SENSITIVITY	0	229845	14215	215630	200	0.014069644741470278	13805	0.97115722827998596	210	0.014773126978543792	0	-2.1684043449710089e-19	4.3368086899420177e-19	NON_TIE_CASES	DISTINCT_TRUTH_PAIR_ONCE
CONTEXT	RIPTiDe	training_samples=setx2,setx3	1	SENSITIVITY	0.25	229845	14215	215630	211	0.014843475202251143	13805	0.97115722827998596	199	0.013999296517762926	0	-2.1684043449710089e-19	4.3368086899420177e-19	NON_TIE_CASES	DISTINCT_TRUTH_PAIR_ONCE
CONTEXT	RIPTiDe	training_samples=setx2,setx3	1	SENSITIVITY	0.5	229845	14215	215630	246	0.017305663032008443	13805	0.97115722827998596	164	0.011537108688005627	0	-2.1684043449710089e-19	4.3368086899420177e-19	NON_TIE_CASES	DISTINCT_TRUTH_PAIR_ONCE
CONTEXT	RIPTiDe	training_samples=setx2,setx3	1	SENSITIVITY	0.75	229845	14215	215630	209	0.01470277875483644	13805	0.97115722827998596	201	0.014139992965177629	0	-2.1684043449710089e-19	4.3368086899420177e-19	NON_TIE_CASES	DISTINCT_TRUTH_PAIR_ONCE
CONTEXT	RIPTiDe	training_samples=setx2,setx3	1	SENSITIVITY	1	229845	14215	215630	186	0.013084769609567358	13805	0.97115722827998596	224	0.015758002110446711	0	-2.1684043449710089e-19	4.3368086899420177e-19	NON_TIE_CASES	DISTINCT_TRUTH_PAIR_ONCE
CONTEXT	iMAT	training_samples=setx1,setx2	0.25	PRIMARY	0	221487	125080	96407	26359	0.21073712823792773	69841	0.55837064278861526	28880	0.23089222897345699	0	-4.5994160061400657e-05	5.603962002070984e-06	NON_TIE_CASES	DISTINCT_TRUTH_PAIR_ONCE
CONTEXT	iMAT	training_samples=setx1,setx2	0.25	PRIMARY	0.25	221487	125080	96407	25939	0.20737927726255195	70468	0.5633834346018548	28673	0.22923728813559321	0	-2.3616268763501836e-05	2.8878526136903326e-06	NON_TIE_CASES	DISTINCT_TRUTH_PAIR_ONCE
CONTEXT	iMAT	training_samples=setx1,setx2	0.25	PRIMARY	0.5	221487	125080	96407	28877	0.23086824432363287	71122	0.56861208826351139	25081	0.20051966741285576	0	-2.4214591521461806e-06	2.2273297992071398e-06	NON_TIE_CASES	DISTINCT_TRUTH_PAIR_ONCE
CONTEXT	iMAT	training_samples=setx1,setx2	0.25	PRIMARY	0.75	221487	125080	96407	27986	0.22374480332587143	70879	0.56666933162775823	26215	0.20958586504637033	0	-2.3764757185713121e-06	1.5033151080510315e-05	NON_TIE_CASES	DISTINCT_TRUTH_PAIR_ONCE
CONTEXT	iMAT	training_samples=setx1,setx2	0.25	PRIMARY	1	221487	125080	96407	28462	0.22755036776463064	70093	0.56038535337384077	26525	0.21206427886152862	0	-5.3405508442794236e-06	3.5688932802802747e-05	NON_TIE_CASES	DISTINCT_TRUTH_PAIR_ONCE
CONTEXT	iMAT	training_samples=setx1,setx2	0.5	SENSITIVITY	0	221487	125080	96407	26428	0.21128877518388231	69250	0.5536456667732651	29402	0.23506555804285256	0	-0.00010114535748515776	1.0811114578038736e-05	NON_TIE_CASES	DISTINCT_TRUTH_PAIR_ONCE
CONTEXT	iMAT	training_samples=setx1,setx2	0.5	SENSITIVITY	0.25	221487	125080	96407	26043	0.20821074512312121	69954	0.55927406459865681	29083	0.23251519027822193	0	-5.0931654245383581e-05	5.1517992133191196e-06	NON_TIE_CASES	DISTINCT_TRUTH_PAIR_ONCE
CONTEXT	iMAT	training_samples=setx1,setx2	0.5	SENSITIVITY	0.5	221487	125080	96407	29284	0.23412216181643747	69816	0.5581707707067477	25980	0.20770706747681483	0	-1.1710190852438787e-05	7.1792863575472735e-06	NON_TIE_CASES	DISTINCT_TRUTH_PAIR_ONCE
CONTEXT	iMAT	training_samples=setx1,setx2	0.5	SENSITIVITY	0.75	221487	125080	96407	27634	0.22093060441317558	71035	0.56791653341861204	26411	0.21115286216821236	0	-2.9855797756802097e-06	1.4056207625763903e-05	NON_TIE_CASES	DISTINCT_TRUTH_PAIR_ONCE
CONTEXT	iMAT	training_samples=setx1,setx2	0.5	SENSITIVITY	1	221487	125080	96407	28491	0.22778221937959706	69503	0.55566837224176524	27086	0.21654940837863768	0	-1.080358766465013e-05	5.9454142934245078e-05	NON_TIE_CASES	DISTINCT_TRUTH_PAIR_ONCE
CONTEXT	iMAT	training_samples=setx1,setx2	1	SENSITIVITY	0	221487	125080	96407	26169	0.20921810041573394	68559	0.54812120243044449	30352	0.24266069715382155	0	-0.00024463382186497989	2.2208109141997816e-05	NON_TIE_CASES	DISTINCT_TRUTH_PAIR_ONCE
CONTEXT	iMAT	training_samples=setx1,setx2	1	SENSITIVITY	0.25	221487	125080	96407	28623	0.22883754397185802	68675	0.54904860889031015	27782	0.22211384713783178	0	-0.00011393356080563213	1.8735517816646288e-05	NON_TIE_CASES	DISTINCT_TRUTH_PAIR_ONCE
CONTEXT	iMAT	training_samples=setx1,setx2	1	SENSITIVITY	0.5	221487	125080	96407	29104	0.23268308282699074	68746	0.54961624560281419	27230	0.21770067157019507	0	-5.6769140672022762e-05	1.9184619990831293e-05	NON_TIE_CASES	DISTINCT_TRUTH_PAIR_ONCE
CONTEXT	iMAT	training_samples=setx1,setx2	1	SENSITIVITY	0.75	221487	125080	96407	30527	0.24405980172689479	69153	0.55287016309561876	25400	0.2030700351774864	0	-1.8234675025297572e-05	2.7188972840043262e-05	NON_TIE_CASES	DISTINCT_TRUTH_PAIR_ONCE
CONTEXT	iMAT	training_samples=setx1,setx2	1	SENSITIVITY	1	221487	125080	96407	28328	0.22647905340582028	69175	0.55304605052766231	27577	0.22047489606651743	0	-2.1192599937196008e-05	8.3449585827204977e-05	NON_TIE_CASES	DISTINCT_TRUTH_PAIR_ONCE
CONTEXT	iMAT	training_samples=setx1,setx2,setx3	0.25	PRIMARY	0	225666	127278	98388	28759	0.22595421046842346	60972	0.47904586809975014	37547	0.29499992143182641	0	-0.00017353746140677347	3.9564108404918901e-05	NON_TIE_CASES	DISTINCT_TRUTH_PAIR_ONCE
CONTEXT	iMAT	training_samples=setx1,setx2,setx3	0.25	PRIMARY	0.25	225666	127278	98388	28497	0.22389572431999247	61119	0.48020082025173244	37662	0.29590345542827512	0	-9.5573103063419291e-05	2.1511682295531561e-05	NON_TIE_CASES	DISTINCT_TRUTH_PAIR_ONCE
CONTEXT	iMAT	training_samples=setx1,setx2,setx3	0.25	PRIMARY	0.5	225666	127278	98388	33750	0.26516758591429784	61401	0.48241644274737189	32127	0.25241597133833027	0	-1.3319463645168771e-05	1.1448840541102188e-05	NON_TIE_CASES	DISTINCT_TRUTH_PAIR_ONCE
CONTEXT	iMAT	training_samples=setx1,setx2,setx3	0.25	PRIMARY	0.75	225666	127278	98388	36234	0.28468392023759015	61391	0.48233787457376764	29653	0.23297820518864218	0	-1.7108255270712205e-05	6.2039626934361867e-05	NON_TIE_CASES	DISTINCT_TRUTH_PAIR_ONCE
CONTEXT	iMAT	training_samples=setx1,setx2,setx3	0.25	PRIMARY	1	225666	127278	98388	36537	0.28706453589779851	61074	0.47984726347051337	29667	0.23308820063168811	0	-4.0489389674037285e-05	0.00013558910681806772	NON_TIE_CASES	DISTINCT_TRUTH_PAIR_ONCE
CONTEXT	iMAT	training_samples=setx1,setx2,setx3	0.5	SENSITIVITY	0	225666	127278	98388	28371	0.22290576533257908	60736	0.47719165920269019	38171	0.29990257546473076	0	-0.00040010886577814496	8.0409903866089324e-05	NON_TIE_CASES	DISTINCT_TRUTH_PAIR_ONCE
CONTEXT	iMAT	training_samples=setx1,setx2,setx3	0.5	SENSITIVITY	0.25	225666	127278	98388	28083	0.22064300193277708	60885	0.47836232498939329	38310	0.30099467307782962	0	-0.00022078108135776444	4.2527110026561844e-05	NON_TIE_CASES	DISTINCT_TRUTH_PAIR_ONCE
CONTEXT	iMAT	training_samples=setx1,setx2,setx3	0.5	SENSITIVITY	0.5	225666	127278	98388	33235	0.26112132497367968	60998	0.47925014535112115	33045	0.25962852967519917	0	-5.9469738844545742e-05	3.6644246974553666e-05	NON_TIE_CASES	DISTINCT_TRUTH_PAIR_ONCE
CONTEXT	iMAT	training_samples=setx1,setx2,setx3	0.5	SENSITIVITY	0.75	225666	127278	98388	35499	0.2789091594776788	61733	0.48502490611103255	30046	0.23606593441128867	0	-2.1595431030468708e-05	7.6408082767699708e-05	NON_TIE_CASES	DISTINCT_TRUTH_PAIR_ONCE
CONTEXT	iMAT	training_samples=setx1,setx2,setx3	0.5	SENSITIVITY	1	225666	127278	98388	36263	0.28491176794104245	60933	0.47873945222269365	30082	0.23634877983626393	0	-7.1571148537831648e-05	0.00023891402275813146	NON_TIE_CASES	DISTINCT_TRUTH_PAIR_ONCE
CONTEXT	iMAT	training_samples=setx1,setx2,setx3	1	SENSITIVITY	0	225666	127278	98388	27230	0.21394113672433571	60515	0.47545530256603658	39533	0.31060356070962775	0	-0.00097831096503713574	0.00013654969387503504	NON_TIE_CASES	DISTINCT_TRUTH_PAIR_ONCE
CONTEXT	iMAT	training_samples=setx1,setx2,setx3	1	SENSITIVITY	0.25	225666	127278	98388	28876	0.22687345809959303	60554	0.47576171844309306	37848	0.29736482345731391	0	-0.00057440274341937294	9.0950002910285092e-05	NON_TIE_CASES	DISTINCT_TRUTH_PAIR_ONCE
CONTEXT	iMAT	training_samples=setx1,setx2,setx3	1	SENSITIVITY	0.5	225666	127278	98388	31713	0.24916324895111489	60624	0.47631169565832271	34941	0.27452505539056238	0	-0.00029448633350302473	9.5290748669308667e-05	NON_TIE_CASES	DISTINCT_TRUTH_PAIR_ONCE
CONTEXT	iMAT	training_samples=setx1,setx2,setx3	1	SENSITIVITY	0.75	225666	127278	98388	33437	0.26270840208048524	60810	0.4777730636873615	33031	0.25951853423215326	0	-9.5084078414141879e-05	0.00012183618785883328	NON_TIE_CASES	DISTINCT_TRUTH_PAIR_ONCE
CONTEXT	iMAT	training_samples=setx1,setx2,setx3	1	SENSITIVITY	1	225666	127278	98388	35816	0.28139977058093307	60822	0.4778673454956866	30640	0.24073288392338033	0	-0.00011375135431710088	0.00035486854909144266	NON_TIE_CASES	DISTINCT_TRUTH_PAIR_ONCE
CONTEXT	iMAT	training_samples=setx1,setx3	0.25	PRIMARY	0	221487	124232	97255	18984	0.152810869985189	80321	0.64654034387275416	24927	0.20064878614205681	0	-3.4281578172965389e-06	9.4979445997015793e-08	NON_TIE_CASES	DISTINCT_TRUTH_PAIR_ONCE
CONTEXT	iMAT	training_samples=setx1,setx3	0.25	PRIMARY	0.25	221487	124232	97255	18657	0.15017869792002062	81025	0.65220716079593022	24550	0.19761414128404919	0	-1.983899247240012e-06	4.8350780255985357e-08	NON_TIE_CASES	DISTINCT_TRUTH_PAIR_ONCE
CONTEXT	iMAT	training_samples=setx1,setx3	0.25	PRIMARY	0.5	221487	124232	97255	23670	0.19053062013007921	81752	0.65805911520381222	18810	0.15141026466610857	0	-1.552979336448242e-07	6.7751838108908219e-08	NON_TIE_CASES	DISTINCT_TRUTH_PAIR_ONCE
CONTEXT	iMAT	training_samples=setx1,setx3	0.25	PRIMARY	0.75	221487	124232	97255	23936	0.19267177538798377	81265	0.65413903020155839	19031	0.15318919441045786	0	-5.3989243734369475e-08	6.9979932288796278e-07	NON_TIE_CASES	DISTINCT_TRUTH_PAIR_ONCE
CONTEXT	iMAT	training_samples=setx1,setx3	0.25	PRIMARY	1	221487	124232	97255	24429	0.19664015712537833	80454	0.64761092150170652	19349	0.15574892137291518	0	-1.264925474300121e-07	1.6748052318055144e-06	NON_TIE_CASES	DISTINCT_TRUTH_PAIR_ONCE
CONTEXT	iMAT	training_samples=setx1,setx3	0.5	SENSITIVITY	0	221487	124232	97255	19072	0.15351922210058599	79543	0.64027786721617619	25617	0.20620291068323782	0	-1.0441943852281465e-05	1.4709265114682433e-07	NON_TIE_CASES	DISTINCT_TRUTH_PAIR_ONCE
CONTEXT	iMAT	training_samples=setx1,setx3	0.5	SENSITIVITY	0.25	221487	124232	97255	18570	0.1494783952604804	80785	0.65027529139030205	24877	0.20024631334921758	0	-5.1028654801424312e-06	5.1623563769894599e-08	NON_TIE_CASES	DISTINCT_TRUTH_PAIR_ONCE
CONTEXT	iMAT	training_samples=setx1,setx3	0.5	SENSITIVITY	0.5	221487	124232	97255	24268	0.19534419473243608	80308	0.64643570094661595	19656	0.15822010432094791	0	-9.3145278326489667e-07	2.0458058837011127e-07	NON_TIE_CASES	DISTINCT_TRUTH_PAIR_ONCE
CONTEXT	iMAT	training_samples=setx1,setx3	0.5	SENSITIVITY	0.75	221487	124232	97255	23432	0.18861484963616459	81982	0.65991049005087254	18818	0.15147466031296283	0	-4.3493705692565499e-08	7.1466115171667406e-07	NON_TIE_CASES	DISTINCT_TRUTH_PAIR_ONCE
CONTEXT	iMAT	training_samples=setx1,setx3	0.5	SENSITIVITY	1	221487	124232	97255	24501	0.19721971794706677	79971	0.64372303432287981	19760	0.15905724773005345	0	-2.7681902159885686e-07	2.663982639887209e-06	NON_TIE_CASES	DISTINCT_TRUTH_PAIR_ONCE
CONTEXT	iMAT	training_samples=setx1,setx3	1	SENSITIVITY	0	221487	124232	97255	19322	0.15553158606478201	78427	0.6312946744800052	26483	0.21317373945521284	0	-2.8734729919345546e-05	1.9126366318062912e-07	NON_TIE_CASES	DISTINCT_TRUTH_PAIR_ONCE
CONTEXT	iMAT	training_samples=setx1,setx3	1	SENSITIVITY	0.25	221487	124232	97255	24240	0.19511880996844613	78762	0.63399124219202785	21230	0.17088994783952605	0	-1.2766010950871506e-05	4.3902174673426968e-07	NON_TIE_CASES	DISTINCT_TRUTH_PAIR_ONCE
CONTEXT	iMAT	training_samples=setx1,setx3	1	SENSITIVITY	0.5	221487	124232	97255	24765	0.19934477429325778	78545	0.63224451027110562	20922	0.16841071543563654	0	-7.7098564960131343e-06	5.604960456490603e-07	NON_TIE_CASES	DISTINCT_TRUTH_PAIR_ONCE
CONTEXT	iMAT	training_samples=setx1,setx3	1	SENSITIVITY	0.75	221487	124232	97255	26267	0.21143505699014747	78982	0.63576212248052033	18983	0.15280282052933222	0	-1.0285031379009269e-06	1.4219551266903284e-06	NON_TIE_CASES	DISTINCT_TRUTH_PAIR_ONCE
CONTEXT	iMAT	training_samples=setx1,setx3	1	SENSITIVITY	1	221487	124232	97255	25061	0.20172741322686585	78903	0.63512621546783432	20268	0.16314637130529977	0	-6.594305022912979e-07	4.3925834990002266e-06	NON_TIE_CASES	DISTINCT_TRUTH_PAIR_ONCE
CONTEXT	iMAT	training_samples=setx2,setx3	0.25	PRIMARY	0	225666	126198	99468	20221	0.16023233331748521	78708	0.6236865877430704	27269	0.21608107893944437	0	-6.8316893659211655e-05	2.4087166657707493e-06	NON_TIE_CASES	DISTINCT_TRUTH_PAIR_ONCE
CONTEXT	iMAT	training_samples=setx2,setx3	0.25	PRIMARY	0.25	225666	126198	99468	19922	0.15786304061871029	79195	0.62754560294140949	27081	0.2145913564398802	0	-3.8453948244828069e-05	1.2306539036433667e-06	NON_TIE_CASES	DISTINCT_TRUTH_PAIR_ONCE
CONTEXT	iMAT	training_samples=setx2,setx3	0.25	PRIMARY	0.5	225666	126198	99468	22160	0.17559707760820298	79733	0.63180874498803463	24305	0.19259417740376233	0	-5.7196333740575783e-06	1.0253505095057446e-06	NON_TIE_CASES	DISTINCT_TRUTH_PAIR_ONCE
CONTEXT	iMAT	training_samples=setx2,setx3	0.25	PRIMARY	0.75	225666	126198	99468	26010	0.20610469262587364	79594	0.63070730122505902	20594	0.16318800614906734	0	-1.4144646181657416e-06	1.8994218832811506e-05	NON_TIE_CASES	DISTINCT_TRUTH_PAIR_ONCE
CONTEXT	iMAT	training_samples=setx2,setx3	0.25	PRIMARY	1	225666	126198	99468	26441	0.20951996069668299	78991	0.62592909554826548	20766	0.16455094375505158	0	-3.256159299905336e-06	4.6415479061574219e-05	NON_TIE_CASES	DISTINCT_TRUTH_PAIR_ONCE
CONTEXT	iMAT	training_samples=setx2,setx3	0.5	SENSITIVITY	0	225666	126198	99468	20243	0.16040666254615762	77943	0.61762468501877998	28012	0.22196865243506236	0	-0.00016424738266700156	4.290791576675106e-06	NON_TIE_CASES	DISTINCT_TRUTH_PAIR_ONCE
CONTEXT	iMAT	training_samples=setx2,setx3	0.5	SENSITIVITY	0.25	225666	126198	99468	19837	0.15718949587156691	78516	0.62216516902011121	27845	0.22064533510832185	0	-9.1853487282301101e-05	2.0575403591621168e-06	NON_TIE_CASES	DISTINCT_TRUTH_PAIR_ONCE
CONTEXT	iMAT	training_samples=setx2,setx3	0.5	SENSITIVITY	0.5	225666	126198	99468	21968	0.17407565888524382	78838	0.62471671500340731	25392	0.20120762611134882	0	-2.8314159792760241e-05	2.81355941122996e-06	NON_TIE_CASES	DISTINCT_TRUTH_PAIR_ONCE
CONTEXT	iMAT	training_samples=setx2,setx3	0.5	SENSITIVITY	0.75	225666	126198	99468	25543	0.20240415854450941	79908	0.63319545476156514	20747	0.16440038669392543	0	-1.3760874738343639e-06	1.8681380879123372e-05	NON_TIE_CASES	DISTINCT_TRUTH_PAIR_ONCE
CONTEXT	iMAT	training_samples=setx2,setx3	0.5	SENSITIVITY	1	225666	126198	99468	26507	0.21004294838270021	78536	0.62232365013708613	21155	0.16763340148021363	0	-6.483449488552797e-06	7.5373364667285516e-05	NON_TIE_CASES	DISTINCT_TRUTH_PAIR_ONCE
CONTEXT	iMAT	training_samples=setx2,setx3	1	SENSITIVITY	0	225666	126198	99468	19792	0.15683291335837335	76925	0.60955799616475692	29481	0.23360909047686967	0	-0.00043670463250434274	5.2663343136333445e-06	NON_TIE_CASES	DISTINCT_TRUTH_PAIR_ONCE
CONTEXT	iMAT	training_samples=setx2,setx3	1	SENSITIVITY	0.25	225666	126198	99468	20823	0.16500261493843008	77168	0.61148354173600217	28207	0.22351384332556776	0	-0.00025597046321669444	3.5179356119854292e-06	NON_TIE_CASES	DISTINCT_TRUTH_PAIR_ONCE
CONTEXT	iMAT	training_samples=setx2,setx3	1	SENSITIVITY	0.5	225666	126198	99468	21595	0.17111998605366172	77474	0.61390830282571829	27129	0.21497171112061997	0	-0.00014091255436926451	5.6427261802268107e-06	NON_TIE_CASES	DISTINCT_TRUTH_PAIR_ONCE
CONTEXT	iMAT	training_samples=setx2,setx3	1	SENSITIVITY	0.75	225666	126198	99468	23440	0.18573986909459739	78205	0.61970078765115133	24553	0.19455934325425125	0	-3.3758962854512861e-05	1.2574397338185324e-05	NON_TIE_CASES	DISTINCT_TRUTH_PAIR_ONCE
CONTEXT	iMAT	training_samples=setx2,setx3	1	SENSITIVITY	1	225666	126198	99468	26322	0.20857699805068225	78198	0.61964531926021016	21678	0.17177768268910759	0	-1.3215805392090228e-05	0.00010200231073886552	NON_TIE_CASES	DISTINCT_TRUTH_PAIR_ONCE
