arm	field	n_rows	max_abs_difference	tolerance	status
A1	n_distinct_truth_pairs	1546230	0.0	1e-12	PASS
A1	n_non_tie_truth_pairs	1546230	0.0	1e-12	PASS
A1	n_truth_ties	1546230	0.0	1e-12	PASS
A1	usefulness	1546230	0.3333333333333333	1e-12	FAIL
A1	correct_gain_mean	1546230	1.9539925233402755e-13	1e-12	PASS
A1	wrong_gain_mean	1546230	1.794120407794253e-13	1e-12	PASS
A1	information_advantage_mean	1546230	1.7408297026122455e-13	1e-12	PASS
A2	n_distinct_truth_pairs	1546230	0.0	1e-12	PASS
A2	n_non_tie_truth_pairs	1546230	0.0	1e-12	PASS
A2	n_truth_ties	1546230	0.0	1e-12	PASS
A2	usefulness	1546230	0.0	1e-12	PASS
A2	correct_gain_mean	1546230	1.5160095401256513e-13	1e-12	PASS
A2	wrong_gain_mean	1546230	1.5143442055887135e-13	1e-12	PASS
A2	information_advantage_mean	1546230	5.689979737377726e-14	1e-12	PASS
