arm	geometry_spec	descriptor	evaluation	n_development_reactions	n_confirmation_reactions	mae	spearman	partial_rank_eta2_given_entropy_development	partial_rank_eta2_given_entropy_confirmation	n_reactions	mae_improvement	prediction_spearman_change
A1	original_20x20	entropy	development_pathway_grouped_cv	2451.0	838.0	0.04960854651135469	0.8542923955535581	0.4139626238750244	0.3426775700430308			
A1	original_20x20	entropy_plus_eta2	development_pathway_grouped_cv	2451.0	838.0	0.04520555947137137	0.8748967518322992	0.4139626238750244	0.3426775700430308			
A1	original_20x20	entropy	confirmation_from_development_fit	2451.0	838.0	0.04724713491810406	0.8601847303366632	0.4139626238750244	0.3426775700430308			
A1	original_20x20	entropy_plus_eta2	confirmation_from_development_fit	2451.0	838.0	0.04456630343319668	0.8689586861548176	0.4139626238750244	0.3426775700430308			
A1	original_20x20	eta2_association	development_pathway_grouped_cv				0.8568515251044161	0.4139626238750244	0.3426775700430308	2451.0		
A1	original_20x20	entropy_association	development_pathway_grouped_cv				0.8569981353723226	0.4139626238750244	0.3426775700430308	2451.0		
A1	original_20x20	eta2_association	confirmation_from_development_fit				0.8353394527453601	0.4139626238750244	0.3426775700430308	838.0		
A1	original_20x20	entropy_association	confirmation_from_development_fit				0.8601317506364305	0.4139626238750244	0.3426775700430308	838.0		
A1	original_20x20	eta2_increment	confirmation_from_development_fit	2451.0	838.0			0.4139626238750244	0.3426775700430308		0.0026808314849073797	0.008773955818154433
A1	original_20x20	eta2_increment	development_pathway_grouped_cv	2451.0	838.0			0.4139626238750244	0.3426775700430308		0.004402987039983319	0.02060435627874113
A1	truth_excluded_19x19	entropy	development_pathway_grouped_cv	2451.0	838.0	0.04213376365979717	0.8894290855288373	0.48469607424151506	0.40641837802422937			
A1	truth_excluded_19x19	entropy_plus_eta2	development_pathway_grouped_cv	2451.0	838.0	0.036676793226089494	0.9115268032889554	0.48469607424151506	0.40641837802422937			
A1	truth_excluded_19x19	entropy	confirmation_from_development_fit	2451.0	838.0	0.040999031792917466	0.8911059036006682	0.48469607424151506	0.40641837802422937			
A1	truth_excluded_19x19	entropy_plus_eta2	confirmation_from_development_fit	2451.0	838.0	0.03703558106914246	0.9029677954353257	0.48469607424151506	0.40641837802422937			
A1	truth_excluded_19x19	eta2_association	development_pathway_grouped_cv				0.8872254809415994	0.48469607424151506	0.40641837802422937	2451.0		
A1	truth_excluded_19x19	entropy_association	development_pathway_grouped_cv				0.8920182875020976	0.48469607424151506	0.40641837802422937	2451.0		
A1	truth_excluded_19x19	eta2_association	confirmation_from_development_fit				0.855676995883748	0.48469607424151506	0.40641837802422937	838.0		
A1	truth_excluded_19x19	entropy_association	confirmation_from_development_fit				0.8910168395180218	0.48469607424151506	0.40641837802422937	838.0		
A1	truth_excluded_19x19	eta2_increment	confirmation_from_development_fit	2451.0	838.0			0.48469607424151506	0.40641837802422937		0.0039634507237750055	0.011861891834657468
A1	truth_excluded_19x19	eta2_increment	development_pathway_grouped_cv	2451.0	838.0			0.48469607424151506	0.40641837802422937		0.005456970433707679	0.022097717760118152
A2	original_20x20	entropy	development_pathway_grouped_cv	2483.0	843.0	0.05394848431971913	0.9138328160477955	0.28327398978743124	0.31046059177162943			
A2	original_20x20	entropy_plus_eta2	development_pathway_grouped_cv	2483.0	843.0	0.0507453059418689	0.9194700939910383	0.28327398978743124	0.31046059177162943			
A2	original_20x20	entropy	confirmation_from_development_fit	2483.0	843.0	0.053398348934491933	0.9100309656128762	0.28327398978743124	0.31046059177162943			
A2	original_20x20	entropy_plus_eta2	confirmation_from_development_fit	2483.0	843.0	0.050470861433410466	0.9170033363730629	0.28327398978743124	0.31046059177162943			
A2	original_20x20	eta2_association	development_pathway_grouped_cv				0.8339554806424774	0.28327398978743124	0.31046059177162943	2483.0		
A2	original_20x20	entropy_association	development_pathway_grouped_cv				0.915358498984125	0.28327398978743124	0.31046059177162943	2483.0		
A2	original_20x20	eta2_association	confirmation_from_development_fit				0.8489946726645496	0.28327398978743124	0.31046059177162943	843.0		
A2	original_20x20	entropy_association	confirmation_from_development_fit				0.909976459033103	0.28327398978743124	0.31046059177162943	843.0		
A2	original_20x20	eta2_increment	confirmation_from_development_fit	2483.0	843.0			0.28327398978743124	0.31046059177162943		0.0029274875010814674	0.006972370760186641
A2	original_20x20	eta2_increment	development_pathway_grouped_cv	2483.0	843.0			0.28327398978743124	0.31046059177162943		0.0032031783778502312	0.005637277943242758
A2	truth_excluded_19x19	entropy	development_pathway_grouped_cv	2483.0	843.0	0.052484327098945044	0.9178601485543939	0.2562992628991175	0.30054804604913593			
A2	truth_excluded_19x19	entropy_plus_eta2	development_pathway_grouped_cv	2483.0	843.0	0.04973280328311332	0.921671022813897	0.2562992628991175	0.30054804604913593			
A2	truth_excluded_19x19	entropy	confirmation_from_development_fit	2483.0	843.0	0.052818688888795685	0.9068011766055787	0.2562992628991175	0.30054804604913593			
A2	truth_excluded_19x19	entropy_plus_eta2	confirmation_from_development_fit	2483.0	843.0	0.04987502009288204	0.9128809697678937	0.2562992628991175	0.30054804604913593			
A2	truth_excluded_19x19	eta2_association	development_pathway_grouped_cv				0.8274646729449922	0.2562992628991175	0.30054804604913593	2483.0		
A2	truth_excluded_19x19	entropy_association	development_pathway_grouped_cv				0.9194503643290989	0.2562992628991175	0.30054804604913593	2483.0		
A2	truth_excluded_19x19	eta2_association	confirmation_from_development_fit				0.8394187962552802	0.2562992628991175	0.30054804604913593	843.0		
A2	truth_excluded_19x19	entropy_association	confirmation_from_development_fit				0.9066327535188142	0.2562992628991175	0.30054804604913593	843.0		
A2	truth_excluded_19x19	eta2_increment	confirmation_from_development_fit	2483.0	843.0			0.2562992628991175	0.30054804604913593		0.002943668795913644	0.006079793162314995
A2	truth_excluded_19x19	eta2_increment	development_pathway_grouped_cv	2483.0	843.0			0.2562992628991175	0.30054804604913593		0.0027515238158317273	0.0038108742595031053
