algorithm	rna_context_key	feature	response	rho	finite_count	nonfinite_count	direction	direction_matches_overall
CORDA	training_samples=setx1,setx2	sign_magnitude_eta2	directionally_useful_fraction	0.67283436401371399	30603	32097	POSITIVE	true
CORDA	training_samples=setx1,setx2	sign_magnitude_eta2	mean_information_advantage	0.12269152118543067	30603	32097	POSITIVE	true
CORDA	training_samples=setx1,setx2	sign_magnitude_eta2	mean_correct_gain	0.10248726382146874	30603	32097	POSITIVE	true
CORDA	training_samples=setx1,setx2	sign_magnitude_eta2	non_tie_pair_fraction	nan	30603	32097	UNDEFINED	false
CORDA	training_samples=setx1,setx2	sign_magnitude_correlation	directionally_useful_fraction	-0.042606073480338826	10335	52365	NEGATIVE	true
CORDA	training_samples=setx1,setx2	sign_magnitude_correlation	mean_information_advantage	-0.063028655143294948	10335	52365	NEGATIVE	true
CORDA	training_samples=setx1,setx2	sign_magnitude_correlation	mean_correct_gain	-0.07301727951638852	10335	52365	NEGATIVE	true
CORDA	training_samples=setx1,setx2	sign_magnitude_correlation	non_tie_pair_fraction	nan	10335	52365	UNDEFINED	false
CORDA	training_samples=setx1,setx2	directional_entropy3	directionally_useful_fraction	0.66825964212115774	42400	20300	POSITIVE	true
CORDA	training_samples=setx1,setx2	directional_entropy3	mean_information_advantage	0.11645764114802418	42400	20300	POSITIVE	true
CORDA	training_samples=setx1,setx2	directional_entropy3	mean_correct_gain	0.093864055812155331	42400	20300	POSITIVE	true
CORDA	training_samples=setx1,setx2	directional_entropy3	non_tie_pair_fraction	0.44314626522972222	62700	0	POSITIVE	true
CORDA	training_samples=setx1,setx2	dominant_sign_mass	directionally_useful_fraction	-0.70286413360407329	42400	20300	NEGATIVE	true
CORDA	training_samples=setx1,setx2	dominant_sign_mass	mean_information_advantage	-0.11651009855147473	42400	20300	NEGATIVE	true
CORDA	training_samples=setx1,setx2	dominant_sign_mass	mean_correct_gain	-0.10154134700216989	42400	20300	NEGATIVE	true
CORDA	training_samples=setx1,setx2	dominant_sign_mass	non_tie_pair_fraction	-0.30770125816321675	62700	0	NEGATIVE	true
CORDA	training_samples=setx1,setx2	n_supported_sign_states	directionally_useful_fraction	0.51754814128162696	42400	20300	POSITIVE	true
CORDA	training_samples=setx1,setx2	n_supported_sign_states	mean_information_advantage	0.081320973720780246	42400	20300	POSITIVE	true
CORDA	training_samples=setx1,setx2	n_supported_sign_states	mean_correct_gain	0.059978876786230199	42400	20300	POSITIVE	true
CORDA	training_samples=setx1,setx2	n_supported_sign_states	non_tie_pair_fraction	0.45900628338335753	62700	0	POSITIVE	true
CORDA	training_samples=setx1,setx2	anchor_width80_contraction	directionally_useful_fraction	-0.19797890213444028	42400	20300	NEGATIVE	true
CORDA	training_samples=setx1,setx2	anchor_width80_contraction	mean_information_advantage	-0.039615713904030909	42400	20300	NEGATIVE	true
CORDA	training_samples=setx1,setx2	anchor_width80_contraction	mean_correct_gain	-0.004870513845464418	42400	20300	NEGATIVE	true
CORDA	training_samples=setx1,setx2	anchor_width80_contraction	non_tie_pair_fraction	nan	42400	20300	UNDEFINED	false
CORDA	training_samples=setx1,setx2	joint_ess	directionally_useful_fraction	0.15677481909838098	42400	20300	POSITIVE	true
CORDA	training_samples=setx1,setx2	joint_ess	mean_information_advantage	0.041570020429890046	42400	20300	POSITIVE	true
CORDA	training_samples=setx1,setx2	joint_ess	mean_correct_gain	0.010869425034615902	42400	20300	POSITIVE	true
CORDA	training_samples=setx1,setx2	joint_ess	non_tie_pair_fraction	0	62700	0	ZERO	false
CORDA	training_samples=setx1,setx2	abs_delta_anchor_target_correlation	directionally_useful_fraction	-0.020033712705780304	30603	32097	NEGATIVE	false
CORDA	training_samples=setx1,setx2	abs_delta_anchor_target_correlation	mean_information_advantage	0.025783352662123955	30603	32097	POSITIVE	true
CORDA	training_samples=setx1,setx2	abs_delta_anchor_target_correlation	mean_correct_gain	0.020481382173765057	30603	32097	POSITIVE	true
CORDA	training_samples=setx1,setx2	abs_delta_anchor_target_correlation	non_tie_pair_fraction	nan	30603	32097	UNDEFINED	false
CORDA	training_samples=setx1,setx2,setx3	sign_magnitude_eta2	directionally_useful_fraction	0.73786347257397966	43556	34819	POSITIVE	true
CORDA	training_samples=setx1,setx2,setx3	sign_magnitude_eta2	mean_information_advantage	0.18126021147630098	43556	34819	POSITIVE	true
CORDA	training_samples=setx1,setx2,setx3	sign_magnitude_eta2	mean_correct_gain	0.17410692846245138	43556	34819	POSITIVE	true
CORDA	training_samples=setx1,setx2,setx3	sign_magnitude_eta2	non_tie_pair_fraction	nan	43556	34819	UNDEFINED	false
CORDA	training_samples=setx1,setx2,setx3	sign_magnitude_correlation	directionally_useful_fraction	-0.12271115390555316	16715	61660	NEGATIVE	true
CORDA	training_samples=setx1,setx2,setx3	sign_magnitude_correlation	mean_information_advantage	-0.095917434810836449	16715	61660	NEGATIVE	true
CORDA	training_samples=setx1,setx2,setx3	sign_magnitude_correlation	mean_correct_gain	-0.1056411829560355	16715	61660	NEGATIVE	true
CORDA	training_samples=setx1,setx2,setx3	sign_magnitude_correlation	non_tie_pair_fraction	nan	16715	61660	UNDEFINED	false
CORDA	training_samples=setx1,setx2,setx3	directional_entropy3	directionally_useful_fraction	0.74834894422478715	51550	26825	POSITIVE	true
CORDA	training_samples=setx1,setx2,setx3	directional_entropy3	mean_information_advantage	0.13054744330600687	51550	26825	POSITIVE	true
CORDA	training_samples=setx1,setx2,setx3	directional_entropy3	mean_correct_gain	0.13589587686426607	51550	26825	POSITIVE	true
CORDA	training_samples=setx1,setx2,setx3	directional_entropy3	non_tie_pair_fraction	0.42097064282098218	78375	0	POSITIVE	true
CORDA	training_samples=setx1,setx2,setx3	dominant_sign_mass	directionally_useful_fraction	-0.71440636164305715	51550	26825	NEGATIVE	true
CORDA	training_samples=setx1,setx2,setx3	dominant_sign_mass	mean_information_advantage	-0.12578881894715851	51550	26825	NEGATIVE	true
CORDA	training_samples=setx1,setx2,setx3	dominant_sign_mass	mean_correct_gain	-0.1313755321352901	51550	26825	NEGATIVE	true
CORDA	training_samples=setx1,setx2,setx3	dominant_sign_mass	non_tie_pair_fraction	-0.30641497143521168	78375	0	NEGATIVE	true
CORDA	training_samples=setx1,setx2,setx3	n_supported_sign_states	directionally_useful_fraction	0.56038710255730839	51550	26825	POSITIVE	true
CORDA	training_samples=setx1,setx2,setx3	n_supported_sign_states	mean_information_advantage	0.061943999373291182	51550	26825	POSITIVE	true
CORDA	training_samples=setx1,setx2,setx3	n_supported_sign_states	mean_correct_gain	0.065250674422219365	51550	26825	POSITIVE	true
CORDA	training_samples=setx1,setx2,setx3	n_supported_sign_states	non_tie_pair_fraction	0.51232800516311094	78375	0	POSITIVE	true
CORDA	training_samples=setx1,setx2,setx3	anchor_width80_contraction	directionally_useful_fraction	-0.20308110253669825	51550	26825	NEGATIVE	true
CORDA	training_samples=setx1,setx2,setx3	anchor_width80_contraction	mean_information_advantage	-0.038591476629880335	51550	26825	NEGATIVE	true
CORDA	training_samples=setx1,setx2,setx3	anchor_width80_contraction	mean_correct_gain	-0.014263398030011858	51550	26825	NEGATIVE	true
CORDA	training_samples=setx1,setx2,setx3	anchor_width80_contraction	non_tie_pair_fraction	nan	51550	26825	UNDEFINED	false
CORDA	training_samples=setx1,setx2,setx3	joint_ess	directionally_useful_fraction	0.094371220064049799	51550	26825	POSITIVE	true
CORDA	training_samples=setx1,setx2,setx3	joint_ess	mean_information_advantage	0.0099198851669141021	51550	26825	POSITIVE	true
CORDA	training_samples=setx1,setx2,setx3	joint_ess	mean_correct_gain	-0.012437923198956537	51550	26825	NEGATIVE	false
CORDA	training_samples=setx1,setx2,setx3	joint_ess	non_tie_pair_fraction	0	78375	0	ZERO	false
CORDA	training_samples=setx1,setx2,setx3	abs_delta_anchor_target_correlation	directionally_useful_fraction	-0.0092881552529590333	43556	34819	NEGATIVE	false
CORDA	training_samples=setx1,setx2,setx3	abs_delta_anchor_target_correlation	mean_information_advantage	0.024725934136802519	43556	34819	POSITIVE	true
CORDA	training_samples=setx1,setx2,setx3	abs_delta_anchor_target_correlation	mean_correct_gain	-0.011684151806991106	43556	34819	NEGATIVE	false
CORDA	training_samples=setx1,setx2,setx3	abs_delta_anchor_target_correlation	non_tie_pair_fraction	nan	43556	34819	UNDEFINED	false
CORDA	training_samples=setx1,setx3	sign_magnitude_eta2	directionally_useful_fraction	0.66469216428747591	30797	31903	POSITIVE	true
CORDA	training_samples=setx1,setx3	sign_magnitude_eta2	mean_information_advantage	0.20304880703904873	30797	31903	POSITIVE	true
CORDA	training_samples=setx1,setx3	sign_magnitude_eta2	mean_correct_gain	0.19270037326547729	30797	31903	POSITIVE	true
CORDA	training_samples=setx1,setx3	sign_magnitude_eta2	non_tie_pair_fraction	nan	30797	31903	UNDEFINED	false
CORDA	training_samples=setx1,setx3	sign_magnitude_correlation	directionally_useful_fraction	-0.055417084397166402	10772	51928	NEGATIVE	true
CORDA	training_samples=setx1,setx3	sign_magnitude_correlation	mean_information_advantage	-0.045748572982241401	10772	51928	NEGATIVE	true
CORDA	training_samples=setx1,setx3	sign_magnitude_correlation	mean_correct_gain	-0.053485666813902898	10772	51928	NEGATIVE	true
CORDA	training_samples=setx1,setx3	sign_magnitude_correlation	non_tie_pair_fraction	nan	10772	51928	UNDEFINED	false
CORDA	training_samples=setx1,setx3	directional_entropy3	directionally_useful_fraction	0.64315789554599267	42360	20340	POSITIVE	true
CORDA	training_samples=setx1,setx3	directional_entropy3	mean_information_advantage	0.14616407460683203	42360	20340	POSITIVE	true
CORDA	training_samples=setx1,setx3	directional_entropy3	mean_correct_gain	0.13326876938718343	42360	20340	POSITIVE	true
CORDA	training_samples=setx1,setx3	directional_entropy3	non_tie_pair_fraction	0.4847206708380904	62700	0	POSITIVE	true
CORDA	training_samples=setx1,setx3	dominant_sign_mass	directionally_useful_fraction	-0.68202138756786024	42360	20340	NEGATIVE	true
CORDA	training_samples=setx1,setx3	dominant_sign_mass	mean_information_advantage	-0.1617361539119101	42360	20340	NEGATIVE	true
CORDA	training_samples=setx1,setx3	dominant_sign_mass	mean_correct_gain	-0.1452360192510502	42360	20340	NEGATIVE	true
CORDA	training_samples=setx1,setx3	dominant_sign_mass	non_tie_pair_fraction	-0.36361227815286634	62700	0	NEGATIVE	true
CORDA	training_samples=setx1,setx3	n_supported_sign_states	directionally_useful_fraction	0.45777045785267489	42360	20340	POSITIVE	true
CORDA	training_samples=setx1,setx3	n_supported_sign_states	mean_information_advantage	0.079073889068976444	42360	20340	POSITIVE	true
CORDA	training_samples=setx1,setx3	n_supported_sign_states	mean_correct_gain	0.074639283995523803	42360	20340	POSITIVE	true
CORDA	training_samples=setx1,setx3	n_supported_sign_states	non_tie_pair_fraction	0.49880334753298711	62700	0	POSITIVE	true
CORDA	training_samples=setx1,setx3	anchor_width80_contraction	directionally_useful_fraction	-0.22853910042375053	42360	20340	NEGATIVE	true
CORDA	training_samples=setx1,setx3	anchor_width80_contraction	mean_information_advantage	-0.047918306167368717	42360	20340	NEGATIVE	true
CORDA	training_samples=setx1,setx3	anchor_width80_contraction	mean_correct_gain	-0.042956853283078682	42360	20340	NEGATIVE	true
CORDA	training_samples=setx1,setx3	anchor_width80_contraction	non_tie_pair_fraction	nan	42360	20340	UNDEFINED	false
CORDA	training_samples=setx1,setx3	joint_ess	directionally_useful_fraction	0.15542840897953047	42360	20340	POSITIVE	true
CORDA	training_samples=setx1,setx3	joint_ess	mean_information_advantage	0.043978326305038853	42360	20340	POSITIVE	true
CORDA	training_samples=setx1,setx3	joint_ess	mean_correct_gain	0.026484689688740664	42360	20340	POSITIVE	true
CORDA	training_samples=setx1,setx3	joint_ess	non_tie_pair_fraction	0	62700	0	ZERO	false
CORDA	training_samples=setx1,setx3	abs_delta_anchor_target_correlation	directionally_useful_fraction	0.009362812765335177	30797	31903	POSITIVE	true
CORDA	training_samples=setx1,setx3	abs_delta_anchor_target_correlation	mean_information_advantage	0.066330423163278071	30797	31903	POSITIVE	true
CORDA	training_samples=setx1,setx3	abs_delta_anchor_target_correlation	mean_correct_gain	0.069304009565992225	30797	31903	POSITIVE	true
CORDA	training_samples=setx1,setx3	abs_delta_anchor_target_correlation	non_tie_pair_fraction	nan	30797	31903	UNDEFINED	false
CORDA	training_samples=setx2,setx3	sign_magnitude_eta2	directionally_useful_fraction	0.64617996678267842	42147	36228	POSITIVE	true
CORDA	training_samples=setx2,setx3	sign_magnitude_eta2	mean_information_advantage	0.27351574919835847	42147	36228	POSITIVE	true
CORDA	training_samples=setx2,setx3	sign_magnitude_eta2	mean_correct_gain	0.26263375744779355	42147	36228	POSITIVE	true
CORDA	training_samples=setx2,setx3	sign_magnitude_eta2	non_tie_pair_fraction	nan	42147	36228	UNDEFINED	false
CORDA	training_samples=setx2,setx3	sign_magnitude_correlation	directionally_useful_fraction	0.019236712918795074	18420	59955	POSITIVE	false
CORDA	training_samples=setx2,setx3	sign_magnitude_correlation	mean_information_advantage	0.013150449536553905	18420	59955	POSITIVE	false
CORDA	training_samples=setx2,setx3	sign_magnitude_correlation	mean_correct_gain	0.015796199708257068	18420	59955	POSITIVE	false
CORDA	training_samples=setx2,setx3	sign_magnitude_correlation	non_tie_pair_fraction	nan	18420	59955	UNDEFINED	false
CORDA	training_samples=setx2,setx3	directional_entropy3	directionally_useful_fraction	0.61817313419543873	52700	25675	POSITIVE	true
CORDA	training_samples=setx2,setx3	directional_entropy3	mean_information_advantage	0.22591021168415551	52700	25675	POSITIVE	true
CORDA	training_samples=setx2,setx3	directional_entropy3	mean_correct_gain	0.21165838683691565	52700	25675	POSITIVE	true
CORDA	training_samples=setx2,setx3	directional_entropy3	non_tie_pair_fraction	0.52441035981813355	78375	0	POSITIVE	true
CORDA	training_samples=setx2,setx3	dominant_sign_mass	directionally_useful_fraction	-0.63324697047048129	52700	25675	NEGATIVE	true
CORDA	training_samples=setx2,setx3	dominant_sign_mass	mean_information_advantage	-0.23647187263053324	52700	25675	NEGATIVE	true
CORDA	training_samples=setx2,setx3	dominant_sign_mass	mean_correct_gain	-0.22955385430403305	52700	25675	NEGATIVE	true
CORDA	training_samples=setx2,setx3	dominant_sign_mass	non_tie_pair_fraction	-0.41947793031341957	78375	0	NEGATIVE	true
CORDA	training_samples=setx2,setx3	n_supported_sign_states	directionally_useful_fraction	0.49222036245308881	52700	25675	POSITIVE	true
CORDA	training_samples=setx2,setx3	n_supported_sign_states	mean_information_advantage	0.14696713926935895	52700	25675	POSITIVE	true
CORDA	training_samples=setx2,setx3	n_supported_sign_states	mean_correct_gain	0.12885744579756722	52700	25675	POSITIVE	true
CORDA	training_samples=setx2,setx3	n_supported_sign_states	non_tie_pair_fraction	0.54411636494028137	78375	0	POSITIVE	true
CORDA	training_samples=setx2,setx3	anchor_width80_contraction	directionally_useful_fraction	-0.09791942155459675	52700	25675	NEGATIVE	true
CORDA	training_samples=setx2,setx3	anchor_width80_contraction	mean_information_advantage	0.01523735828524906	52700	25675	POSITIVE	false
CORDA	training_samples=setx2,setx3	anchor_width80_contraction	mean_correct_gain	0.041965061267354643	52700	25675	POSITIVE	false
CORDA	training_samples=setx2,setx3	anchor_width80_contraction	non_tie_pair_fraction	nan	52700	25675	UNDEFINED	false
CORDA	training_samples=setx2,setx3	joint_ess	directionally_useful_fraction	0.054872785545302179	52700	25675	POSITIVE	true
CORDA	training_samples=setx2,setx3	joint_ess	mean_information_advantage	-0.029883814919374686	52700	25675	NEGATIVE	false
CORDA	training_samples=setx2,setx3	joint_ess	mean_correct_gain	-0.046684477342918952	52700	25675	NEGATIVE	false
CORDA	training_samples=setx2,setx3	joint_ess	non_tie_pair_fraction	0	78375	0	ZERO	false
CORDA	training_samples=setx2,setx3	abs_delta_anchor_target_correlation	directionally_useful_fraction	0.11769492741403186	42147	36228	POSITIVE	true
CORDA	training_samples=setx2,setx3	abs_delta_anchor_target_correlation	mean_information_advantage	0.10335742324453473	42147	36228	POSITIVE	true
CORDA	training_samples=setx2,setx3	abs_delta_anchor_target_correlation	mean_correct_gain	0.14125895537231833	42147	36228	POSITIVE	true
CORDA	training_samples=setx2,setx3	abs_delta_anchor_target_correlation	non_tie_pair_fraction	nan	42147	36228	UNDEFINED	false
GIMME	training_samples=setx1,setx2	sign_magnitude_eta2	directionally_useful_fraction	0.66675853391465889	26605	51770	POSITIVE	true
GIMME	training_samples=setx1,setx2	sign_magnitude_eta2	mean_information_advantage	0.15606334621275003	26605	51770	POSITIVE	true
GIMME	training_samples=setx1,setx2	sign_magnitude_eta2	mean_correct_gain	0.17253648093255824	26605	51770	POSITIVE	true
GIMME	training_samples=setx1,setx2	sign_magnitude_eta2	non_tie_pair_fraction	nan	26605	51770	UNDEFINED	false
GIMME	training_samples=setx1,setx2	sign_magnitude_correlation	directionally_useful_fraction	-0.0033978664808690211	8324	70051	NEGATIVE	true
GIMME	training_samples=setx1,setx2	sign_magnitude_correlation	mean_information_advantage	-0.025703412721015721	8324	70051	NEGATIVE	true
GIMME	training_samples=setx1,setx2	sign_magnitude_correlation	mean_correct_gain	-0.024056152620130004	8324	70051	NEGATIVE	true
GIMME	training_samples=setx1,setx2	sign_magnitude_correlation	non_tie_pair_fraction	nan	8324	70051	UNDEFINED	false
GIMME	training_samples=setx1,setx2	directional_entropy3	directionally_useful_fraction	0.63193263531780752	33625	44750	POSITIVE	true
GIMME	training_samples=setx1,setx2	directional_entropy3	mean_information_advantage	0.12553360152916571	33625	44750	POSITIVE	true
GIMME	training_samples=setx1,setx2	directional_entropy3	mean_correct_gain	0.10744589233826733	33625	44750	POSITIVE	true
GIMME	training_samples=setx1,setx2	directional_entropy3	non_tie_pair_fraction	0.63266718952519685	78375	0	POSITIVE	true
GIMME	training_samples=setx1,setx2	dominant_sign_mass	directionally_useful_fraction	-0.68371548260103499	33625	44750	NEGATIVE	true
GIMME	training_samples=setx1,setx2	dominant_sign_mass	mean_information_advantage	-0.13923237003780853	33625	44750	NEGATIVE	true
GIMME	training_samples=setx1,setx2	dominant_sign_mass	mean_correct_gain	-0.11030985347577438	33625	44750	NEGATIVE	true
GIMME	training_samples=setx1,setx2	dominant_sign_mass	non_tie_pair_fraction	-0.35897275358663905	78375	0	NEGATIVE	true
GIMME	training_samples=setx1,setx2	n_supported_sign_states	directionally_useful_fraction	0.40735769958430224	33625	44750	POSITIVE	true
GIMME	training_samples=setx1,setx2	n_supported_sign_states	mean_information_advantage	0.079814398509738427	33625	44750	POSITIVE	true
GIMME	training_samples=setx1,setx2	n_supported_sign_states	mean_correct_gain	0.069677038612733749	33625	44750	POSITIVE	true
GIMME	training_samples=setx1,setx2	n_supported_sign_states	non_tie_pair_fraction	0.65707795171168026	78375	0	POSITIVE	true
GIMME	training_samples=setx1,setx2	anchor_width80_contraction	directionally_useful_fraction	-0.22921960087019413	33625	44750	NEGATIVE	true
GIMME	training_samples=setx1,setx2	anchor_width80_contraction	mean_information_advantage	-0.0016715549006770269	33625	44750	NEGATIVE	true
GIMME	training_samples=setx1,setx2	anchor_width80_contraction	mean_correct_gain	-0.037231567102241632	33625	44750	NEGATIVE	true
GIMME	training_samples=setx1,setx2	anchor_width80_contraction	non_tie_pair_fraction	nan	33625	44750	UNDEFINED	false
GIMME	training_samples=setx1,setx2	joint_ess	directionally_useful_fraction	0.19697863863234244	33625	44750	POSITIVE	true
GIMME	training_samples=setx1,setx2	joint_ess	mean_information_advantage	-0.010524471072128215	33625	44750	NEGATIVE	false
GIMME	training_samples=setx1,setx2	joint_ess	mean_correct_gain	0.0066626912590858813	33625	44750	POSITIVE	true
GIMME	training_samples=setx1,setx2	joint_ess	non_tie_pair_fraction	0	78375	0	ZERO	false
GIMME	training_samples=setx1,setx2	abs_delta_anchor_target_correlation	directionally_useful_fraction	0.021649118927505505	26605	51770	POSITIVE	true
GIMME	training_samples=setx1,setx2	abs_delta_anchor_target_correlation	mean_information_advantage	-0.032484954095392891	26605	51770	NEGATIVE	false
GIMME	training_samples=setx1,setx2	abs_delta_anchor_target_correlation	mean_correct_gain	-0.084237259079659371	26605	51770	NEGATIVE	false
GIMME	training_samples=setx1,setx2	abs_delta_anchor_target_correlation	non_tie_pair_fraction	nan	26605	51770	UNDEFINED	false
GIMME	training_samples=setx1,setx2,setx3	sign_magnitude_eta2	directionally_useful_fraction	0.68761193422277889	27115	51260	POSITIVE	true
GIMME	training_samples=setx1,setx2,setx3	sign_magnitude_eta2	mean_information_advantage	0.1015050413172732	27115	51260	POSITIVE	true
GIMME	training_samples=setx1,setx2,setx3	sign_magnitude_eta2	mean_correct_gain	0.077077188598126317	27115	51260	POSITIVE	true
GIMME	training_samples=setx1,setx2,setx3	sign_magnitude_eta2	non_tie_pair_fraction	nan	27115	51260	UNDEFINED	false
GIMME	training_samples=setx1,setx2,setx3	sign_magnitude_correlation	directionally_useful_fraction	0.010933374266660682	8152	70223	POSITIVE	false
GIMME	training_samples=setx1,setx2,setx3	sign_magnitude_correlation	mean_information_advantage	0.0092777876742796452	8152	70223	POSITIVE	false
GIMME	training_samples=setx1,setx2,setx3	sign_magnitude_correlation	mean_correct_gain	0.011914351591973626	8152	70223	POSITIVE	false
GIMME	training_samples=setx1,setx2,setx3	sign_magnitude_correlation	non_tie_pair_fraction	nan	8152	70223	UNDEFINED	false
GIMME	training_samples=setx1,setx2,setx3	directional_entropy3	directionally_useful_fraction	0.71882092776451467	33575	44800	POSITIVE	true
GIMME	training_samples=setx1,setx2,setx3	directional_entropy3	mean_information_advantage	0.087144973119001684	33575	44800	POSITIVE	true
GIMME	training_samples=setx1,setx2,setx3	directional_entropy3	mean_correct_gain	0.084943676358059536	33575	44800	POSITIVE	true
GIMME	training_samples=setx1,setx2,setx3	directional_entropy3	non_tie_pair_fraction	0.52598076936934135	78375	0	POSITIVE	true
GIMME	training_samples=setx1,setx2,setx3	dominant_sign_mass	directionally_useful_fraction	-0.69363270573371683	33575	44800	NEGATIVE	true
GIMME	training_samples=setx1,setx2,setx3	dominant_sign_mass	mean_information_advantage	-0.12237946192826447	33575	44800	NEGATIVE	true
GIMME	training_samples=setx1,setx2,setx3	dominant_sign_mass	mean_correct_gain	-0.063761971733496792	33575	44800	NEGATIVE	true
GIMME	training_samples=setx1,setx2,setx3	dominant_sign_mass	non_tie_pair_fraction	-0.29709513985770508	78375	0	NEGATIVE	true
GIMME	training_samples=setx1,setx2,setx3	n_supported_sign_states	directionally_useful_fraction	0.58095646266260337	33575	44800	POSITIVE	true
GIMME	training_samples=setx1,setx2,setx3	n_supported_sign_states	mean_information_advantage	0.056317843313564937	33575	44800	POSITIVE	true
GIMME	training_samples=setx1,setx2,setx3	n_supported_sign_states	mean_correct_gain	0.063615723966995691	33575	44800	POSITIVE	true
GIMME	training_samples=setx1,setx2,setx3	n_supported_sign_states	non_tie_pair_fraction	0.53868687372013113	78375	0	POSITIVE	true
GIMME	training_samples=setx1,setx2,setx3	anchor_width80_contraction	directionally_useful_fraction	-0.22037554387250738	33575	44800	NEGATIVE	true
GIMME	training_samples=setx1,setx2,setx3	anchor_width80_contraction	mean_information_advantage	0.0051603882446658155	33575	44800	POSITIVE	false
GIMME	training_samples=setx1,setx2,setx3	anchor_width80_contraction	mean_correct_gain	-0.10393141547679642	33575	44800	NEGATIVE	true
GIMME	training_samples=setx1,setx2,setx3	anchor_width80_contraction	non_tie_pair_fraction	nan	33575	44800	UNDEFINED	false
GIMME	training_samples=setx1,setx2,setx3	joint_ess	directionally_useful_fraction	0.22277938221243715	33575	44800	POSITIVE	true
GIMME	training_samples=setx1,setx2,setx3	joint_ess	mean_information_advantage	-0.0055529738119684613	33575	44800	NEGATIVE	false
GIMME	training_samples=setx1,setx2,setx3	joint_ess	mean_correct_gain	0.086493582468109953	33575	44800	POSITIVE	true
GIMME	training_samples=setx1,setx2,setx3	joint_ess	non_tie_pair_fraction	0	78375	0	ZERO	false
GIMME	training_samples=setx1,setx2,setx3	abs_delta_anchor_target_correlation	directionally_useful_fraction	0.036029317653412073	27115	51260	POSITIVE	true
GIMME	training_samples=setx1,setx2,setx3	abs_delta_anchor_target_correlation	mean_information_advantage	-0.0059903785644069606	27115	51260	NEGATIVE	false
GIMME	training_samples=setx1,setx2,setx3	abs_delta_anchor_target_correlation	mean_correct_gain	0.13013400499200919	27115	51260	POSITIVE	true
GIMME	training_samples=setx1,setx2,setx3	abs_delta_anchor_target_correlation	non_tie_pair_fraction	nan	27115	51260	UNDEFINED	false
GIMME	training_samples=setx1,setx3	sign_magnitude_eta2	directionally_useful_fraction	0.69669964660384931	25039	53336	POSITIVE	true
GIMME	training_samples=setx1,setx3	sign_magnitude_eta2	mean_information_advantage	0.16546342525307633	25039	53336	POSITIVE	true
GIMME	training_samples=setx1,setx3	sign_magnitude_eta2	mean_correct_gain	0.14329781366515112	25039	53336	POSITIVE	true
GIMME	training_samples=setx1,setx3	sign_magnitude_eta2	non_tie_pair_fraction	nan	25039	53336	UNDEFINED	false
GIMME	training_samples=setx1,setx3	sign_magnitude_correlation	directionally_useful_fraction	-0.090094873588488611	7642	70733	NEGATIVE	true
GIMME	training_samples=setx1,setx3	sign_magnitude_correlation	mean_information_advantage	-0.06868403808448896	7642	70733	NEGATIVE	true
GIMME	training_samples=setx1,setx3	sign_magnitude_correlation	mean_correct_gain	-0.064616775387790454	7642	70733	NEGATIVE	true
GIMME	training_samples=setx1,setx3	sign_magnitude_correlation	non_tie_pair_fraction	nan	7642	70733	UNDEFINED	false
GIMME	training_samples=setx1,setx3	directional_entropy3	directionally_useful_fraction	0.67456099862438179	34200	44175	POSITIVE	true
GIMME	training_samples=setx1,setx3	directional_entropy3	mean_information_advantage	0.12804727563954418	34200	44175	POSITIVE	true
GIMME	training_samples=setx1,setx3	directional_entropy3	mean_correct_gain	0.11240765485691021	34200	44175	POSITIVE	true
GIMME	training_samples=setx1,setx3	directional_entropy3	non_tie_pair_fraction	0.52279975148763813	78375	0	POSITIVE	true
GIMME	training_samples=setx1,setx3	dominant_sign_mass	directionally_useful_fraction	-0.71094470425378775	34200	44175	NEGATIVE	true
GIMME	training_samples=setx1,setx3	dominant_sign_mass	mean_information_advantage	-0.13538822612155083	34200	44175	NEGATIVE	true
GIMME	training_samples=setx1,setx3	dominant_sign_mass	mean_correct_gain	-0.11038189586144523	34200	44175	NEGATIVE	true
GIMME	training_samples=setx1,setx3	dominant_sign_mass	non_tie_pair_fraction	-0.40375213906095797	78375	0	NEGATIVE	true
GIMME	training_samples=setx1,setx3	n_supported_sign_states	directionally_useful_fraction	0.56842855637155898	34200	44175	POSITIVE	true
GIMME	training_samples=setx1,setx3	n_supported_sign_states	mean_information_advantage	0.097178659527752204	34200	44175	POSITIVE	true
GIMME	training_samples=setx1,setx3	n_supported_sign_states	mean_correct_gain	0.086597571899522663	34200	44175	POSITIVE	true
GIMME	training_samples=setx1,setx3	n_supported_sign_states	non_tie_pair_fraction	0.52608390299251506	78375	0	POSITIVE	true
GIMME	training_samples=setx1,setx3	anchor_width80_contraction	directionally_useful_fraction	-0.17821770798809758	34200	44175	NEGATIVE	true
GIMME	training_samples=setx1,setx3	anchor_width80_contraction	mean_information_advantage	-0.055769337267894452	34200	44175	NEGATIVE	true
GIMME	training_samples=setx1,setx3	anchor_width80_contraction	mean_correct_gain	-0.065973417642416821	34200	44175	NEGATIVE	true
GIMME	training_samples=setx1,setx3	anchor_width80_contraction	non_tie_pair_fraction	nan	34200	44175	UNDEFINED	false
GIMME	training_samples=setx1,setx3	joint_ess	directionally_useful_fraction	0.11473082484908442	34200	44175	POSITIVE	true
GIMME	training_samples=setx1,setx3	joint_ess	mean_information_advantage	0.038109391813836137	34200	44175	POSITIVE	true
GIMME	training_samples=setx1,setx3	joint_ess	mean_correct_gain	0.050361320288736217	34200	44175	POSITIVE	true
GIMME	training_samples=setx1,setx3	joint_ess	non_tie_pair_fraction	0	78375	0	ZERO	false
GIMME	training_samples=setx1,setx3	abs_delta_anchor_target_correlation	directionally_useful_fraction	0.027468680421791097	25039	53336	POSITIVE	true
GIMME	training_samples=setx1,setx3	abs_delta_anchor_target_correlation	mean_information_advantage	0.022985963239950651	25039	53336	POSITIVE	true
GIMME	training_samples=setx1,setx3	abs_delta_anchor_target_correlation	mean_correct_gain	0.18871411975497829	25039	53336	POSITIVE	true
GIMME	training_samples=setx1,setx3	abs_delta_anchor_target_correlation	non_tie_pair_fraction	nan	25039	53336	UNDEFINED	false
GIMME	training_samples=setx2,setx3	sign_magnitude_eta2	directionally_useful_fraction	0.69894857578551672	17966	29059	POSITIVE	true
GIMME	training_samples=setx2,setx3	sign_magnitude_eta2	mean_information_advantage	0.17824376640369788	17966	29059	POSITIVE	true
GIMME	training_samples=setx2,setx3	sign_magnitude_eta2	mean_correct_gain	0.16626450096491471	17966	29059	POSITIVE	true
GIMME	training_samples=setx2,setx3	sign_magnitude_eta2	non_tie_pair_fraction	nan	17966	29059	UNDEFINED	false
GIMME	training_samples=setx2,setx3	sign_magnitude_correlation	directionally_useful_fraction	-0.015779822084979314	11129	35896	NEGATIVE	true
GIMME	training_samples=setx2,setx3	sign_magnitude_correlation	mean_information_advantage	-0.028136701708376323	11129	35896	NEGATIVE	true
GIMME	training_samples=setx2,setx3	sign_magnitude_correlation	mean_correct_gain	-0.018587265673125623	11129	35896	NEGATIVE	true
GIMME	training_samples=setx2,setx3	sign_magnitude_correlation	non_tie_pair_fraction	nan	11129	35896	UNDEFINED	false
GIMME	training_samples=setx2,setx3	directional_entropy3	directionally_useful_fraction	0.68506115649792032	20220	26805	POSITIVE	true
GIMME	training_samples=setx2,setx3	directional_entropy3	mean_information_advantage	0.16835815854876213	20220	26805	POSITIVE	true
GIMME	training_samples=setx2,setx3	directional_entropy3	mean_correct_gain	0.14462398109434296	20220	26805	POSITIVE	true
GIMME	training_samples=setx2,setx3	directional_entropy3	non_tie_pair_fraction	0.78400014882675362	47025	0	POSITIVE	true
GIMME	training_samples=setx2,setx3	dominant_sign_mass	directionally_useful_fraction	-0.68419898386915035	20220	26805	NEGATIVE	true
GIMME	training_samples=setx2,setx3	dominant_sign_mass	mean_information_advantage	-0.16240881993671616	20220	26805	NEGATIVE	true
GIMME	training_samples=setx2,setx3	dominant_sign_mass	mean_correct_gain	-0.14556708570440119	20220	26805	NEGATIVE	true
GIMME	training_samples=setx2,setx3	dominant_sign_mass	non_tie_pair_fraction	-0.6007898346781273	47025	0	NEGATIVE	true
GIMME	training_samples=setx2,setx3	n_supported_sign_states	directionally_useful_fraction	0.44182397039305937	20220	26805	POSITIVE	true
GIMME	training_samples=setx2,setx3	n_supported_sign_states	mean_information_advantage	0.0810314998557152	20220	26805	POSITIVE	true
GIMME	training_samples=setx2,setx3	n_supported_sign_states	mean_correct_gain	0.064920940017817244	20220	26805	POSITIVE	true
GIMME	training_samples=setx2,setx3	n_supported_sign_states	non_tie_pair_fraction	0.82821105686431062	47025	0	POSITIVE	true
GIMME	training_samples=setx2,setx3	anchor_width80_contraction	directionally_useful_fraction	-0.21535984746329614	20220	26805	NEGATIVE	true
GIMME	training_samples=setx2,setx3	anchor_width80_contraction	mean_information_advantage	-0.15024898765844344	20220	26805	NEGATIVE	true
GIMME	training_samples=setx2,setx3	anchor_width80_contraction	mean_correct_gain	-0.17928919331270332	20220	26805	NEGATIVE	true
GIMME	training_samples=setx2,setx3	anchor_width80_contraction	non_tie_pair_fraction	nan	20220	26805	UNDEFINED	false
GIMME	training_samples=setx2,setx3	joint_ess	directionally_useful_fraction	0.1783286859145137	20220	26805	POSITIVE	true
GIMME	training_samples=setx2,setx3	joint_ess	mean_information_advantage	0.12208453567383094	20220	26805	POSITIVE	true
GIMME	training_samples=setx2,setx3	joint_ess	mean_correct_gain	0.14255880273465715	20220	26805	POSITIVE	true
GIMME	training_samples=setx2,setx3	joint_ess	non_tie_pair_fraction	0	47025	0	ZERO	false
GIMME	training_samples=setx2,setx3	abs_delta_anchor_target_correlation	directionally_useful_fraction	-0.0784705201306449	17966	29059	NEGATIVE	false
GIMME	training_samples=setx2,setx3	abs_delta_anchor_target_correlation	mean_information_advantage	-0.006142581662244467	17966	29059	NEGATIVE	false
GIMME	training_samples=setx2,setx3	abs_delta_anchor_target_correlation	mean_correct_gain	0.039030243445494051	17966	29059	POSITIVE	true
GIMME	training_samples=setx2,setx3	abs_delta_anchor_target_correlation	non_tie_pair_fraction	nan	17966	29059	UNDEFINED	false
RIPTiDe	training_samples=setx1,setx2	sign_magnitude_eta2	directionally_useful_fraction	0.81975125565891016	2225	76150	POSITIVE	true
RIPTiDe	training_samples=setx1,setx2	sign_magnitude_eta2	mean_information_advantage	0.31140612007751156	2225	76150	POSITIVE	true
RIPTiDe	training_samples=setx1,setx2	sign_magnitude_eta2	mean_correct_gain	0.22577889583575486	2225	76150	POSITIVE	true
RIPTiDe	training_samples=setx1,setx2	sign_magnitude_eta2	non_tie_pair_fraction	-0.15077266225375877	2225	76150	NEGATIVE	true
RIPTiDe	training_samples=setx1,setx2	sign_magnitude_correlation	directionally_useful_fraction	0.23992292911165378	869	77506	POSITIVE	false
RIPTiDe	training_samples=setx1,setx2	sign_magnitude_correlation	mean_information_advantage	0.31671835367823803	869	77506	POSITIVE	false
RIPTiDe	training_samples=setx1,setx2	sign_magnitude_correlation	mean_correct_gain	0.30493780191234682	869	77506	POSITIVE	false
RIPTiDe	training_samples=setx1,setx2	sign_magnitude_correlation	non_tie_pair_fraction	-0.021132389640730082	869	77506	NEGATIVE	false
RIPTiDe	training_samples=setx1,setx2	directional_entropy3	directionally_useful_fraction	0.71470515357586306	4675	73700	POSITIVE	true
RIPTiDe	training_samples=setx1,setx2	directional_entropy3	mean_information_advantage	0.12972280332228875	4675	73700	POSITIVE	true
RIPTiDe	training_samples=setx1,setx2	directional_entropy3	mean_correct_gain	0.080880297825718706	4675	73700	POSITIVE	true
RIPTiDe	training_samples=setx1,setx2	directional_entropy3	non_tie_pair_fraction	0.91084167540678629	78375	0	POSITIVE	true
RIPTiDe	training_samples=setx1,setx2	dominant_sign_mass	directionally_useful_fraction	-0.78719457303381035	4675	73700	NEGATIVE	true
RIPTiDe	training_samples=setx1,setx2	dominant_sign_mass	mean_information_advantage	-0.14861777472919202	4675	73700	NEGATIVE	true
RIPTiDe	training_samples=setx1,setx2	dominant_sign_mass	mean_correct_gain	-0.096994721062256081	4675	73700	NEGATIVE	true
RIPTiDe	training_samples=setx1,setx2	dominant_sign_mass	non_tie_pair_fraction	-0.64750995262128586	78375	0	NEGATIVE	true
RIPTiDe	training_samples=setx1,setx2	n_supported_sign_states	directionally_useful_fraction	0.26692511020696025	4675	73700	POSITIVE	true
RIPTiDe	training_samples=setx1,setx2	n_supported_sign_states	mean_information_advantage	0.092541311180090388	4675	73700	POSITIVE	true
RIPTiDe	training_samples=setx1,setx2	n_supported_sign_states	mean_correct_gain	0.039195772739262773	4675	73700	POSITIVE	true
RIPTiDe	training_samples=setx1,setx2	n_supported_sign_states	non_tie_pair_fraction	0.91131446326806809	78375	0	POSITIVE	true
RIPTiDe	training_samples=setx1,setx2	anchor_width80_contraction	directionally_useful_fraction	-0.61062400610846246	4675	73700	NEGATIVE	true
RIPTiDe	training_samples=setx1,setx2	anchor_width80_contraction	mean_information_advantage	-0.035077602680223655	4675	73700	NEGATIVE	true
RIPTiDe	training_samples=setx1,setx2	anchor_width80_contraction	mean_correct_gain	0.017721881991780743	4675	73700	POSITIVE	false
RIPTiDe	training_samples=setx1,setx2	anchor_width80_contraction	non_tie_pair_fraction	-0.02738266066356887	4675	73700	NEGATIVE	true
RIPTiDe	training_samples=setx1,setx2	joint_ess	directionally_useful_fraction	0.39934054186414603	4675	73700	POSITIVE	true
RIPTiDe	training_samples=setx1,setx2	joint_ess	mean_information_advantage	0.095821032481824941	4675	73700	POSITIVE	true
RIPTiDe	training_samples=setx1,setx2	joint_ess	mean_correct_gain	-0.031745108473916643	4675	73700	NEGATIVE	false
RIPTiDe	training_samples=setx1,setx2	joint_ess	non_tie_pair_fraction	0	78375	0	ZERO	false
RIPTiDe	training_samples=setx1,setx2	abs_delta_anchor_target_correlation	directionally_useful_fraction	-0.074075052626598623	2087	76288	NEGATIVE	false
RIPTiDe	training_samples=setx1,setx2	abs_delta_anchor_target_correlation	mean_information_advantage	-0.26359356375309695	2087	76288	NEGATIVE	false
RIPTiDe	training_samples=setx1,setx2	abs_delta_anchor_target_correlation	mean_correct_gain	-0.21358186203925561	2087	76288	NEGATIVE	false
RIPTiDe	training_samples=setx1,setx2	abs_delta_anchor_target_correlation	non_tie_pair_fraction	-0.017911565011459629	2087	76288	NEGATIVE	false
RIPTiDe	training_samples=setx1,setx2,setx3	sign_magnitude_eta2	directionally_useful_fraction	0.67145491173846727	2490	60210	POSITIVE	true
RIPTiDe	training_samples=setx1,setx2,setx3	sign_magnitude_eta2	mean_information_advantage	-0.17906114886737115	2490	60210	NEGATIVE	false
RIPTiDe	training_samples=setx1,setx2,setx3	sign_magnitude_eta2	mean_correct_gain	-0.20089891518505562	2490	60210	NEGATIVE	false
RIPTiDe	training_samples=setx1,setx2,setx3	sign_magnitude_eta2	non_tie_pair_fraction	-0.2586370311330683	2498	60202	NEGATIVE	true
RIPTiDe	training_samples=setx1,setx2,setx3	sign_magnitude_correlation	directionally_useful_fraction	0.17748891735758374	562	62138	POSITIVE	false
RIPTiDe	training_samples=setx1,setx2,setx3	sign_magnitude_correlation	mean_information_advantage	0.19044122415990686	562	62138	POSITIVE	false
RIPTiDe	training_samples=setx1,setx2,setx3	sign_magnitude_correlation	mean_correct_gain	0.15511141094987604	562	62138	POSITIVE	false
RIPTiDe	training_samples=setx1,setx2,setx3	sign_magnitude_correlation	non_tie_pair_fraction	0.2117787234097494	570	62130	POSITIVE	true
RIPTiDe	training_samples=setx1,setx2,setx3	directional_entropy3	directionally_useful_fraction	0.67211682960377661	4352	58348	POSITIVE	true
RIPTiDe	training_samples=setx1,setx2,setx3	directional_entropy3	mean_information_advantage	-0.1606330536506414	4352	58348	NEGATIVE	false
RIPTiDe	training_samples=setx1,setx2,setx3	directional_entropy3	mean_correct_gain	-0.17388742970242485	4352	58348	NEGATIVE	false
RIPTiDe	training_samples=setx1,setx2,setx3	directional_entropy3	non_tie_pair_fraction	0.41681465455736871	62700	0	POSITIVE	true
RIPTiDe	training_samples=setx1,setx2,setx3	dominant_sign_mass	directionally_useful_fraction	-0.59727161184840871	4352	58348	NEGATIVE	true
RIPTiDe	training_samples=setx1,setx2,setx3	dominant_sign_mass	mean_information_advantage	0.13703376533073872	4352	58348	POSITIVE	false
RIPTiDe	training_samples=setx1,setx2,setx3	dominant_sign_mass	mean_correct_gain	0.14397095227238396	4352	58348	POSITIVE	false
RIPTiDe	training_samples=setx1,setx2,setx3	dominant_sign_mass	non_tie_pair_fraction	-0.096185171082274631	62700	0	NEGATIVE	true
RIPTiDe	training_samples=setx1,setx2,setx3	n_supported_sign_states	directionally_useful_fraction	0.57971429606447145	4352	58348	POSITIVE	true
RIPTiDe	training_samples=setx1,setx2,setx3	n_supported_sign_states	mean_information_advantage	-0.10380543759907135	4352	58348	NEGATIVE	false
RIPTiDe	training_samples=setx1,setx2,setx3	n_supported_sign_states	mean_correct_gain	-0.16635542654849136	4352	58348	NEGATIVE	false
RIPTiDe	training_samples=setx1,setx2,setx3	n_supported_sign_states	non_tie_pair_fraction	0.47977076537905317	62700	0	POSITIVE	true
RIPTiDe	training_samples=setx1,setx2,setx3	anchor_width80_contraction	directionally_useful_fraction	-0.19532996532383934	4352	58348	NEGATIVE	true
RIPTiDe	training_samples=setx1,setx2,setx3	anchor_width80_contraction	mean_information_advantage	0.0096738735408087601	4352	58348	POSITIVE	false
RIPTiDe	training_samples=setx1,setx2,setx3	anchor_width80_contraction	mean_correct_gain	0.02295514987750541	4352	58348	POSITIVE	false
RIPTiDe	training_samples=setx1,setx2,setx3	anchor_width80_contraction	non_tie_pair_fraction	0.1200006412602882	4360	58340	POSITIVE	false
RIPTiDe	training_samples=setx1,setx2,setx3	joint_ess	directionally_useful_fraction	0.16134599158115001	4352	58348	POSITIVE	true
RIPTiDe	training_samples=setx1,setx2,setx3	joint_ess	mean_information_advantage	-0.032087646347669231	4352	58348	NEGATIVE	false
RIPTiDe	training_samples=setx1,setx2,setx3	joint_ess	mean_correct_gain	-0.076984760005094049	4352	58348	NEGATIVE	false
RIPTiDe	training_samples=setx1,setx2,setx3	joint_ess	non_tie_pair_fraction	0.00018403186528770358	62700	0	POSITIVE	false
RIPTiDe	training_samples=setx1,setx2,setx3	abs_delta_anchor_target_correlation	directionally_useful_fraction	-0.21544745643514451	2332	60368	NEGATIVE	false
RIPTiDe	training_samples=setx1,setx2,setx3	abs_delta_anchor_target_correlation	mean_information_advantage	0.015515102986316901	2332	60368	POSITIVE	true
RIPTiDe	training_samples=setx1,setx2,setx3	abs_delta_anchor_target_correlation	mean_correct_gain	0.13932611769343459	2332	60368	POSITIVE	true
RIPTiDe	training_samples=setx1,setx2,setx3	abs_delta_anchor_target_correlation	non_tie_pair_fraction	0.12387348468792496	2338	60362	POSITIVE	true
RIPTiDe	training_samples=setx1,setx3	sign_magnitude_eta2	directionally_useful_fraction	0.8090617562961081	1786	76589	POSITIVE	true
RIPTiDe	training_samples=setx1,setx3	sign_magnitude_eta2	mean_information_advantage	0.60552835484650491	1786	76589	POSITIVE	true
RIPTiDe	training_samples=setx1,setx3	sign_magnitude_eta2	mean_correct_gain	0.5676040766458913	1786	76589	POSITIVE	true
RIPTiDe	training_samples=setx1,setx3	sign_magnitude_eta2	non_tie_pair_fraction	nan	1786	76589	UNDEFINED	false
RIPTiDe	training_samples=setx1,setx3	sign_magnitude_correlation	directionally_useful_fraction	-0.20725820729631778	878	77497	NEGATIVE	true
RIPTiDe	training_samples=setx1,setx3	sign_magnitude_correlation	mean_information_advantage	0.11943097232639414	878	77497	POSITIVE	false
RIPTiDe	training_samples=setx1,setx3	sign_magnitude_correlation	mean_correct_gain	0.10434341594589622	878	77497	POSITIVE	false
RIPTiDe	training_samples=setx1,setx3	sign_magnitude_correlation	non_tie_pair_fraction	nan	878	77497	UNDEFINED	false
RIPTiDe	training_samples=setx1,setx3	directional_entropy3	directionally_useful_fraction	0.7619151323406731	4575	73800	POSITIVE	true
RIPTiDe	training_samples=setx1,setx3	directional_entropy3	mean_information_advantage	0.60145216302662341	4575	73800	POSITIVE	true
RIPTiDe	training_samples=setx1,setx3	directional_entropy3	mean_correct_gain	0.51283358389656619	4575	73800	POSITIVE	true
RIPTiDe	training_samples=setx1,setx3	directional_entropy3	non_tie_pair_fraction	0.92424463572138538	78375	0	POSITIVE	true
RIPTiDe	training_samples=setx1,setx3	dominant_sign_mass	directionally_useful_fraction	-0.85576646005929646	4575	73800	NEGATIVE	true
RIPTiDe	training_samples=setx1,setx3	dominant_sign_mass	mean_information_advantage	-0.61287169351996851	4575	73800	NEGATIVE	true
RIPTiDe	training_samples=setx1,setx3	dominant_sign_mass	mean_correct_gain	-0.56263504164195399	4575	73800	NEGATIVE	true
RIPTiDe	training_samples=setx1,setx3	dominant_sign_mass	non_tie_pair_fraction	-0.27552484486440537	78375	0	NEGATIVE	true
RIPTiDe	training_samples=setx1,setx3	n_supported_sign_states	directionally_useful_fraction	0.22604747523874663	4575	73800	POSITIVE	true
RIPTiDe	training_samples=setx1,setx3	n_supported_sign_states	mean_information_advantage	0.21413912811231312	4575	73800	POSITIVE	true
RIPTiDe	training_samples=setx1,setx3	n_supported_sign_states	mean_correct_gain	0.20331307858139244	4575	73800	POSITIVE	true
RIPTiDe	training_samples=setx1,setx3	n_supported_sign_states	non_tie_pair_fraction	0.92439758418885087	78375	0	POSITIVE	true
RIPTiDe	training_samples=setx1,setx3	anchor_width80_contraction	directionally_useful_fraction	-0.69435913081276834	4575	73800	NEGATIVE	true
RIPTiDe	training_samples=setx1,setx3	anchor_width80_contraction	mean_information_advantage	-0.59654389586318024	4575	73800	NEGATIVE	true
RIPTiDe	training_samples=setx1,setx3	anchor_width80_contraction	mean_correct_gain	-0.52353511422346988	4575	73800	NEGATIVE	true
RIPTiDe	training_samples=setx1,setx3	anchor_width80_contraction	non_tie_pair_fraction	-0.13635331658218844	4675	73700	NEGATIVE	true
RIPTiDe	training_samples=setx1,setx3	joint_ess	directionally_useful_fraction	0.60690670338022501	4575	73800	POSITIVE	true
RIPTiDe	training_samples=setx1,setx3	joint_ess	mean_information_advantage	0.56115164992641875	4575	73800	POSITIVE	true
RIPTiDe	training_samples=setx1,setx3	joint_ess	mean_correct_gain	0.47800719386697527	4575	73800	POSITIVE	true
RIPTiDe	training_samples=setx1,setx3	joint_ess	non_tie_pair_fraction	0.0018867510777529186	78375	0	POSITIVE	false
RIPTiDe	training_samples=setx1,setx3	abs_delta_anchor_target_correlation	directionally_useful_fraction	0.062902099361888383	1500	76875	POSITIVE	true
RIPTiDe	training_samples=setx1,setx3	abs_delta_anchor_target_correlation	mean_information_advantage	-0.014184543203096988	1500	76875	NEGATIVE	false
RIPTiDe	training_samples=setx1,setx3	abs_delta_anchor_target_correlation	mean_correct_gain	-0.033831624282748621	1500	76875	NEGATIVE	false
RIPTiDe	training_samples=setx1,setx3	abs_delta_anchor_target_correlation	non_tie_pair_fraction	nan	1500	76875	UNDEFINED	false
RIPTiDe	training_samples=setx2,setx3	sign_magnitude_eta2	directionally_useful_fraction	0.497023715994931	2988	75387	POSITIVE	true
RIPTiDe	training_samples=setx2,setx3	sign_magnitude_eta2	mean_information_advantage	-0.0044550751392994064	2988	75387	NEGATIVE	false
RIPTiDe	training_samples=setx2,setx3	sign_magnitude_eta2	mean_correct_gain	-0.027110466093682384	2988	75387	NEGATIVE	false
RIPTiDe	training_samples=setx2,setx3	sign_magnitude_eta2	non_tie_pair_fraction	-0.25778958014712611	2988	75387	NEGATIVE	true
RIPTiDe	training_samples=setx2,setx3	sign_magnitude_correlation	directionally_useful_fraction	-0.34839220883722316	157	78218	NEGATIVE	true
RIPTiDe	training_samples=setx2,setx3	sign_magnitude_correlation	mean_information_advantage	-0.34321670248827002	157	78218	NEGATIVE	true
RIPTiDe	training_samples=setx2,setx3	sign_magnitude_correlation	mean_correct_gain	-0.33788224637239778	157	78218	NEGATIVE	true
RIPTiDe	training_samples=setx2,setx3	sign_magnitude_correlation	non_tie_pair_fraction	0.38211885747437718	157	78218	POSITIVE	true
RIPTiDe	training_samples=setx2,setx3	directional_entropy3	directionally_useful_fraction	0.7949408425837593	5250	73125	POSITIVE	true
RIPTiDe	training_samples=setx2,setx3	directional_entropy3	mean_information_advantage	-0.053304684282652531	5250	73125	NEGATIVE	false
RIPTiDe	training_samples=setx2,setx3	directional_entropy3	mean_correct_gain	-0.047392584614992642	5250	73125	NEGATIVE	false
RIPTiDe	training_samples=setx2,setx3	directional_entropy3	non_tie_pair_fraction	0.17444466842711173	78375	0	POSITIVE	true
RIPTiDe	training_samples=setx2,setx3	dominant_sign_mass	directionally_useful_fraction	-0.40180691152937276	5250	73125	NEGATIVE	true
RIPTiDe	training_samples=setx2,setx3	dominant_sign_mass	mean_information_advantage	0.046002410654613746	5250	73125	POSITIVE	false
RIPTiDe	training_samples=setx2,setx3	dominant_sign_mass	mean_correct_gain	0.085410874289624392	5250	73125	POSITIVE	false
RIPTiDe	training_samples=setx2,setx3	dominant_sign_mass	non_tie_pair_fraction	-0.023138863446309329	78375	0	NEGATIVE	true
RIPTiDe	training_samples=setx2,setx3	n_supported_sign_states	directionally_useful_fraction	0.79109867305196446	5250	73125	POSITIVE	true
RIPTiDe	training_samples=setx2,setx3	n_supported_sign_states	mean_information_advantage	-0.054392335865585062	5250	73125	NEGATIVE	false
RIPTiDe	training_samples=setx2,setx3	n_supported_sign_states	mean_correct_gain	-0.048339575059422435	5250	73125	NEGATIVE	false
RIPTiDe	training_samples=setx2,setx3	n_supported_sign_states	non_tie_pair_fraction	0.17444825165403272	78375	0	POSITIVE	true
RIPTiDe	training_samples=setx2,setx3	anchor_width80_contraction	directionally_useful_fraction	-0.054237298493661282	5250	73125	NEGATIVE	true
RIPTiDe	training_samples=setx2,setx3	anchor_width80_contraction	mean_information_advantage	-0.049675386996822862	5250	73125	NEGATIVE	true
RIPTiDe	training_samples=setx2,setx3	anchor_width80_contraction	mean_correct_gain	-0.036433382752673993	5250	73125	NEGATIVE	true
RIPTiDe	training_samples=setx2,setx3	anchor_width80_contraction	non_tie_pair_fraction	0.051762109823537066	5250	73125	POSITIVE	false
RIPTiDe	training_samples=setx2,setx3	joint_ess	directionally_useful_fraction	0.035813559086299254	5250	73125	POSITIVE	true
RIPTiDe	training_samples=setx2,setx3	joint_ess	mean_information_advantage	0.083260198818539272	5250	73125	POSITIVE	true
RIPTiDe	training_samples=setx2,setx3	joint_ess	mean_correct_gain	-0.010608011737260318	5250	73125	NEGATIVE	false
RIPTiDe	training_samples=setx2,setx3	joint_ess	non_tie_pair_fraction	-4.4397657843070472e-05	78375	0	NEGATIVE	true
RIPTiDe	training_samples=setx2,setx3	abs_delta_anchor_target_correlation	directionally_useful_fraction	-0.090464043169579317	2988	75387	NEGATIVE	false
RIPTiDe	training_samples=setx2,setx3	abs_delta_anchor_target_correlation	mean_information_advantage	0.053822796253341167	2988	75387	POSITIVE	true
RIPTiDe	training_samples=setx2,setx3	abs_delta_anchor_target_correlation	mean_correct_gain	-0.20966622838290874	2988	75387	NEGATIVE	false
RIPTiDe	training_samples=setx2,setx3	abs_delta_anchor_target_correlation	non_tie_pair_fraction	0.04101790475432112	2988	75387	POSITIVE	true
iMAT	training_samples=setx1,setx2	sign_magnitude_eta2	directionally_useful_fraction	0.61447337524432277	32927	29773	POSITIVE	true
iMAT	training_samples=setx1,setx2	sign_magnitude_eta2	mean_information_advantage	0.11006763342851066	32927	29773	POSITIVE	true
iMAT	training_samples=setx1,setx2	sign_magnitude_eta2	mean_correct_gain	0.10299201535211	32927	29773	POSITIVE	true
iMAT	training_samples=setx1,setx2	sign_magnitude_eta2	non_tie_pair_fraction	nan	32927	29773	UNDEFINED	false
iMAT	training_samples=setx1,setx2	sign_magnitude_correlation	directionally_useful_fraction	-0.084776088238403421	8479	54221	NEGATIVE	true
iMAT	training_samples=setx1,setx2	sign_magnitude_correlation	mean_information_advantage	-0.051826376841363701	8479	54221	NEGATIVE	true
iMAT	training_samples=setx1,setx2	sign_magnitude_correlation	mean_correct_gain	-0.042984929214528865	8479	54221	NEGATIVE	true
iMAT	training_samples=setx1,setx2	sign_magnitude_correlation	non_tie_pair_fraction	nan	8479	54221	UNDEFINED	false
iMAT	training_samples=setx1,setx2	directional_entropy3	directionally_useful_fraction	0.61714586392315551	35160	27540	POSITIVE	true
iMAT	training_samples=setx1,setx2	directional_entropy3	mean_information_advantage	0.08746708645778857	35160	27540	POSITIVE	true
iMAT	training_samples=setx1,setx2	directional_entropy3	mean_correct_gain	0.094050263403437806	35160	27540	POSITIVE	true
iMAT	training_samples=setx1,setx2	directional_entropy3	non_tie_pair_fraction	0.56146941482109058	62700	0	POSITIVE	true
iMAT	training_samples=setx1,setx2	dominant_sign_mass	directionally_useful_fraction	-0.6706962902046838	35160	27540	NEGATIVE	true
iMAT	training_samples=setx1,setx2	dominant_sign_mass	mean_information_advantage	-0.100024716108987	35160	27540	NEGATIVE	true
iMAT	training_samples=setx1,setx2	dominant_sign_mass	mean_correct_gain	-0.081558079367159267	35160	27540	NEGATIVE	true
iMAT	training_samples=setx1,setx2	dominant_sign_mass	non_tie_pair_fraction	-0.26174924123792342	62700	0	NEGATIVE	true
iMAT	training_samples=setx1,setx2	n_supported_sign_states	directionally_useful_fraction	0.39273971507162192	35160	27540	POSITIVE	true
iMAT	training_samples=setx1,setx2	n_supported_sign_states	mean_information_advantage	0.041412001230195478	35160	27540	POSITIVE	true
iMAT	training_samples=setx1,setx2	n_supported_sign_states	mean_correct_gain	0.052698658364764582	35160	27540	POSITIVE	true
iMAT	training_samples=setx1,setx2	n_supported_sign_states	non_tie_pair_fraction	0.59412425949424053	62700	0	POSITIVE	true
iMAT	training_samples=setx1,setx2	anchor_width80_contraction	directionally_useful_fraction	-0.22857973507554141	35160	27540	NEGATIVE	true
iMAT	training_samples=setx1,setx2	anchor_width80_contraction	mean_information_advantage	-0.060861972275984944	35160	27540	NEGATIVE	true
iMAT	training_samples=setx1,setx2	anchor_width80_contraction	mean_correct_gain	-0.041118047499157401	35160	27540	NEGATIVE	true
iMAT	training_samples=setx1,setx2	anchor_width80_contraction	non_tie_pair_fraction	nan	35160	27540	UNDEFINED	false
iMAT	training_samples=setx1,setx2	joint_ess	directionally_useful_fraction	0.20604671401928176	35160	27540	POSITIVE	true
iMAT	training_samples=setx1,setx2	joint_ess	mean_information_advantage	0.031454068174209066	35160	27540	POSITIVE	true
iMAT	training_samples=setx1,setx2	joint_ess	mean_correct_gain	0.0033520065920026282	35160	27540	POSITIVE	true
iMAT	training_samples=setx1,setx2	joint_ess	non_tie_pair_fraction	0	62700	0	ZERO	false
iMAT	training_samples=setx1,setx2	abs_delta_anchor_target_correlation	directionally_useful_fraction	0.019148026871793487	32927	29773	POSITIVE	true
iMAT	training_samples=setx1,setx2	abs_delta_anchor_target_correlation	mean_information_advantage	-0.0080776814499954296	32927	29773	NEGATIVE	false
iMAT	training_samples=setx1,setx2	abs_delta_anchor_target_correlation	mean_correct_gain	0.069177620995262507	32927	29773	POSITIVE	true
iMAT	training_samples=setx1,setx2	abs_delta_anchor_target_correlation	non_tie_pair_fraction	nan	32927	29773	UNDEFINED	false
iMAT	training_samples=setx1,setx2,setx3	sign_magnitude_eta2	directionally_useful_fraction	0.67812619811997998	36828	41547	POSITIVE	true
iMAT	training_samples=setx1,setx2,setx3	sign_magnitude_eta2	mean_information_advantage	0.11591833185846993	36828	41547	POSITIVE	true
iMAT	training_samples=setx1,setx2,setx3	sign_magnitude_eta2	mean_correct_gain	0.093632333782934243	36828	41547	POSITIVE	true
iMAT	training_samples=setx1,setx2,setx3	sign_magnitude_eta2	non_tie_pair_fraction	nan	36828	41547	UNDEFINED	false
iMAT	training_samples=setx1,setx2,setx3	sign_magnitude_correlation	directionally_useful_fraction	-0.022366650529013748	13320	65055	NEGATIVE	true
iMAT	training_samples=setx1,setx2,setx3	sign_magnitude_correlation	mean_information_advantage	-0.0048342604691831133	13320	65055	NEGATIVE	true
iMAT	training_samples=setx1,setx2,setx3	sign_magnitude_correlation	mean_correct_gain	-0.0043919949491092744	13320	65055	NEGATIVE	true
iMAT	training_samples=setx1,setx2,setx3	sign_magnitude_correlation	non_tie_pair_fraction	nan	13320	65055	UNDEFINED	false
iMAT	training_samples=setx1,setx2,setx3	directional_entropy3	directionally_useful_fraction	0.67122014064898816	44000	34375	POSITIVE	true
iMAT	training_samples=setx1,setx2,setx3	directional_entropy3	mean_information_advantage	0.079566701315723978	44000	34375	POSITIVE	true
iMAT	training_samples=setx1,setx2,setx3	directional_entropy3	mean_correct_gain	0.057937715565388563	44000	34375	POSITIVE	true
iMAT	training_samples=setx1,setx2,setx3	directional_entropy3	non_tie_pair_fraction	0.57966563701873441	78375	0	POSITIVE	true
iMAT	training_samples=setx1,setx2,setx3	dominant_sign_mass	directionally_useful_fraction	-0.70228201689556169	44000	34375	NEGATIVE	true
iMAT	training_samples=setx1,setx2,setx3	dominant_sign_mass	mean_information_advantage	-0.08803758183212447	44000	34375	NEGATIVE	true
iMAT	training_samples=setx1,setx2,setx3	dominant_sign_mass	mean_correct_gain	-0.057355991926243736	44000	34375	NEGATIVE	true
iMAT	training_samples=setx1,setx2,setx3	dominant_sign_mass	non_tie_pair_fraction	-0.41034028784330645	78375	0	NEGATIVE	true
iMAT	training_samples=setx1,setx2,setx3	n_supported_sign_states	directionally_useful_fraction	0.49643715836347913	44000	34375	POSITIVE	true
iMAT	training_samples=setx1,setx2,setx3	n_supported_sign_states	mean_information_advantage	0.03494090056350288	44000	34375	POSITIVE	true
iMAT	training_samples=setx1,setx2,setx3	n_supported_sign_states	mean_correct_gain	0.025879425828957275	44000	34375	POSITIVE	true
iMAT	training_samples=setx1,setx2,setx3	n_supported_sign_states	non_tie_pair_fraction	0.59301055372391642	78375	0	POSITIVE	true
iMAT	training_samples=setx1,setx2,setx3	anchor_width80_contraction	directionally_useful_fraction	-0.22810654091553198	44000	34375	NEGATIVE	true
iMAT	training_samples=setx1,setx2,setx3	anchor_width80_contraction	mean_information_advantage	-0.022273224433007843	44000	34375	NEGATIVE	true
iMAT	training_samples=setx1,setx2,setx3	anchor_width80_contraction	mean_correct_gain	0.0069148022325847495	44000	34375	POSITIVE	false
iMAT	training_samples=setx1,setx2,setx3	anchor_width80_contraction	non_tie_pair_fraction	nan	44000	34375	UNDEFINED	false
iMAT	training_samples=setx1,setx2,setx3	joint_ess	directionally_useful_fraction	0.17144570190603334	44000	34375	POSITIVE	true
iMAT	training_samples=setx1,setx2,setx3	joint_ess	mean_information_advantage	0.026542663605290232	44000	34375	POSITIVE	true
iMAT	training_samples=setx1,setx2,setx3	joint_ess	mean_correct_gain	0.0016900466878434636	44000	34375	POSITIVE	true
iMAT	training_samples=setx1,setx2,setx3	joint_ess	non_tie_pair_fraction	0	78375	0	ZERO	false
iMAT	training_samples=setx1,setx2,setx3	abs_delta_anchor_target_correlation	directionally_useful_fraction	-0.019996853911127602	36299	42076	NEGATIVE	false
iMAT	training_samples=setx1,setx2,setx3	abs_delta_anchor_target_correlation	mean_information_advantage	0.015141134678225946	36299	42076	POSITIVE	true
iMAT	training_samples=setx1,setx2,setx3	abs_delta_anchor_target_correlation	mean_correct_gain	0.038760977338622625	36299	42076	POSITIVE	true
iMAT	training_samples=setx1,setx2,setx3	abs_delta_anchor_target_correlation	non_tie_pair_fraction	nan	36299	42076	UNDEFINED	false
iMAT	training_samples=setx1,setx3	sign_magnitude_eta2	directionally_useful_fraction	0.5706698885442264	39868	38507	POSITIVE	true
iMAT	training_samples=setx1,setx3	sign_magnitude_eta2	mean_information_advantage	0.033223210022580239	39868	38507	POSITIVE	true
iMAT	training_samples=setx1,setx3	sign_magnitude_eta2	mean_correct_gain	0.0089217256977645286	39868	38507	POSITIVE	true
iMAT	training_samples=setx1,setx3	sign_magnitude_eta2	non_tie_pair_fraction	nan	39868	38507	UNDEFINED	false
iMAT	training_samples=setx1,setx3	sign_magnitude_correlation	directionally_useful_fraction	-0.11071649669931083	12215	66160	NEGATIVE	true
iMAT	training_samples=setx1,setx3	sign_magnitude_correlation	mean_information_advantage	-0.04888470246951513	12215	66160	NEGATIVE	true
iMAT	training_samples=setx1,setx3	sign_magnitude_correlation	mean_correct_gain	-0.052754598575177732	12215	66160	NEGATIVE	true
iMAT	training_samples=setx1,setx3	sign_magnitude_correlation	non_tie_pair_fraction	nan	12215	66160	UNDEFINED	false
iMAT	training_samples=setx1,setx3	directional_entropy3	directionally_useful_fraction	0.59419138206577227	43600	34775	POSITIVE	true
iMAT	training_samples=setx1,setx3	directional_entropy3	mean_information_advantage	0.0064246448421858829	43600	34775	POSITIVE	true
iMAT	training_samples=setx1,setx3	directional_entropy3	mean_correct_gain	0.0067256959684661357	43600	34775	POSITIVE	true
iMAT	training_samples=setx1,setx3	directional_entropy3	non_tie_pair_fraction	0.50528007225283855	78375	0	POSITIVE	true
iMAT	training_samples=setx1,setx3	dominant_sign_mass	directionally_useful_fraction	-0.61244298601336711	43600	34775	NEGATIVE	true
iMAT	training_samples=setx1,setx3	dominant_sign_mass	mean_information_advantage	-0.01918200473985314	43600	34775	NEGATIVE	true
iMAT	training_samples=setx1,setx3	dominant_sign_mass	mean_correct_gain	-0.0030715079172071061	43600	34775	NEGATIVE	true
iMAT	training_samples=setx1,setx3	dominant_sign_mass	non_tie_pair_fraction	-0.29177202623779314	78375	0	NEGATIVE	true
iMAT	training_samples=setx1,setx3	n_supported_sign_states	directionally_useful_fraction	0.41643489291574798	43600	34775	POSITIVE	true
iMAT	training_samples=setx1,setx3	n_supported_sign_states	mean_information_advantage	-0.010608501366462695	43600	34775	NEGATIVE	false
iMAT	training_samples=setx1,setx3	n_supported_sign_states	mean_correct_gain	-0.0010942946737106654	43600	34775	NEGATIVE	false
iMAT	training_samples=setx1,setx3	n_supported_sign_states	non_tie_pair_fraction	0.57707461323516773	78375	0	POSITIVE	true
iMAT	training_samples=setx1,setx3	anchor_width80_contraction	directionally_useful_fraction	-0.27538596323632308	43600	34775	NEGATIVE	true
iMAT	training_samples=setx1,setx3	anchor_width80_contraction	mean_information_advantage	-0.014869079933784153	43600	34775	NEGATIVE	true
iMAT	training_samples=setx1,setx3	anchor_width80_contraction	mean_correct_gain	-0.049108961687956094	43600	34775	NEGATIVE	true
iMAT	training_samples=setx1,setx3	anchor_width80_contraction	non_tie_pair_fraction	nan	43600	34775	UNDEFINED	false
iMAT	training_samples=setx1,setx3	joint_ess	directionally_useful_fraction	0.20621241701461276	43600	34775	POSITIVE	true
iMAT	training_samples=setx1,setx3	joint_ess	mean_information_advantage	0.03571698905833022	43600	34775	POSITIVE	true
iMAT	training_samples=setx1,setx3	joint_ess	mean_correct_gain	0.02654598125169547	43600	34775	POSITIVE	true
iMAT	training_samples=setx1,setx3	joint_ess	non_tie_pair_fraction	0	78375	0	ZERO	false
iMAT	training_samples=setx1,setx3	abs_delta_anchor_target_correlation	directionally_useful_fraction	0.047719052245133758	39868	38507	POSITIVE	true
iMAT	training_samples=setx1,setx3	abs_delta_anchor_target_correlation	mean_information_advantage	0.034561791198899093	39868	38507	POSITIVE	true
iMAT	training_samples=setx1,setx3	abs_delta_anchor_target_correlation	mean_correct_gain	0.11453990124753313	39868	38507	POSITIVE	true
iMAT	training_samples=setx1,setx3	abs_delta_anchor_target_correlation	non_tie_pair_fraction	nan	39868	38507	UNDEFINED	false
iMAT	training_samples=setx2,setx3	sign_magnitude_eta2	directionally_useful_fraction	0.68232729686320603	40078	38297	POSITIVE	true
iMAT	training_samples=setx2,setx3	sign_magnitude_eta2	mean_information_advantage	0.13297502934126229	40078	38297	POSITIVE	true
iMAT	training_samples=setx2,setx3	sign_magnitude_eta2	mean_correct_gain	0.13145253070861831	40078	38297	POSITIVE	true
iMAT	training_samples=setx2,setx3	sign_magnitude_eta2	non_tie_pair_fraction	nan	40078	38297	UNDEFINED	false
iMAT	training_samples=setx2,setx3	sign_magnitude_correlation	directionally_useful_fraction	-0.0086617757198391258	13184	65191	NEGATIVE	true
iMAT	training_samples=setx2,setx3	sign_magnitude_correlation	mean_information_advantage	0.042385023495150817	13184	65191	POSITIVE	false
iMAT	training_samples=setx2,setx3	sign_magnitude_correlation	mean_correct_gain	0.032619913928854549	13184	65191	POSITIVE	false
iMAT	training_samples=setx2,setx3	sign_magnitude_correlation	non_tie_pair_fraction	nan	13184	65191	UNDEFINED	false
iMAT	training_samples=setx2,setx3	directional_entropy3	directionally_useful_fraction	0.69628879756938367	43675	34700	POSITIVE	true
iMAT	training_samples=setx2,setx3	directional_entropy3	mean_information_advantage	0.11523928527455975	43675	34700	POSITIVE	true
iMAT	training_samples=setx2,setx3	directional_entropy3	mean_correct_gain	0.10451714383212894	43675	34700	POSITIVE	true
iMAT	training_samples=setx2,setx3	directional_entropy3	non_tie_pair_fraction	0.54159345331469222	78375	0	POSITIVE	true
iMAT	training_samples=setx2,setx3	dominant_sign_mass	directionally_useful_fraction	-0.71483900735219563	43675	34700	NEGATIVE	true
iMAT	training_samples=setx2,setx3	dominant_sign_mass	mean_information_advantage	-0.11394213510453849	43675	34700	NEGATIVE	true
iMAT	training_samples=setx2,setx3	dominant_sign_mass	mean_correct_gain	-0.10109464226473355	43675	34700	NEGATIVE	true
iMAT	training_samples=setx2,setx3	dominant_sign_mass	non_tie_pair_fraction	-0.36438373503520716	78375	0	NEGATIVE	true
iMAT	training_samples=setx2,setx3	n_supported_sign_states	directionally_useful_fraction	0.52526351098237545	43675	34700	POSITIVE	true
iMAT	training_samples=setx2,setx3	n_supported_sign_states	mean_information_advantage	0.075445682768290528	43675	34700	POSITIVE	true
iMAT	training_samples=setx2,setx3	n_supported_sign_states	mean_correct_gain	0.070452811429493431	43675	34700	POSITIVE	true
iMAT	training_samples=setx2,setx3	n_supported_sign_states	non_tie_pair_fraction	0.55910970009173477	78375	0	POSITIVE	true
iMAT	training_samples=setx2,setx3	anchor_width80_contraction	directionally_useful_fraction	-0.26721459155562183	43675	34700	NEGATIVE	true
iMAT	training_samples=setx2,setx3	anchor_width80_contraction	mean_information_advantage	-0.039752798375169637	43675	34700	NEGATIVE	true
iMAT	training_samples=setx2,setx3	anchor_width80_contraction	mean_correct_gain	-0.084219850905754609	43675	34700	NEGATIVE	true
iMAT	training_samples=setx2,setx3	anchor_width80_contraction	non_tie_pair_fraction	nan	43675	34700	UNDEFINED	false
iMAT	training_samples=setx2,setx3	joint_ess	directionally_useful_fraction	0.1714122117690178	43675	34700	POSITIVE	true
iMAT	training_samples=setx2,setx3	joint_ess	mean_information_advantage	0.010970507933772949	43675	34700	POSITIVE	true
iMAT	training_samples=setx2,setx3	joint_ess	mean_correct_gain	0.05692516450927821	43675	34700	POSITIVE	true
iMAT	training_samples=setx2,setx3	joint_ess	non_tie_pair_fraction	0	78375	0	ZERO	false
iMAT	training_samples=setx2,setx3	abs_delta_anchor_target_correlation	directionally_useful_fraction	-0.009621353421212453	40078	38297	NEGATIVE	false
iMAT	training_samples=setx2,setx3	abs_delta_anchor_target_correlation	mean_information_advantage	-0.020957472510916463	40078	38297	NEGATIVE	false
iMAT	training_samples=setx2,setx3	abs_delta_anchor_target_correlation	mean_correct_gain	0.016544602442583028	40078	38297	POSITIVE	true
iMAT	training_samples=setx2,setx3	abs_delta_anchor_target_correlation	non_tie_pair_fraction	nan	40078	38297	UNDEFINED	false
