feature	bin	cut_q25	cut_q50	cut_q75	evaluation_reaction_rows	defined_directional_rows	directionally_useful_fraction_mean	directionally_useful_fraction_median	mean_information_advantage_mean	mean_information_advantage_median	mean_correct_gain_mean	mean_correct_gain_median	non_tie_pair_fraction_mean	non_tie_pair_fraction_median
sign_magnitude_eta2	Q1	0	3.7096421253323565e-30	6.4414274215857388e-05	146134	146134	0	0	-3.1662133523741072e-18	0	3.4393742192359107e-17	0	1	1
sign_magnitude_eta2	Q2	0	3.7096421253323565e-30	6.4414274215857388e-05	54650	54650	0	0	-1.5036736962640122e-17	0	2.5563649343953801e-16	0	1	1
sign_magnitude_eta2	Q3	0	3.7096421253323565e-30	6.4414274215857388e-05	98887	98887	0.14494490344197586	0	0.0001636036438459003	0	0.00016010124126870307	0	1	1
sign_magnitude_eta2	Q4	0	3.7096421253323565e-30	6.4414274215857388e-05	103355	103347	0.55364129260323636	0.66666666666666663	0.058063833162065315	1.5727570859204356e-08	0.050009363379521145	1.0937586680109801e-08	0.99947752890522956	1
sign_magnitude_eta2	NONFINITE	0	3.7096421253323565e-30	6.4414274215857388e-05	0	0	nan	nan	nan	nan	nan	nan	nan	nan
sign_magnitude_eta2	DEGENERATE	0	3.7096421253323565e-30	6.4414274215857388e-05	756924	92899	0.069916432541433884	0	-1.2665185501919937e-07	0	-1.2342840615947987e-07	0	0.12264419325233884	0
sign_magnitude_correlation	Q1	-0.25359280760563341	-1.4167948626961096e-05	0.15087539996875443	35104	35096	0.62120089658840516	0.66666666666666663	0.072981580347443495	8.2807929933557088e-07	0.062868761984855581	6.9974504188855563e-07	0.9989127544819203	1
sign_magnitude_correlation	Q2	-0.25359280760563341	-1.4167948626961096e-05	0.15087539996875443	35703	35703	0.41271975277521028	0.33333333333333331	0.00014933252671730292	-8.792879618857441e-17	0.00011806443049455167	-4.4408920985006262e-16	1	1
sign_magnitude_correlation	Q3	-0.25359280760563341	-1.4167948626961096e-05	0.15087539996875443	35534	35534	0.35333764844937243	0.33333333333333331	-5.8047157242521172e-06	-1.5746229551731144e-16	-5.2932296045302809e-05	-1.833024472948826e-16	1	1
sign_magnitude_correlation	Q4	-0.25359280760563341	-1.4167948626961096e-05	0.15087539996875443	34820	34820	0.58451560405896985	0.66666666666666663	0.09901952680479352	2.099040875405472e-07	0.085384125680724163	1.35694757318306e-07	0.99954528049013991	1
sign_magnitude_correlation	NONFINITE	-0.25359280760563341	-1.4167948626961096e-05	0.15087539996875443	1018789	354764	0.024241937363054498	0	7.1671642236620012e-06	0	6.4450092896819067e-06	0	0.34815583337995737	0
directional_entropy3	Q1	0	0	0	906577	242652	2.0605641000280237e-06	0	-7.2276992645986811e-18	0	8.9972436263010403e-17	0	0.26765735287791331	0
directional_entropy3	Q2	0	0	0	0	0	nan	nan	nan	nan	nan	nan	nan	nan
directional_entropy3	Q3	0	0	0	0	0	nan	nan	nan	nan	nan	nan	nan	nan
directional_entropy3	Q4	0	0	0	253373	253265	0.30815548930961639	0	0.023757287716416699	0	0.020469224497080937	0	0.99912908373557285	1
directional_entropy3	NONFINITE	0	0	0	0	0	nan	nan	nan	nan	nan	nan	nan	nan
dominant_sign_mass	Q1	1	1	1	1108683	476034	0.16394837343551091	0	0.012639621273896976	0	0.010890268641007188	0	0.42926727778213736	0
dominant_sign_mass	Q2	1	1	1	0	0	nan	nan	nan	nan	nan	nan	nan	nan
dominant_sign_mass	Q3	1	1	1	0	0	nan	nan	nan	nan	nan	nan	nan	nan
dominant_sign_mass	Q4	1	1	1	51267	19883	2.5147110596992405e-05	0	-5.0860381692838003e-17	0	4.3680866128576497e-16	0	0.38783232878849944	0
dominant_sign_mass	NONFINITE	1	1	1	0	0	nan	nan	nan	nan	nan	nan	nan	nan
n_supported_sign_states	1	nan	nan	nan	902064	238139	0	0	-1.1684368474756502e-17	0	7.9632477550831827e-17	0	0.26399346387839445	0
n_supported_sign_states	2	nan	nan	nan	257711	257603	0.30282967719061243	0	0.023357218288267392	0	0.020124525597711069	0	0.9991437437025712	1
n_supported_sign_states	3	nan	nan	nan	175	175	0.2038095238095238	0	-1.6693867697032725e-07	-1.731212921457132e-18	-1.4453690944519168e-07	-1.3072034481849003e-18	1	1
n_supported_sign_states	NONFINITE	nan	nan	nan	0	0	nan	nan	nan	nan	nan	nan	nan	nan
anchor_width80_contraction	Q1	0.75162674527187978	0.98040124742586598	1	132076	132076	0.22348370130328998	0	0.046297462421589317	0	0.039768041622008331	0	0.99968452507142336	1
anchor_width80_contraction	Q2	0.75162674527187978	0.98040124742586598	1	128511	128511	0.16259438232265458	0	-0.00097786355525583094	0	-0.00072328824596637573	0	0.99996628044810687	1
anchor_width80_contraction	Q3	0.75162674527187978	0.98040124742586598	1	235438	235330	0.11742446776866527	0	0.00011801321571378067	0	0.00010489428786060936	0	0.9992581203260873	1
anchor_width80_contraction	Q4	0.75162674527187978	0.98040124742586598	1	0	0	nan	nan	nan	nan	nan	nan	nan	nan
anchor_width80_contraction	NONFINITE	0.75162674527187978	0.98040124742586598	1	663925	0	nan	nan	nan	nan	nan	nan	0	0
joint_ess	Q1	1.3332357384925004	2.4894002499209194	5.5944971980546017	260205	123318	0.10933926920644188	0	0.00010058628793205496	0	9.2583501052821688e-05	0	0.47391479794777197	0
joint_ess	Q2	1.3332357384925004	2.4894002499209194	5.5944971980546017	288420	132099	0.1516551979954428	0	7.6753202350382762e-05	0	6.550147259837849e-05	0	0.45799990754224157	0
joint_ess	Q3	1.3332357384925004	2.4894002499209194	5.5944971980546017	300960	131871	0.16502491070819209	0	0.00079649791707975173	0	0.0010304623555267508	0	0.43801944887471195	0
joint_ess	Q4	1.3332357384925004	2.4894002499209194	5.5944971980546017	310365	108629	0.20958031464894272	0	0.054214909237335886	0	0.046287640959190933	0	0.34980318871865917	0
joint_ess	NONFINITE	1.3332357384925004	2.4894002499209194	5.5944971980546017	0	0	nan	nan	nan	nan	nan	nan	nan	nan
abs_delta_anchor_target_correlation	Q1	-0.57899974123752496	0.0064601353625952009	0.62004694804126115	96770	96768	0.16030609292328041	0	0.00087148347850020955	0	0.00085116808288202255	0	0.99986049395473808	1
abs_delta_anchor_target_correlation	Q2	-0.57899974123752496	0.0064601353625952009	0.62004694804126115	104439	104435	0.17664576052089817	0	0.00030150499467836026	0	0.00023973666466041606	0	0.99992020860661879	1
abs_delta_anchor_target_correlation	Q3	-0.57899974123752496	0.0064601353625952009	0.62004694804126115	103647	103647	0.20105100324498859	0	0.052549550386273167	0	0.044804903015282276	0	0.99975075657439838	1
abs_delta_anchor_target_correlation	Q4	-0.57899974123752496	0.0064601353625952009	0.62004694804126115	97057	97057	0.17165686143194206	0	0.0046905172500592892	0	0.0044657525688007946	0	0.99995535269652547	1
abs_delta_anchor_target_correlation	NONFINITE	-0.57899974123752496	0.0064601353625952009	0.62004694804126115	758037	94010	0.070058149842215367	0	-8.3043877622533305e-06	0	-6.2857064139302718e-06	0	0.12392974661307209	0
