source_commit	source_path	destination_path	source_sha256	destination_sha256	source_bytes	destination_bytes	result	packaging_adaptation
22527912996cecedd17bb23c0b7ba93e889ad4ad	figures/fig2/figure2_DG_points.csv.xz	data/figure_inputs/fig2/figure2_DG_points.csv.xz	aedc195237389ccd131cb983d7948483fc84ab1d0df1d88b5f1c1601577cf161	aedc195237389ccd131cb983d7948483fc84ab1d0df1d88b5f1c1601577cf161	144940	144940	BYTE_IDENTICAL	
22527912996cecedd17bb23c0b7ba93e889ad4ad	figures/fig3/tables/fig3_directional_advantage_summary.parquet.xz	data/figure_inputs/fig3/fig3_directional_advantage_summary.parquet.xz	d2ec6a86e344877f878b63e9ad03c5de0823f821b7527b8e4191f1ab5d39afab	d2ec6a86e344877f878b63e9ad03c5de0823f821b7527b8e4191f1ab5d39afab	2324	2324	BYTE_IDENTICAL	
22527912996cecedd17bb23c0b7ba93e889ad4ad	figures/fig3/tables/fig3_gain_cue_direction.parquet.xz	data/figure_inputs/fig3/fig3_gain_cue_direction.parquet.xz	3c571ad4b97bb451d165c00fd464ccb51b0b5de8c8e69a49d3b423d78eeee30d	3c571ad4b97bb451d165c00fd464ccb51b0b5de8c8e69a49d3b423d78eeee30d	7894460	7894460	BYTE_IDENTICAL	
22527912996cecedd17bb23c0b7ba93e889ad4ad	figures/fig3/tables/fig3_gain_distribution_metadata.json	data/figure_inputs/fig3/fig3_gain_distribution_metadata.json	d6ebfaa08aec0255104463bd327c55a74f24a1d074589d563782cb5953ab14a7	d6ebfaa08aec0255104463bd327c55a74f24a1d074589d563782cb5953ab14a7	8356	8356	BYTE_IDENTICAL	
22527912996cecedd17bb23c0b7ba93e889ad4ad	figures/fig3/tables/fig3_gain_reaction_evaluation.parquet.xz	data/figure_inputs/fig3/fig3_gain_reaction_evaluation.parquet.xz	7a83a31d29317f7b0d906fff73691428d98427d93d2fdebd4ef91294f8a46676	7a83a31d29317f7b0d906fff73691428d98427d93d2fdebd4ef91294f8a46676	16541408	16541408	BYTE_IDENTICAL	
22527912996cecedd17bb23c0b7ba93e889ad4ad	figures/fig3/tables/fig3_gain_summary.parquet.xz	data/figure_inputs/fig3/fig3_gain_summary.parquet.xz	0529bab84c6ad4cfc4a3c9e0d07ad418afcab3be52d2254183400dcd679af482	0529bab84c6ad4cfc4a3c9e0d07ad418afcab3be52d2254183400dcd679af482	2496	2496	BYTE_IDENTICAL	
22527912996cecedd17bb23c0b7ba93e889ad4ad	figures/fig4/data/fig4_data_manifest.json	data/figure_inputs/fig4/fig4_data_manifest.json	96a5cdaa50f148ba462e88d66b02d14aa3df75299713738eafd9eb1f23dd3def	96a5cdaa50f148ba462e88d66b02d14aa3df75299713738eafd9eb1f23dd3def	326448	326448	BYTE_IDENTICAL	
22527912996cecedd17bb23c0b7ba93e889ad4ad	figures/fig4/data/fig4_data_qc_summary.txt	data/figure_inputs/fig4/fig4_data_qc_summary.txt	8bcee29a362a2ac2e39916202b9b9c10d8d012ae514397ae5207e66395d882a8	8bcee29a362a2ac2e39916202b9b9c10d8d012ae514397ae5207e66395d882a8	310	310	BYTE_IDENTICAL	
22527912996cecedd17bb23c0b7ba93e889ad4ad	figures/fig4/data/fig4_panelB_summary.tsv.xz	data/figure_inputs/fig4/fig4_panelB_summary.tsv.xz	4d8059930141026d758b77eb8efdc3eb0698b9794dc6272f0884ef6ed7e02199	4d8059930141026d758b77eb8efdc3eb0698b9794dc6272f0884ef6ed7e02199	416	416	BYTE_IDENTICAL	
22527912996cecedd17bb23c0b7ba93e889ad4ad	figures/fig4/data/fig4_panelC_candidate_groups.parquet.xz	data/figure_inputs/fig4/fig4_panelC_candidate_groups.parquet.xz	c3ed7de42c909954e54c8394fffa0c789bb08ddd2834a601d78b9c33cbee6f34	c3ed7de42c909954e54c8394fffa0c789bb08ddd2834a601d78b9c33cbee6f34	27300	27300	BYTE_IDENTICAL	
22527912996cecedd17bb23c0b7ba93e889ad4ad	figures/fig4/data/fig4_panelC_candidate_metrics.parquet.xz	data/figure_inputs/fig4/fig4_panelC_candidate_metrics.parquet.xz	1bd919cb7f0d6418e83761b1da4f6d31e0d809c6b9ba39a174d65577d98bbd65	1bd919cb7f0d6418e83761b1da4f6d31e0d809c6b9ba39a174d65577d98bbd65	57864	57864	BYTE_IDENTICAL	
22527912996cecedd17bb23c0b7ba93e889ad4ad	figures/fig4/data/fig4_panelC_candidate_support.parquet.xz	data/figure_inputs/fig4/fig4_panelC_candidate_support.parquet.xz	f37f96f07f59bbcd1053deb9dc3fc3055d73f698920f64acfdfdfe8caf54c5dd	f37f96f07f59bbcd1053deb9dc3fc3055d73f698920f64acfdfdfe8caf54c5dd	1053264	1053264	BYTE_IDENTICAL	
22527912996cecedd17bb23c0b7ba93e889ad4ad	figures/fig4/data/fig4_geometry_paired/algorithm=iMAT/part.parquet.xz	data/figure_inputs/fig4/fig4_geometry_paired/algorithm=iMAT/part.parquet.xz	a44c629ffdc5ddcb1956d6132a8ec15d7dbb358e86b7888b512e315a73d4a070	a44c629ffdc5ddcb1956d6132a8ec15d7dbb358e86b7888b512e315a73d4a070	26366892	26366892	BYTE_IDENTICAL	
22527912996cecedd17bb23c0b7ba93e889ad4ad	figures/fig4/data/fig4_geometry_paired/algorithm=GIMME/part.parquet.xz	data/figure_inputs/fig4/fig4_geometry_paired/algorithm=GIMME/part.parquet.xz	f492947266440ed378540d6c0d6a40aabb8952fafef5cc728dbc8c9aa70f17ad	f492947266440ed378540d6c0d6a40aabb8952fafef5cc728dbc8c9aa70f17ad	24432076	24432076	BYTE_IDENTICAL	
22527912996cecedd17bb23c0b7ba93e889ad4ad	figures/fig4/data/fig4_geometry_paired/algorithm=RIPTiDe/part.parquet.xz	data/figure_inputs/fig4/fig4_geometry_paired/algorithm=RIPTiDe/part.parquet.xz	642fc972db1aa17854fbd631afb909fc07e9be54c7d5fdc51d23fbb60ffc2e42	642fc972db1aa17854fbd631afb909fc07e9be54c7d5fdc51d23fbb60ffc2e42	2326932	2326932	BYTE_IDENTICAL	
22527912996cecedd17bb23c0b7ba93e889ad4ad	figures/fig4/data/fig4_geometry_paired/algorithm=CORDA/part.parquet.xz	data/figure_inputs/fig4/fig4_geometry_paired/algorithm=CORDA/part.parquet.xz	0fd4d308c6d03d5ef144fb5e8c48e497e115af7bc27cdddd1010ddef4e3ba457	0fd4d308c6d03d5ef144fb5e8c48e497e115af7bc27cdddd1010ddef4e3ba457	29827476	29827476	BYTE_IDENTICAL	
22527912996cecedd17bb23c0b7ba93e889ad4ad	figures/supp_fig1/data/candidate_weights.tsv	data/figure_inputs/s1/candidate_weights.tsv	6e2c34e0f1da709c7847f040efa3408db4b104bdab7ba5b11febcde41786256f	6e2c34e0f1da709c7847f040efa3408db4b104bdab7ba5b11febcde41786256f	608185	608185	BYTE_IDENTICAL	
22527912996cecedd17bb23c0b7ba93e889ad4ad	figures/supp_fig1/data/conditional_stratum_summary.tsv	data/figure_inputs/s1/conditional_stratum_summary.tsv	56f0fa4d4a6141f137e85893e5c021572cf195c657ab3b64034d3cfb577c9b01	56f0fa4d4a6141f137e85893e5c021572cf195c657ab3b64034d3cfb577c9b01	33119	33119	BYTE_IDENTICAL	
22527912996cecedd17bb23c0b7ba93e889ad4ad	figures/supp_fig1/data/contrast_product_support.tsv	data/figure_inputs/s1/contrast_product_support.tsv	3c0ce26bd55d41d2e01a761c66124060493ef268b3bfbe0fdcc58b33c4c16651	3c0ce26bd55d41d2e01a761c66124060493ef268b3bfbe0fdcc58b33c4c16651	89622	89622	BYTE_IDENTICAL	
22527912996cecedd17bb23c0b7ba93e889ad4ad	figures/supp_fig1/data/global_ess_summary.tsv	data/figure_inputs/s1/global_ess_summary.tsv	8c5024056a76cf4526f7670f4e7dd4cbc090754c2ba3d9909333e5e2be65381f	8c5024056a76cf4526f7670f4e7dd4cbc090754c2ba3d9909333e5e2be65381f	1208	1208	BYTE_IDENTICAL	
22527912996cecedd17bb23c0b7ba93e889ad4ad	figures/supp_fig1/data/post_holdout_candidate_support.tsv	data/figure_inputs/s1/post_holdout_candidate_support.tsv	fa3cb970af53be264e3ca951a652e22cbc013942191307a9c53d534099f0d691	fa3cb970af53be264e3ca951a652e22cbc013942191307a9c53d534099f0d691	194663	194663	BYTE_IDENTICAL	
22527912996cecedd17bb23c0b7ba93e889ad4ad	figures/supp_fig1/data/post_holdout_pair_support.tsv	data/figure_inputs/s1/post_holdout_pair_support.tsv	65ce49fa4b2a0bd46693f8b334af7c69428dc96ece28f12b25747a3226f8dbf2	65ce49fa4b2a0bd46693f8b334af7c69428dc96ece28f12b25747a3226f8dbf2	565215	565215	BYTE_IDENTICAL	
22527912996cecedd17bb23c0b7ba93e889ad4ad	figures/supp_fig1/data/validation_summary.json	data/figure_inputs/s1/validation_summary.json	5ea2cfa89928967c7b3fcc53963c1166c560a1d1a3dcbe0242afeb52f5f06813	5ea2cfa89928967c7b3fcc53963c1166c560a1d1a3dcbe0242afeb52f5f06813	5910	5910	BYTE_IDENTICAL	
22527912996cecedd17bb23c0b7ba93e889ad4ad	figures/fig3/tables/fig3_gain_definition_audit.parquet.xz	data/processed/aggregation_audit/fig3_gain_definition_audit.parquet.xz	32370fc711e923d1476464e7e16e62b8f1f44cee7e1ae0de967cf695de0f4533	32370fc711e923d1476464e7e16e62b8f1f44cee7e1ae0de967cf695de0f4533	2776	2776	BYTE_IDENTICAL	
22527912996cecedd17bb23c0b7ba93e889ad4ad	figures/supp_fig2/data/supp_fig2_H_dir_paired_shifts.tsv.gz	data/figure_inputs/s2/supp_fig2_H_dir_paired_shifts.tsv.gz	4d0c2aff465c26602c0f29c43809e73d0aa453082683d71f7df1c0252ceff558	4d0c2aff465c26602c0f29c43809e73d0aa453082683d71f7df1c0252ceff558	11893379	11893379	BYTE_IDENTICAL	
22527912996cecedd17bb23c0b7ba93e889ad4ad	figures/supp_fig2/data/supp_fig2_dominant_direction_mass_paired_shifts.tsv.gz	data/figure_inputs/s2/supp_fig2_dominant_direction_mass_paired_shifts.tsv.gz	1e21345e74e6bd605ff790c5306a7c94f1c6199cdfc40b7c0687bf7e1b23fab8	1e21345e74e6bd605ff790c5306a7c94f1c6199cdfc40b7c0687bf7e1b23fab8	11428556	11428556	BYTE_IDENTICAL	
22527912996cecedd17bb23c0b7ba93e889ad4ad	figures/supp_fig2/data/supp_fig2_table_summary.json	data/figure_inputs/s2/supp_fig2_table_summary.json	61345ea9f29e7fd9e9d9097f8b3171fc5da2e3100f08ff560a0af0ebcdb01582	dbe82e35e5f607ba633264d17ac59cb571d9dcadce670ac081328a8d8ff70b99	6262	6260	PATH_ADAPTED_MANIFEST	Manifest paths changed to destination repository-relative locations; payload data unchanged.
22527912996cecedd17bb23c0b7ba93e889ad4ad	figures/supp_fig3/data/supp_fig3_paired_geometry.parquet.xz	data/figure_inputs/s3/supp_fig3_paired_geometry.parquet.xz	927e489b4e78fc84ccbaedd46a148532afbc633181cdb211f54e727f439e3f58	927e489b4e78fc84ccbaedd46a148532afbc633181cdb211f54e727f439e3f58	6984492	6984492	BYTE_IDENTICAL	
22527912996cecedd17bb23c0b7ba93e889ad4ad	figures/supp_fig3/data/supp_fig3_build_manifest.json	data/figure_inputs/s3/supp_fig3_build_manifest.json	92a4efe7bf9d44970dd1ba7912ffe95523073be8404e4c9afe417334c288ff06	cb82a131aad21a64968525c1df553f5011b191ddd80f1e4185876024a0392a85	3282	3281	PATH_ADAPTED_MANIFEST	Manifest paths changed to destination repository-relative locations; payload data unchanged.
22527912996cecedd17bb23c0b7ba93e889ad4ad	tables/manuscript/fig3_pair_gain_summary.tsv	tables/manuscript/fig3_pair_gain_summary.tsv	ac5606670ee216834c5c77299630fb9e794b8fe8d372fc1e6fe4f655d92a7f6d	ac5606670ee216834c5c77299630fb9e794b8fe8d372fc1e6fe4f655d92a7f6d	1175	1175	GENERATED_FROZEN_RELEASE_SUMMARY	Derived deterministically from included pair-weighted Figure 3 source table.
22527912996cecedd17bb23c0b7ba93e889ad4ad	tables/manuscript/fig3_full_endpoint_separation.tsv	tables/manuscript/fig3_full_endpoint_separation.tsv	6969cfb40a0e49c16dde26158c680ccdba5ca4b79b21d53a0fd1be2959329562	6969cfb40a0e49c16dde26158c680ccdba5ca4b79b21d53a0fd1be2959329562	512	512	GENERATED_FROZEN_RELEASE_SUMMARY	Derived deterministically from included pair-weighted Figure 3 source table.
