source_path	bytes	sha256	provenance	manuscript_role	raw_or_derived	apparent_license	review_status	copied
figures/fig2/figure2_DG_points.csv.xz	144940	aedc195237389ccd131cb983d7948483fc84ab1d0df1d88b5f1c1601577cf161	Repository-generated table; upstream Bridge/PL1/PL2/A21/A22 lineage recorded in companion manifests	Figure 2 D-G	derived	No explicit table license/ownership statement located; GEM and transcriptomic-input derivative rights require author confirmation	APPROVED_FOR_REPOSITORY_RELEASE	yes
figures/fig3/tables/fig3_directional_advantage_summary.parquet.xz	2324	d2ec6a86e344877f878b63e9ad03c5de0823f821b7527b8e4191f1ab5d39afab	Repository-generated table; upstream Bridge/PL1/PL2/A21/A22 lineage recorded in companion manifests	Figure 3 B-D	derived	No explicit table license/ownership statement located; GEM and transcriptomic-input derivative rights require author confirmation	APPROVED_FOR_REPOSITORY_RELEASE	yes
figures/fig3/tables/fig3_gain_cue_direction.parquet.xz	7894460	3c571ad4b97bb451d165c00fd464ccb51b0b5de8c8e69a49d3b423d78eeee30d	Repository-generated table; upstream Bridge/PL1/PL2/A21/A22 lineage recorded in companion manifests	Figure 3 B-D	derived	No explicit table license/ownership statement located; GEM and transcriptomic-input derivative rights require author confirmation	APPROVED_FOR_REPOSITORY_RELEASE	yes
figures/fig3/tables/fig3_gain_definition_audit.parquet.xz	2776	32370fc711e923d1476464e7e16e62b8f1f44cee7e1ae0de967cf695de0f4533	Repository-generated table; upstream Bridge/PL1/PL2/A21/A22 lineage recorded in companion manifests	Table S2 aggregation-convention comparison; provenance only, superseded for main Figure 3	derived	No explicit table license/ownership statement located; GEM and transcriptomic-input derivative rights require author confirmation	APPROVED_FOR_REPOSITORY_RELEASE	yes
figures/fig3/tables/fig3_gain_distribution_metadata.json	8356	d6ebfaa08aec0255104463bd327c55a74f24a1d074589d563782cb5953ab14a7	Repository-generated table; upstream Bridge/PL1/PL2/A21/A22 lineage recorded in companion manifests	Figure 3 B-D	derived	No explicit table license/ownership statement located; GEM and transcriptomic-input derivative rights require author confirmation	APPROVED_FOR_REPOSITORY_RELEASE	yes
figures/fig3/tables/fig3_gain_reaction_evaluation.parquet.xz	16541408	7a83a31d29317f7b0d906fff73691428d98427d93d2fdebd4ef91294f8a46676	Repository-generated table; upstream Bridge/PL1/PL2/A21/A22 lineage recorded in companion manifests	Figure 3 B-D	derived	No explicit table license/ownership statement located; GEM and transcriptomic-input derivative rights require author confirmation	APPROVED_FOR_REPOSITORY_RELEASE	yes
figures/fig3/tables/fig3_gain_summary.parquet.xz	2496	0529bab84c6ad4cfc4a3c9e0d07ad418afcab3be52d2254183400dcd679af482	Repository-generated table; upstream Bridge/PL1/PL2/A21/A22 lineage recorded in companion manifests	Figure 3 B-D	derived	No explicit table license/ownership statement located; GEM and transcriptomic-input derivative rights require author confirmation	APPROVED_FOR_REPOSITORY_RELEASE	yes
figures/fig4/data/fig4_data_manifest.json	326448	96a5cdaa50f148ba462e88d66b02d14aa3df75299713738eafd9eb1f23dd3def	Repository-generated table; upstream Bridge/PL1/PL2/A21/A22 lineage recorded in companion manifests	Figure 4 B-C; geometry and utility audits	derived	No explicit table license/ownership statement located; GEM and transcriptomic-input derivative rights require author confirmation	APPROVED_FOR_REPOSITORY_RELEASE	yes
figures/fig4/data/fig4_data_qc_summary.txt	310	8bcee29a362a2ac2e39916202b9b9c10d8d012ae514397ae5207e66395d882a8	Repository-generated table; upstream Bridge/PL1/PL2/A21/A22 lineage recorded in companion manifests	Figure 4 B-C; geometry and utility audits	derived	No explicit table license/ownership statement located; GEM and transcriptomic-input derivative rights require author confirmation	APPROVED_FOR_REPOSITORY_RELEASE	yes
figures/fig4/data/fig4_panelB_summary.tsv	705	c8e5dc968cbd5d5557dcdc0b2826bcc6de391994104c61661d9d9649fac87dff	Repository-generated table; upstream Bridge/PL1/PL2/A21/A22 lineage recorded in companion manifests	Figure 4 B-C; geometry and utility audits	derived	No explicit table license/ownership statement located; GEM and transcriptomic-input derivative rights require author confirmation	PENDING_AUTHOR_REVIEW	no
figures/fig4/data/fig4_panelB_summary.tsv.xz	416	4d8059930141026d758b77eb8efdc3eb0698b9794dc6272f0884ef6ed7e02199	Repository-generated table; upstream Bridge/PL1/PL2/A21/A22 lineage recorded in companion manifests	Figure 4 B-C; geometry and utility audits	derived	No explicit table license/ownership statement located; GEM and transcriptomic-input derivative rights require author confirmation	APPROVED_FOR_REPOSITORY_RELEASE	yes
figures/fig4/data/fig4_panelC_candidate_groups.parquet.xz	27300	c3ed7de42c909954e54c8394fffa0c789bb08ddd2834a601d78b9c33cbee6f34	Repository-generated table; upstream Bridge/PL1/PL2/A21/A22 lineage recorded in companion manifests	Figure 4 B-C; geometry and utility audits	derived	No explicit table license/ownership statement located; GEM and transcriptomic-input derivative rights require author confirmation	APPROVED_FOR_REPOSITORY_RELEASE	yes
figures/fig4/data/fig4_panelC_candidate_metrics.parquet.xz	57864	1bd919cb7f0d6418e83761b1da4f6d31e0d809c6b9ba39a174d65577d98bbd65	Repository-generated table; upstream Bridge/PL1/PL2/A21/A22 lineage recorded in companion manifests	Figure 4 B-C; geometry and utility audits	derived	No explicit table license/ownership statement located; GEM and transcriptomic-input derivative rights require author confirmation	APPROVED_FOR_REPOSITORY_RELEASE	yes
figures/fig4/data/fig4_panelC_candidate_support.parquet.xz	1053264	f37f96f07f59bbcd1053deb9dc3fc3055d73f698920f64acfdfdfe8caf54c5dd	Repository-generated table; upstream Bridge/PL1/PL2/A21/A22 lineage recorded in companion manifests	Figure 4 B-C; geometry and utility audits	derived	No explicit table license/ownership statement located; GEM and transcriptomic-input derivative rights require author confirmation	APPROVED_FOR_REPOSITORY_RELEASE	yes
figures/fig4/data/fig4_utility_paired/algorithm=iMAT/part-000.parquet.xz	50851888	d92af1ab5656889cc91c4ee95178945e6db29b71dc8fa1d600f612320ed5888b	Repository-generated table; upstream Bridge/PL1/PL2/A21/A22 lineage recorded in companion manifests	Figure 4 B-C; geometry and utility audits	derived	No explicit table license/ownership statement located; GEM and transcriptomic-input derivative rights require author confirmation	PENDING_AUTHOR_REVIEW	no
figures/fig4/data/fig4_utility_paired/algorithm=GIMME/part-000.parquet.xz	39297396	110a31cdb7b129de1b58e51612c9eb74f25c16273d594d42e709294ab9ec2a92	Repository-generated table; upstream Bridge/PL1/PL2/A21/A22 lineage recorded in companion manifests	Figure 4 B-C; geometry and utility audits	derived	No explicit table license/ownership statement located; GEM and transcriptomic-input derivative rights require author confirmation	PENDING_AUTHOR_REVIEW	no
figures/fig4/data/fig4_utility_paired/algorithm=RIPTiDe/part-000.parquet.xz	5891680	918123f42613e333991fc70326b990fbedf8ee13be345bdb6efcdd68f073bee2	Repository-generated table; upstream Bridge/PL1/PL2/A21/A22 lineage recorded in companion manifests	Figure 4 B-C; geometry and utility audits	derived	No explicit table license/ownership statement located; GEM and transcriptomic-input derivative rights require author confirmation	PENDING_AUTHOR_REVIEW	no
figures/fig4/data/fig4_utility_paired/algorithm=CORDA/part-000.parquet.xz	53281056	86b5e8997085f215f72b1e6136ea689fc0a623efc1f4561d73a7222069d08ad2	Repository-generated table; upstream Bridge/PL1/PL2/A21/A22 lineage recorded in companion manifests	Figure 4 B-C; geometry and utility audits	derived	No explicit table license/ownership statement located; GEM and transcriptomic-input derivative rights require author confirmation	PENDING_AUTHOR_REVIEW	no
figures/fig4/data/fig4_geometry_paired/algorithm=iMAT/part.parquet.xz	26366892	a44c629ffdc5ddcb1956d6132a8ec15d7dbb358e86b7888b512e315a73d4a070	Repository-generated table; upstream Bridge/PL1/PL2/A21/A22 lineage recorded in companion manifests	Figure 4 B-C; geometry and utility audits	derived	No explicit table license/ownership statement located; GEM and transcriptomic-input derivative rights require author confirmation	APPROVED_FOR_REPOSITORY_RELEASE	yes
figures/fig4/data/fig4_geometry_paired/algorithm=GIMME/part.parquet.xz	24432076	f492947266440ed378540d6c0d6a40aabb8952fafef5cc728dbc8c9aa70f17ad	Repository-generated table; upstream Bridge/PL1/PL2/A21/A22 lineage recorded in companion manifests	Figure 4 B-C; geometry and utility audits	derived	No explicit table license/ownership statement located; GEM and transcriptomic-input derivative rights require author confirmation	APPROVED_FOR_REPOSITORY_RELEASE	yes
figures/fig4/data/fig4_geometry_paired/algorithm=RIPTiDe/part.parquet.xz	2326932	642fc972db1aa17854fbd631afb909fc07e9be54c7d5fdc51d23fbb60ffc2e42	Repository-generated table; upstream Bridge/PL1/PL2/A21/A22 lineage recorded in companion manifests	Figure 4 B-C; geometry and utility audits	derived	No explicit table license/ownership statement located; GEM and transcriptomic-input derivative rights require author confirmation	APPROVED_FOR_REPOSITORY_RELEASE	yes
figures/fig4/data/fig4_geometry_paired/algorithm=CORDA/part.parquet.xz	29827476	0fd4d308c6d03d5ef144fb5e8c48e497e115af7bc27cdddd1010ddef4e3ba457	Repository-generated table; upstream Bridge/PL1/PL2/A21/A22 lineage recorded in companion manifests	Figure 4 B-C; geometry and utility audits	derived	No explicit table license/ownership statement located; GEM and transcriptomic-input derivative rights require author confirmation	APPROVED_FOR_REPOSITORY_RELEASE	yes
figures/supp_fig1/data/candidate_weights.tsv	608185	6e2c34e0f1da709c7847f040efa3408db4b104bdab7ba5b11febcde41786256f	Repository-generated table; upstream Bridge/PL1/PL2/A21/A22 lineage recorded in companion manifests	Legacy supplement S1; manuscript mapping requires review	derived	No explicit table license/ownership statement located; GEM and transcriptomic-input derivative rights require author confirmation	APPROVED_FOR_REPOSITORY_RELEASE	yes
figures/supp_fig1/data/conditional_stratum_summary.tsv	33119	56f0fa4d4a6141f137e85893e5c021572cf195c657ab3b64034d3cfb577c9b01	Repository-generated table; upstream Bridge/PL1/PL2/A21/A22 lineage recorded in companion manifests	Legacy supplement S1; manuscript mapping requires review	derived	No explicit table license/ownership statement located; GEM and transcriptomic-input derivative rights require author confirmation	APPROVED_FOR_REPOSITORY_RELEASE	yes
figures/supp_fig1/data/contrast_product_support.tsv	89622	3c0ce26bd55d41d2e01a761c66124060493ef268b3bfbe0fdcc58b33c4c16651	Repository-generated table; upstream Bridge/PL1/PL2/A21/A22 lineage recorded in companion manifests	Legacy supplement S1; manuscript mapping requires review	derived	No explicit table license/ownership statement located; GEM and transcriptomic-input derivative rights require author confirmation	APPROVED_FOR_REPOSITORY_RELEASE	yes
figures/supp_fig1/data/global_ess_summary.tsv	1208	8c5024056a76cf4526f7670f4e7dd4cbc090754c2ba3d9909333e5e2be65381f	Repository-generated table; upstream Bridge/PL1/PL2/A21/A22 lineage recorded in companion manifests	Legacy supplement S1; manuscript mapping requires review	derived	No explicit table license/ownership statement located; GEM and transcriptomic-input derivative rights require author confirmation	APPROVED_FOR_REPOSITORY_RELEASE	yes
figures/supp_fig1/data/post_holdout_candidate_support.tsv	194663	fa3cb970af53be264e3ca951a652e22cbc013942191307a9c53d534099f0d691	Repository-generated table; upstream Bridge/PL1/PL2/A21/A22 lineage recorded in companion manifests	Legacy supplement S1; manuscript mapping requires review	derived	No explicit table license/ownership statement located; GEM and transcriptomic-input derivative rights require author confirmation	APPROVED_FOR_REPOSITORY_RELEASE	yes
figures/supp_fig1/data/post_holdout_pair_support.tsv	565215	65ce49fa4b2a0bd46693f8b334af7c69428dc96ece28f12b25747a3226f8dbf2	Repository-generated table; upstream Bridge/PL1/PL2/A21/A22 lineage recorded in companion manifests	Legacy supplement S1; manuscript mapping requires review	derived	No explicit table license/ownership statement located; GEM and transcriptomic-input derivative rights require author confirmation	APPROVED_FOR_REPOSITORY_RELEASE	yes
figures/supp_fig1/data/validation_summary.json	5910	5ea2cfa89928967c7b3fcc53963c1166c560a1d1a3dcbe0242afeb52f5f06813	Repository-generated table; upstream Bridge/PL1/PL2/A21/A22 lineage recorded in companion manifests	Legacy supplement S1; manuscript mapping requires review	derived	No explicit table license/ownership statement located; GEM and transcriptomic-input derivative rights require author confirmation	APPROVED_FOR_REPOSITORY_RELEASE	yes
figures/supp_fig2/data/supp_fig2_H_dir_paired_shifts.tsv.gz	11893379	4d0c2aff465c26602c0f29c43809e73d0aa453082683d71f7df1c0252ceff558	Repository-generated table; upstream Bridge/PL1/PL2/A21/A22 lineage recorded in companion manifests	Legacy supplement S2; manuscript mapping requires review	derived	No explicit table license/ownership statement located; GEM and transcriptomic-input derivative rights require author confirmation	PENDING_AUTHOR_REVIEW	no
figures/supp_fig2/data/supp_fig2_dominant_direction_mass_paired_shifts.tsv.gz	11428556	1e21345e74e6bd605ff790c5306a7c94f1c6199cdfc40b7c0687bf7e1b23fab8	Repository-generated table; upstream Bridge/PL1/PL2/A21/A22 lineage recorded in companion manifests	Legacy supplement S2; manuscript mapping requires review	derived	No explicit table license/ownership statement located; GEM and transcriptomic-input derivative rights require author confirmation	PENDING_AUTHOR_REVIEW	no
figures/supp_fig2/data/supp_fig2_table_summary.json	6242	0478117c353dbaf936d2c7414575ab7bbb087bb5a06360e20d286172899e71df	Repository-generated table; upstream Bridge/PL1/PL2/A21/A22 lineage recorded in companion manifests	Legacy supplement S2; manuscript mapping requires review	derived	No explicit table license/ownership statement located; GEM and transcriptomic-input derivative rights require author confirmation	PENDING_AUTHOR_REVIEW	no
figures/supp_fig3/data/supp_fig3_build_manifest.json	3282	92a4efe7bf9d44970dd1ba7912ffe95523073be8404e4c9afe417334c288ff06	Repository-generated table; upstream Bridge/PL1/PL2/A21/A22 lineage recorded in companion manifests	Legacy supplement S3; manuscript mapping requires review	derived	No explicit table license/ownership statement located; GEM and transcriptomic-input derivative rights require author confirmation	PENDING_AUTHOR_REVIEW	no
figures/supp_fig3/data/supp_fig3_paired_geometry.parquet.xz	6984492	927e489b4e78fc84ccbaedd46a148532afbc633181cdb211f54e727f439e3f58	Repository-generated table; upstream Bridge/PL1/PL2/A21/A22 lineage recorded in companion manifests	Legacy supplement S3; manuscript mapping requires review	derived	No explicit table license/ownership statement located; GEM and transcriptomic-input derivative rights require author confirmation	PENDING_AUTHOR_REVIEW	no
figures/supp_fig4/data/supp_fig4_build_manifest.json	2569	a3a7ce270e8c1ad68f2050962e6a46c13b370b606e6e44bbb236561a7227ab4b	Repository-generated table; upstream Bridge/PL1/PL2/A21/A22 lineage recorded in companion manifests	Legacy supplement S4; manuscript mapping requires review	derived	No explicit table license/ownership statement located; GEM and transcriptomic-input derivative rights require author confirmation	PENDING_AUTHOR_REVIEW	no
figures/supp_fig4/data/supp_fig4_confirmation_bootstrap.tsv.gz	62262	d8322857f1c441f6c0357dc1256bac8793f39a9bd5dd78f39ecf252a7ffc0d1c	Repository-generated table; upstream Bridge/PL1/PL2/A21/A22 lineage recorded in companion manifests	Legacy supplement S4; manuscript mapping requires review	derived	No explicit table license/ownership statement located; GEM and transcriptomic-input derivative rights require author confirmation	PENDING_AUTHOR_REVIEW	no
figures/supp_fig4/data/supp_fig4_contexts.tsv	1603	31d3800029c99d5407b41118a080afc3540eff43f464b40a8b44ce534afbf14d	Repository-generated table; upstream Bridge/PL1/PL2/A21/A22 lineage recorded in companion manifests	Legacy supplement S4; manuscript mapping requires review	derived	No explicit table license/ownership statement located; GEM and transcriptomic-input derivative rights require author confirmation	PENDING_AUTHOR_REVIEW	no
figures/supp_fig4/data/supp_fig4_correlations.tsv	298	c891bc0c142481a64e9aef8afcfb177374a62760f1bebf2f0e2d87138b5a8388	Repository-generated table; upstream Bridge/PL1/PL2/A21/A22 lineage recorded in companion manifests	Legacy supplement S4; manuscript mapping requires review	derived	No explicit table license/ownership statement located; GEM and transcriptomic-input derivative rights require author confirmation	PENDING_AUTHOR_REVIEW	no
figures/supp_fig4/data/supp_fig4_validation_summary.json	6642	60e3d4c10afdabc47700d50f62f802f80e0830273c30b306049951bb4cf8512f	Repository-generated table; upstream Bridge/PL1/PL2/A21/A22 lineage recorded in companion manifests	Legacy supplement S4; manuscript mapping requires review	derived	No explicit table license/ownership statement located; GEM and transcriptomic-input derivative rights require author confirmation	PENDING_AUTHOR_REVIEW	no
figures/supp_fig5/data/supp_fig5_build_manifest.json	3782	aa42274a1d791074b89ae1b1003439f36be3f46da51735632e6c3773c1e12790	Repository-generated table; upstream Bridge/PL1/PL2/A21/A22 lineage recorded in companion manifests	Legacy supplement S5; manuscript mapping requires review	derived	No explicit table license/ownership statement located; GEM and transcriptomic-input derivative rights require author confirmation	PENDING_AUTHOR_REVIEW	no
figures/supp_fig5/data/supp_fig5_context_gains.tsv	8322	c7121886eeb087e0732c90a21b1b845eb0bf0da123d49fa616f1b6b0f7517bd2	Repository-generated table; upstream Bridge/PL1/PL2/A21/A22 lineage recorded in companion manifests	Legacy supplement S5; manuscript mapping requires review	derived	No explicit table license/ownership statement located; GEM and transcriptomic-input derivative rights require author confirmation	PENDING_AUTHOR_REVIEW	no
figures/supp_fig5/data/supp_fig5_outcome_composition.tsv	781	7476e3a925359479f42cd51531970d2720a66055d541056b57460a39b9bdf010	Repository-generated table; upstream Bridge/PL1/PL2/A21/A22 lineage recorded in companion manifests	Legacy supplement S5; manuscript mapping requires review	derived	No explicit table license/ownership statement located; GEM and transcriptomic-input derivative rights require author confirmation	PENDING_AUTHOR_REVIEW	no
figures/supp_fig5/data/supp_fig5_truth_tie_coverage.tsv	313	ab761d3467799510005c2cecc28244060378fa7f9dc4cee50bb7a7e311b09c6b	Repository-generated table; upstream Bridge/PL1/PL2/A21/A22 lineage recorded in companion manifests	Legacy supplement S5; manuscript mapping requires review	derived	No explicit table license/ownership statement located; GEM and transcriptomic-input derivative rights require author confirmation	PENDING_AUTHOR_REVIEW	no
figures/supp_fig6/data/supp_fig6_build_manifest.json	4330	7977e9676f9f10bdb83dcb5df2eb90460de55426463e687897d8cae621422dad	Repository-generated table; upstream Bridge/PL1/PL2/A21/A22 lineage recorded in companion manifests	Legacy supplement S6; manuscript mapping requires review	derived	No explicit table license/ownership statement located; GEM and transcriptomic-input derivative rights require author confirmation	PENDING_AUTHOR_REVIEW	no
figures/supp_fig6/data/supp_fig6_geometry.tsv.gz	16307572	68e5276d01e2b4eedb1252c8195b94ad2549f0d06734cb2fbbb474897174bdd5	Repository-generated table; upstream Bridge/PL1/PL2/A21/A22 lineage recorded in companion manifests	Legacy supplement S6; manuscript mapping requires review	derived	No explicit table license/ownership statement located; GEM and transcriptomic-input derivative rights require author confirmation	PENDING_AUTHOR_REVIEW	no
figures/supp_fig6/data/supp_fig6_sign_state_transitions.tsv	254	e9210cdae167ba56251eb1d255bc1a15e2cc903051b80e8c84d2addd39f0f028	Repository-generated table; upstream Bridge/PL1/PL2/A21/A22 lineage recorded in companion manifests	Legacy supplement S6; manuscript mapping requires review	derived	No explicit table license/ownership statement located; GEM and transcriptomic-input derivative rights require author confirmation	PENDING_AUTHOR_REVIEW	no
figures/supp_fig7/data/supp_fig7_example_selection.tsv	5248	73a27e22eb09c2db6475e97d9393d4a0da873b1b599ce4e290916c7f8f4c5dd3	Repository-generated table; upstream Bridge/PL1/PL2/A21/A22 lineage recorded in companion manifests	Legacy supplement S7; manuscript mapping requires review	derived	No explicit table license/ownership statement located; GEM and transcriptomic-input derivative rights require author confirmation	PENDING_AUTHOR_REVIEW	no
figures/supp_fig7/data/supp_fig7_manifest.json	7110	f5caf6ee8583de2a135e030374f9e63c16644fafd1ce4112d17a75bb3515ebc0	Repository-generated table; upstream Bridge/PL1/PL2/A21/A22 lineage recorded in companion manifests	Legacy supplement S7; manuscript mapping requires review	derived	No explicit table license/ownership statement located; GEM and transcriptomic-input derivative rights require author confirmation	PENDING_AUTHOR_REVIEW	no
figures/supp_fig7/data/supp_fig7_support_summary.tsv	2334	7a85a0b6fdef7508e23cbbccabb248e71d88d004d82513ce9b601f2da1d8c306	Repository-generated table; upstream Bridge/PL1/PL2/A21/A22 lineage recorded in companion manifests	Legacy supplement S7; manuscript mapping requires review	derived	No explicit table license/ownership statement located; GEM and transcriptomic-input derivative rights require author confirmation	PENDING_AUTHOR_REVIEW	no
figures/supp_fig7/data/supp_fig7_weighted_distributions.tsv.gz	195194	6587da0e7b48188ecb17808a1134de5861c13f150e15c7ba306f818b893c909f	Repository-generated table; upstream Bridge/PL1/PL2/A21/A22 lineage recorded in companion manifests	Legacy supplement S7; manuscript mapping requires review	derived	No explicit table license/ownership statement located; GEM and transcriptomic-input derivative rights require author confirmation	PENDING_AUTHOR_REVIEW	no
metabolic_network/iMM1865/**			Khodaee et al. 2020	Upstream model	third-party/raw	Redistribution permission not established from inspected repository evidence	OMIT_EXTERNAL_INPUT	no
external_data/brain_glioma_GL261_CT2A/khalsa_GSE151414/**			GSE151414	External transcriptomes	third-party/raw	Redistribution permission not established from inspected repository evidence	OMIT_EXTERNAL_INPUT	no
external_data/brain_glioma_GL261_CT2A/simoes_2025_DMI/**			Simoes et al. 2025; Dryad DOI 10.5061/dryad.905qfttwb	External DMI	third-party/raw	Local Dryad metadata declares CC0-1.0; excluded raw data by scope	OMIT_EXTERNAL_INPUT	no
figures/fig1/recomb_figure1_final_download.svg	12320	70ca6524f2bd1046b9f6053ea870119132ca858f51117b98d77e3391387380fc	Legacy repository SVG; original creator/ownership not explicit in inspected records	Main Figure 1 A-C; conceptual	artwork	Ownership and permission not established; do not infer CC BY 4.0 applicability	PENDING_ARTWORK_REVIEW	no
figures/fig2/recomb_figure2_ABC_rough_design_b.svg	21906	e4c12e73625108bd4e0d5f533708807b2b3f499f695c3fb9f5404d3258430412	Legacy repository SVG; original creator/ownership not explicit in inspected records	Main Figure 2 A-C; conceptual, editorial match pending	artwork	Ownership and permission not established; do not infer CC BY 4.0 applicability	PENDING_ARTWORK_REVIEW	no
figures/fig3/figure3_panelA_directional_information_gain_v2b.svg	12386	a6fb5feb72ed795e44f168f7fa64ecac489632174f78d39e921926638bb90aa9	Legacy repository SVG; original creator/ownership not explicit in inspected records	Main Figure 3 A; conceptual definitions	artwork	Ownership and permission not established; do not infer CC BY 4.0 applicability	PENDING_ARTWORK_REVIEW	no
figures/fig4/figure4_panelA_draft_b.svg	6860	9081d931caf09742e8b437fa84e68fd2f537d16ae16a452a915e63574a16022e	Legacy repository SVG; original creator/ownership not explicit in inspected records	Main Figure 4 A; conceptual matched-anchor diagram	artwork	Ownership and permission not established; do not infer CC BY 4.0 applicability	PENDING_ARTWORK_REVIEW	no
tables/manuscript/fig3_pair_gain_summary.tsv	1175	ac5606670ee216834c5c77299630fb9e794b8fe8d372fc1e6fe4f655d92a7f6d	Repository-generated equal-weight pair summary; manuscript result aggregation verified	Figure 3D source table	derived	Authorized project-generated research product	APPROVED_FOR_REPOSITORY_RELEASE	yes
tables/manuscript/fig3_full_endpoint_separation.tsv	512	6969cfb40a0e49c16dde26158c680ccdba5ca4b79b21d53a0fd1be2959329562	Repository-generated equal-weight pair summary; manuscript result aggregation verified	Figure 3D source table	derived	Authorized project-generated research product	APPROVED_FOR_REPOSITORY_RELEASE	yes
