source_path	classification	destination_path	reason	authority_status	copy_status	bytes	source_sha256
scripts/dmi_bridge3a_registry_v1.py	INCLUDE_PROVENANCE_ONLY	scripts/dmi_bridge3a_registry_v1.py	A1/A2 weight qualification lineage and direct import dependency; older analysis branches are not publication entry points	authoritative code; no new scientific qualification performed	COPIED_BYTE_IDENTICAL	11094	e94a1bc57efeedff9ad06e5699a880e4491e938b4ee3c3f77141363bb0126da4
scripts/dmi_bridge_a20_dual_anchor_core_v1.py	INCLUDE_PRODUCTION	scripts/dmi_bridge_a20_dual_anchor_core_v1.py	Frozen A1/A2 geometry, cue utility, holdout, confirmation or manuscript evidence implementation; native script location preserves imports and fingerprints	authoritative code; no new scientific qualification performed	COPIED_BYTE_IDENTICAL	5413	47309b913ef6f66dfaf606fe987298c5295c441a76337281edb94ff779958f11
scripts/dmi_bridge_a20_dual_anchor_qualification_v1.py	INCLUDE_PRODUCTION	scripts/dmi_bridge_a20_dual_anchor_qualification_v1.py	Frozen A1/A2 geometry, cue utility, holdout, confirmation or manuscript evidence implementation; native script location preserves imports and fingerprints	authoritative code; no new scientific qualification performed	COPIED_BYTE_IDENTICAL	25913	b015ee2931b41407c0f01017a62d83e63fd37b4634b3f4f474d7b3f026c5fa8d
scripts/dmi_bridge_a21_dual_anchor_geometry_core_v1.py	INCLUDE_PRODUCTION	scripts/dmi_bridge_a21_dual_anchor_geometry_core_v1.py	Frozen A1/A2 geometry, cue utility, holdout, confirmation or manuscript evidence implementation; native script location preserves imports and fingerprints	authoritative code; no new scientific qualification performed	COPIED_BYTE_IDENTICAL	6569	b13d0863a3c4322bfde46e725e5325618cdb9a30b7209dcd53d00f960bbd2ed6
scripts/dmi_bridge_a21_dual_anchor_geometry_v1.py	INCLUDE_PRODUCTION	scripts/dmi_bridge_a21_dual_anchor_geometry_v1.py	Frozen A1/A2 geometry, cue utility, holdout, confirmation or manuscript evidence implementation; native script location preserves imports and fingerprints	authoritative code; no new scientific qualification performed	COPIED_BYTE_IDENTICAL	26963	1499d6aed2eceb8813e0ff31f02cf88a486096f85eafdcb9f526089ae110218c
scripts/dmi_bridge_a22_dual_anchor_sign_only_core_v1.py	INCLUDE_PRODUCTION	scripts/dmi_bridge_a22_dual_anchor_sign_only_core_v1.py	Frozen A1/A2 geometry, cue utility, holdout, confirmation or manuscript evidence implementation; native script location preserves imports and fingerprints	authoritative code; no new scientific qualification performed	COPIED_BYTE_IDENTICAL	6549	f02dc1f44aafcee5788ff28b7850950122810abd6154f12568170a4324d4c3d2
scripts/dmi_bridge_a22_dual_anchor_sign_only_utility_v1.py	INCLUDE_PRODUCTION	scripts/dmi_bridge_a22_dual_anchor_sign_only_utility_v1.py	Frozen A1/A2 geometry, cue utility, holdout, confirmation or manuscript evidence implementation; native script location preserves imports and fingerprints	authoritative code; no new scientific qualification performed	COPIED_BYTE_IDENTICAL	29474	c52d070e0431fc6dec3240fb8c4bc911b0e055572e4bc13c079fb3874bef1fdb
scripts/dmi_bridge_a23_a1_a2_synthesis_core_v1.py	INCLUDE_PRODUCTION	scripts/dmi_bridge_a23_a1_a2_synthesis_core_v1.py	Frozen A1/A2 geometry, cue utility, holdout, confirmation or manuscript evidence implementation; native script location preserves imports and fingerprints	authoritative code; no new scientific qualification performed	COPIED_BYTE_IDENTICAL	3283	95ad8026ab6b5f322d8189c36002ed724a5c855cdacc694f87ee01287d9f0d52
scripts/dmi_bridge_a23_a1_a2_synthesis_v1.py	INCLUDE_PRODUCTION	scripts/dmi_bridge_a23_a1_a2_synthesis_v1.py	Frozen A1/A2 geometry, cue utility, holdout, confirmation or manuscript evidence implementation; native script location preserves imports and fingerprints	authoritative code; no new scientific qualification performed	COPIED_BYTE_IDENTICAL	32522	f20eafe652d632e4064308aefd6f2d4f6aac42daae733e186a63f3b0c7d858d5
scripts/dmi_bridge_bio0_audit_core_v1.py	INCLUDE_PROVENANCE_ONLY	scripts/dmi_bridge_bio0_audit_core_v1.py	A1/A2 weight qualification lineage and direct import dependency; older analysis branches are not publication entry points	authoritative code; no new scientific qualification performed	COPIED_BYTE_IDENTICAL	11781	7f3b2fc4de52f3910adfaa7a2e5ffeca8bd170a93d7e0e1768ff58b9b9375a1d
scripts/dmi_bridge_bio0_repo_audit_v1.py	INCLUDE_PROVENANCE_ONLY	scripts/dmi_bridge_bio0_repo_audit_v1.py	A1/A2 weight qualification lineage and direct import dependency; older analysis branches are not publication entry points	authoritative code; no new scientific qualification performed	COPIED_BYTE_IDENTICAL	18896	36c3bec97d114736e67e9b461c779d5d28a11ce83de26585ba884f0b8a328fca
scripts/dmi_bridge_bio0r_qualification_core_v1.py	INCLUDE_PROVENANCE_ONLY	scripts/dmi_bridge_bio0r_qualification_core_v1.py	A1/A2 weight qualification lineage and direct import dependency; older analysis branches are not publication entry points	authoritative code; no new scientific qualification performed	COPIED_BYTE_IDENTICAL	7594	818f5ddcefdc76e6601327f5d1f596a9d11475e1e763c0e8a30dc82477f4a15f
scripts/dmi_bridge_bio0r_repo_qualification_v1.py	INCLUDE_PROVENANCE_ONLY	scripts/dmi_bridge_bio0r_repo_qualification_v1.py	A1/A2 weight qualification lineage and direct import dependency; older analysis branches are not publication entry points	authoritative code; no new scientific qualification performed	COPIED_BYTE_IDENTICAL	48539	de50fc12ab6382a69d0242beedd799e427fa00e026fcb3e9618f1f2ce66e2b1d
scripts/dmi_bridge_m1_manuscript_core_v1.py	INCLUDE_PRODUCTION	scripts/dmi_bridge_m1_manuscript_core_v1.py	Frozen A1/A2 geometry, cue utility, holdout, confirmation or manuscript evidence implementation; native script location preserves imports and fingerprints	authoritative code; no new scientific qualification performed	COPIED_BYTE_IDENTICAL	12015	441b3992bffe85740ed2143e09c8f489d6cbf767215e2c9be8bd7a1e9e013b0b
scripts/dmi_bridge_m1_manuscript_evidence_v1.py	INCLUDE_PRODUCTION	scripts/dmi_bridge_m1_manuscript_evidence_v1.py	Frozen A1/A2 geometry, cue utility, holdout, confirmation or manuscript evidence implementation; native script location preserves imports and fingerprints	authoritative code; no new scientific qualification performed	COPIED_BYTE_IDENTICAL	25028	a48ceadfd437fc9a2e4e0b51533b403e247aa655956042c6c4f06825d4ed9bbd
scripts/dmi_bridge_m2_a2_robustness_core_v1.py	INCLUDE_PRODUCTION	scripts/dmi_bridge_m2_a2_robustness_core_v1.py	Frozen A1/A2 geometry, cue utility, holdout, confirmation or manuscript evidence implementation; native script location preserves imports and fingerprints	authoritative code; no new scientific qualification performed	COPIED_BYTE_IDENTICAL	9371	ba170fb209a87373fec4e73ed8a2b9de545ae12117dad458fabf9a2841d42fe6
scripts/dmi_bridge_m2_a2_robustness_evidence_v1.py	INCLUDE_PRODUCTION	scripts/dmi_bridge_m2_a2_robustness_evidence_v1.py	Frozen A1/A2 geometry, cue utility, holdout, confirmation or manuscript evidence implementation; native script location preserves imports and fingerprints	authoritative code; no new scientific qualification performed	COPIED_BYTE_IDENTICAL	20199	1d84c71cdd4300a3eb91f608dee1b49cd688f739ad185a2afa9e61c6a37c9af6
scripts/dmi_bridge_pl1_predictability_batch_v1.py	INCLUDE_PRODUCTION	scripts/dmi_bridge_pl1_predictability_batch_v1.py	Frozen A1/A2 geometry, cue utility, holdout, confirmation or manuscript evidence implementation; native script location preserves imports and fingerprints	authoritative code; no new scientific qualification performed	COPIED_BYTE_IDENTICAL	10334	087fe171ea4f13266d46e198a740fb4cbf6be64852a3e6a5a1fe53c6fcc326b3
scripts/dmi_bridge_pl1_predictability_core_v1.py	INCLUDE_PRODUCTION	scripts/dmi_bridge_pl1_predictability_core_v1.py	Frozen A1/A2 geometry, cue utility, holdout, confirmation or manuscript evidence implementation; native script location preserves imports and fingerprints	authoritative code; no new scientific qualification performed	COPIED_BYTE_IDENTICAL	14216	bdb254a4aa075870a92f503e3dd551998f924f9a8f95f7086663357c20408408
scripts/dmi_bridge_pl1_predictability_landscape_v1.py	INCLUDE_PRODUCTION	scripts/dmi_bridge_pl1_predictability_landscape_v1.py	Frozen A1/A2 geometry, cue utility, holdout, confirmation or manuscript evidence implementation; native script location preserves imports and fingerprints	authoritative code; no new scientific qualification performed	COPIED_BYTE_IDENTICAL	29316	712c9c8f507a11a5b5f459aebcf681c536c35ac7e2f10c6585330fb19a419823
scripts/dmi_bridge_pl1_predictability_resume_v1.py	INCLUDE_PRODUCTION	scripts/dmi_bridge_pl1_predictability_resume_v1.py	Frozen A1/A2 geometry, cue utility, holdout, confirmation or manuscript evidence implementation; native script location preserves imports and fingerprints	authoritative code; no new scientific qualification performed	COPIED_BYTE_IDENTICAL	28798	599e055d548b47f494914119d3555e0d977e5c2232c94f0390e821313f9e0944
scripts/dmi_bridge_pl1_storage_v1.py	INCLUDE_PRODUCTION	scripts/dmi_bridge_pl1_storage_v1.py	Frozen A1/A2 geometry, cue utility, holdout, confirmation or manuscript evidence implementation; native script location preserves imports and fingerprints	authoritative code; no new scientific qualification performed	COPIED_BYTE_IDENTICAL	12010	7d8678ff6843b83f4f869ac534066580b3405b0fd460088302691471d8fa6321
scripts/dmi_bridge_pl2_sign_only_core_v1.py	INCLUDE_PRODUCTION	scripts/dmi_bridge_pl2_sign_only_core_v1.py	Frozen A1/A2 geometry, cue utility, holdout, confirmation or manuscript evidence implementation; native script location preserves imports and fingerprints	authoritative code; no new scientific qualification performed	COPIED_BYTE_IDENTICAL	13779	9a32da4aa7c58ad7d9bfb29f38f37aa2a05813da4503675c3bf43c9542b0d4ce
scripts/dmi_bridge_pl2a_prepare_v1.py	INCLUDE_PRODUCTION	scripts/dmi_bridge_pl2a_prepare_v1.py	Frozen A1/A2 geometry, cue utility, holdout, confirmation or manuscript evidence implementation; native script location preserves imports and fingerprints	authoritative code; no new scientific qualification performed	COPIED_BYTE_IDENTICAL	30750	50a69a14467015d477e699bd9b642a8d18324f1069a5f793ec03eb72c31ae259
scripts/dmi_bridge_pl2b_batch_v1.py	INCLUDE_PRODUCTION	scripts/dmi_bridge_pl2b_batch_v1.py	Frozen A1/A2 geometry, cue utility, holdout, confirmation or manuscript evidence implementation; native script location preserves imports and fingerprints	authoritative code; no new scientific qualification performed	COPIED_BYTE_IDENTICAL	8550	7da76f5e2d4f2f05a0c8f865014fa9a31954a8abf8ea0a03ea2700cc26b68c7b
scripts/dmi_bridge_pl2b_production_v1.py	INCLUDE_PRODUCTION	scripts/dmi_bridge_pl2b_production_v1.py	Frozen A1/A2 geometry, cue utility, holdout, confirmation or manuscript evidence implementation; native script location preserves imports and fingerprints	authoritative code; no new scientific qualification performed	COPIED_BYTE_IDENTICAL	50338	87c79432915f12f87d6c105b5aa07c1fa55ce287ca5ad87898e333572d8525e3
scripts/dmi_bridge_pl2c_geometry_utility_core_v1.py	INCLUDE_PRODUCTION	scripts/dmi_bridge_pl2c_geometry_utility_core_v1.py	Frozen A1/A2 geometry, cue utility, holdout, confirmation or manuscript evidence implementation; native script location preserves imports and fingerprints	authoritative code; no new scientific qualification performed	COPIED_BYTE_IDENTICAL	12706	009ba3cee43f6b1ad6a517a33357bf74bee54b3df119b1de6a907ea2761dde5d
scripts/dmi_bridge_pl2c_geometry_utility_development_v1.py	INCLUDE_PRODUCTION	scripts/dmi_bridge_pl2c_geometry_utility_development_v1.py	Frozen A1/A2 geometry, cue utility, holdout, confirmation or manuscript evidence implementation; native script location preserves imports and fingerprints	authoritative code; no new scientific qualification performed	COPIED_BYTE_IDENTICAL	28915	ab8c0bb19041ff1617f08575f4798452dde1c7019760249d6b91f2490745ff5c
scripts/dmi_bridge_pl2d_confirmation_core_v1.py	INCLUDE_PRODUCTION	scripts/dmi_bridge_pl2d_confirmation_core_v1.py	Frozen A1/A2 geometry, cue utility, holdout, confirmation or manuscript evidence implementation; native script location preserves imports and fingerprints	authoritative code; no new scientific qualification performed	COPIED_BYTE_IDENTICAL	7921	cb7bd26ddf523098009213691c028872886cbb09f65369dc1dc6dc60c67e9f5e
scripts/dmi_bridge_pl2d_confirmation_v1.py	INCLUDE_PRODUCTION	scripts/dmi_bridge_pl2d_confirmation_v1.py	Frozen A1/A2 geometry, cue utility, holdout, confirmation or manuscript evidence implementation; native script location preserves imports and fingerprints	authoritative code; no new scientific qualification performed	COPIED_BYTE_IDENTICAL	29827	e3934670072d03a0ae7abc3ea3e29210a883eee01c7ab53b7cbdc1b90b9defcc
scripts/dmi_bridge_pl2d_h_support_gate_amendment_core_v1.py	INCLUDE_PRODUCTION	scripts/dmi_bridge_pl2d_h_support_gate_amendment_core_v1.py	Frozen A1/A2 geometry, cue utility, holdout, confirmation or manuscript evidence implementation; native script location preserves imports and fingerprints	authoritative code; no new scientific qualification performed	COPIED_BYTE_IDENTICAL	6408	3f9f8b1b37840d0c2a446d13238060ef31887820a064ab22c32e124c51d120db
scripts/dmi_bridge_pl2d_h_support_gate_amendment_v1.py	INCLUDE_PRODUCTION	scripts/dmi_bridge_pl2d_h_support_gate_amendment_v1.py	Frozen A1/A2 geometry, cue utility, holdout, confirmation or manuscript evidence implementation; native script location preserves imports and fingerprints	authoritative code; no new scientific qualification performed	COPIED_BYTE_IDENTICAL	12590	4c0801e0adfa7338807fe81b426c08702a1905ea11535d45982748aba2866ca4
scripts/dmi_bridge_pl2d_hypothesis_freeze_core_v1.py	INCLUDE_PRODUCTION	scripts/dmi_bridge_pl2d_hypothesis_freeze_core_v1.py	Frozen A1/A2 geometry, cue utility, holdout, confirmation or manuscript evidence implementation; native script location preserves imports and fingerprints	authoritative code; no new scientific qualification performed	COPIED_BYTE_IDENTICAL	12083	0a61bfa15b547fa0a14d0a0fcebc1abdf6b873de259ad6c556dbf044d49ebd98
scripts/dmi_bridge_pl2d_hypothesis_freeze_v1.py	INCLUDE_PRODUCTION	scripts/dmi_bridge_pl2d_hypothesis_freeze_v1.py	Frozen A1/A2 geometry, cue utility, holdout, confirmation or manuscript evidence implementation; native script location preserves imports and fingerprints	authoritative code; no new scientific qualification performed	COPIED_BYTE_IDENTICAL	19658	4703d9bb871185ac10070ab0e6ae56e913a2daace1308c4d62c1a53e27d0c3c2
11_recomb_flux_expert_generation/src/__init__.py	INCLUDE_PRODUCTION	11_recomb_flux_expert_generation/src/__init__.py	Native Stage-11 package dependency closure for four-method reconstruction, qualification and retained-vector generation; optional inherited branches remain dormant	authoritative code; no new scientific qualification performed	COPIED_BYTE_IDENTICAL	212	2f3ea26faa4e335090cf2a775ad4b2aab8f4a894b559552149296259b800f9d1
11_recomb_flux_expert_generation/src/adapters.py	INCLUDE_PRODUCTION	11_recomb_flux_expert_generation/src/adapters.py	Native Stage-11 package dependency closure for four-method reconstruction, qualification and retained-vector generation; optional inherited branches remain dormant	authoritative code; no new scientific qualification performed	COPIED_BYTE_IDENTICAL	15712	9ab61ee4d2ffcdae37b113cc1c4112fc7a3b939a75e68377d522956d1629db4a
11_recomb_flux_expert_generation/src/admission_smoke.py	INCLUDE_PRODUCTION	11_recomb_flux_expert_generation/src/admission_smoke.py	Native Stage-11 package dependency closure for four-method reconstruction, qualification and retained-vector generation; optional inherited branches remain dormant	authoritative code; no new scientific qualification performed	COPIED_BYTE_IDENTICAL	4471	7cd60bb63b993f505bb64b9bf903c502ce4e3fa656f64675268c65b2e87551ba
11_recomb_flux_expert_generation/src/boundary_qc.py	INCLUDE_PRODUCTION	11_recomb_flux_expert_generation/src/boundary_qc.py	Native Stage-11 package dependency closure for four-method reconstruction, qualification and retained-vector generation; optional inherited branches remain dormant	authoritative code; no new scientific qualification performed	COPIED_BYTE_IDENTICAL	8767	0560807bd4dd605faa0f2e01759fdfc2f57ede32a1beac72303fb92e412ff665
11_recomb_flux_expert_generation/src/cache_identity.py	INCLUDE_PRODUCTION	11_recomb_flux_expert_generation/src/cache_identity.py	Native Stage-11 package dependency closure for four-method reconstruction, qualification and retained-vector generation; optional inherited branches remain dormant	authoritative code; no new scientific qualification performed	COPIED_BYTE_IDENTICAL	19552	961c0b39fd0d146d30e676874d3687575ffe8a49c69e41c3106185a020b51892
11_recomb_flux_expert_generation/src/corda_canonical.py	INCLUDE_PRODUCTION	11_recomb_flux_expert_generation/src/corda_canonical.py	Native Stage-11 package dependency closure for four-method reconstruction, qualification and retained-vector generation; optional inherited branches remain dormant	authoritative code; no new scientific qualification performed	COPIED_BYTE_IDENTICAL	3924	d1f45b70d9bf08d265cd48fdb8a4281a42cab932f60c31c857121b2660c285c7
11_recomb_flux_expert_generation/src/core.py	INCLUDE_PRODUCTION	11_recomb_flux_expert_generation/src/core.py	Native Stage-11 package dependency closure for four-method reconstruction, qualification and retained-vector generation; optional inherited branches remain dormant	authoritative code; no new scientific qualification performed	COPIED_BYTE_IDENTICAL	12516	a432b9f427f7ae039b9ab75c881bb17b290b61ef6e5a7ac73467b02a0ef893b5
11_recomb_flux_expert_generation/src/ensembles.py	INCLUDE_PRODUCTION	11_recomb_flux_expert_generation/src/ensembles.py	Native Stage-11 package dependency closure for four-method reconstruction, qualification and retained-vector generation; optional inherited branches remain dormant	authoritative code; no new scientific qualification performed	COPIED_BYTE_IDENTICAL	15157	38a43c060a561bcf1119d3978b8f30f520a1f9459ab76d9f7bdb283c636e8893
11_recomb_flux_expert_generation/src/expert_artifacts.py	INCLUDE_PRODUCTION	11_recomb_flux_expert_generation/src/expert_artifacts.py	Native Stage-11 package dependency closure for four-method reconstruction, qualification and retained-vector generation; optional inherited branches remain dormant	authoritative code; no new scientific qualification performed	COPIED_BYTE_IDENTICAL	17979	4ded17c02098e756936adbf3b7870a3c506db30222046c4a1e53c180527fd298
11_recomb_flux_expert_generation/src/expert_fitting.py	INCLUDE_PRODUCTION	11_recomb_flux_expert_generation/src/expert_fitting.py	Native Stage-11 package dependency closure for four-method reconstruction, qualification and retained-vector generation; optional inherited branches remain dormant	authoritative code; no new scientific qualification performed	COPIED_BYTE_IDENTICAL	11222	107a1e0c2e71a1a24fe4313f2cfd0ae8ebb4976845e36cf891f0d425276f5054
11_recomb_flux_expert_generation/src/folds.py	INCLUDE_PRODUCTION	11_recomb_flux_expert_generation/src/folds.py	Native Stage-11 package dependency closure for four-method reconstruction, qualification and retained-vector generation; optional inherited branches remain dormant	authoritative code; no new scientific qualification performed	COPIED_BYTE_IDENTICAL	2349	6647040cf18970de6eedbcda24737980c7d53b3ab89e081ba7f9cee4c9b60715
11_recomb_flux_expert_generation/src/gimme_repair.py	INCLUDE_PRODUCTION	11_recomb_flux_expert_generation/src/gimme_repair.py	Native Stage-11 package dependency closure for four-method reconstruction, qualification and retained-vector generation; optional inherited branches remain dormant	authoritative code; no new scientific qualification performed	COPIED_BYTE_IDENTICAL	18160	7a041494c1bd5821fef7861a57b031928354de2358a6fac00cc835478936d372
11_recomb_flux_expert_generation/src/imat_canonical.py	INCLUDE_PRODUCTION	11_recomb_flux_expert_generation/src/imat_canonical.py	Native Stage-11 package dependency closure for four-method reconstruction, qualification and retained-vector generation; optional inherited branches remain dormant	authoritative code; no new scientific qualification performed	COPIED_BYTE_IDENTICAL	21768	b578f576805817848a6e832b529ac44ec7b4e01eef3e765e148f797730e3eb26
11_recomb_flux_expert_generation/src/jobs.py	INCLUDE_PRODUCTION	11_recomb_flux_expert_generation/src/jobs.py	Native Stage-11 package dependency closure for four-method reconstruction, qualification and retained-vector generation; optional inherited branches remain dormant	authoritative code; no new scientific qualification performed	COPIED_BYTE_IDENTICAL	35264	5a92bae208cdf2b676938adfb5c8044496c70b04d8eca7a87cd32bfe5f67a53d
11_recomb_flux_expert_generation/src/models.py	INCLUDE_PRODUCTION	11_recomb_flux_expert_generation/src/models.py	Native Stage-11 package dependency closure for four-method reconstruction, qualification and retained-vector generation; optional inherited branches remain dormant	authoritative code; no new scientific qualification performed	COPIED_BYTE_IDENTICAL	36559	0a58a27406bbc89d4a8edf65af38ca5b64ba890e2e336c4c3610d4a08b305a9d
11_recomb_flux_expert_generation/src/parallel_runner.py	INCLUDE_PRODUCTION	11_recomb_flux_expert_generation/src/parallel_runner.py	Native Stage-11 package dependency closure for four-method reconstruction, qualification and retained-vector generation; optional inherited branches remain dormant	authoritative code; no new scientific qualification performed	COPIED_BYTE_IDENTICAL	8044	8227cdce77f507bf3e6c2cd43894b6137d3a84fd1a681cd1476f135e4c02e31c
11_recomb_flux_expert_generation/src/projections.py	INCLUDE_PRODUCTION	11_recomb_flux_expert_generation/src/projections.py	Native Stage-11 package dependency closure for four-method reconstruction, qualification and retained-vector generation; optional inherited branches remain dormant	authoritative code; no new scientific qualification performed	COPIED_BYTE_IDENTICAL	4586	11aa3ebc0f9c2d659d49e5176be84641a7e812d787b984daaa928cb0df19b8e7
11_recomb_flux_expert_generation/src/qc.py	INCLUDE_PRODUCTION	11_recomb_flux_expert_generation/src/qc.py	Native Stage-11 package dependency closure for four-method reconstruction, qualification and retained-vector generation; optional inherited branches remain dormant	authoritative code; no new scientific qualification performed	COPIED_BYTE_IDENTICAL	3998	753d59d0b7e99b5964edd025528ccb5b6d3455dd64e5f92f0f6ade63bc12c872
11_recomb_flux_expert_generation/src/qualification.py	INCLUDE_PRODUCTION	11_recomb_flux_expert_generation/src/qualification.py	Native Stage-11 package dependency closure for four-method reconstruction, qualification and retained-vector generation; optional inherited branches remain dormant	authoritative code; no new scientific qualification performed	COPIED_BYTE_IDENTICAL	23605	6b6c177441ee1a651a452070fdac43ecb34d5f410bf86821e570ad32e71571fa
11_recomb_flux_expert_generation/src/riptide_native.py	INCLUDE_PRODUCTION	11_recomb_flux_expert_generation/src/riptide_native.py	Native Stage-11 package dependency closure for four-method reconstruction, qualification and retained-vector generation; optional inherited branches remain dormant	authoritative code; no new scientific qualification performed	COPIED_BYTE_IDENTICAL	3041	ee59c5ff875d68169bb028eb5f75d8bd37e188218ef134d278d4b54c33eb2ab2
11_recomb_flux_expert_generation/src/riptide_repair.py	INCLUDE_PRODUCTION	11_recomb_flux_expert_generation/src/riptide_repair.py	Native Stage-11 package dependency closure for four-method reconstruction, qualification and retained-vector generation; optional inherited branches remain dormant	authoritative code; no new scientific qualification performed	COPIED_BYTE_IDENTICAL	9794	43b8b3771f83b15b5079ddc15640d8e7dc9f5b8f323e59eedc7921e3fd0331fb
11_recomb_flux_expert_generation/requirements.txt	INCLUDE_PROVENANCE_ONLY	manifests/provenance/source/11_recomb_flux_expert_generation/requirements.txt	Frozen environment or input configuration retained as historical provenance, not an executable release configuration	authoritative code; no new scientific qualification performed	COPIED_BYTE_IDENTICAL	74	e5cc3621c4a427fb2bfe711e2dfbe631828b0c671ab13b43ff560076b25b667a
11_recomb_flux_expert_generation/provenance/master_config.yaml	INCLUDE_PROVENANCE_ONLY	manifests/provenance/source/11_recomb_flux_expert_generation/provenance/master_config.yaml	Frozen environment or input configuration retained as historical provenance, not an executable release configuration	authoritative code; no new scientific qualification performed	COPIED_BYTE_IDENTICAL	3118	9f903956a376534bccad5a5a7b9404abe18e4777a474c36f0b9c97c129a8efd1
11_recomb_flux_expert_generation/config/input_paths.yaml	INCLUDE_PROVENANCE_ONLY	manifests/provenance/source/11_recomb_flux_expert_generation/config/input_paths.yaml	Frozen environment or input configuration retained as historical provenance, not an executable release configuration	authoritative code; no new scientific qualification performed	COPIED_BYTE_IDENTICAL	819	92fa9e0467523c0a6fe71ddce7dcefe2855bf4e7ac00e87b43e93ad8b6e507d1
figures/fig3/make_fig3_gain_tables.py	INCLUDE_PRODUCTION	figures/main/fig3/upstream/make_fig3_gain_tables.py	Original authoritative data-builder code retained for audit; frozen figure entry point does not execute it	authoritative code; no new scientific qualification performed	COPIED_PATH_ADAPTED	21399	632ebd3c07998371ea48f1f14c7c3238d73155d16fc57419a01ef64a8134924d
figures/fig4/build_fig4_tables_updated.py	INCLUDE_PRODUCTION	figures/main/fig4/upstream/build_fig4_tables_updated.py	Original authoritative data-builder code retained for audit; frozen figure entry point does not execute it	authoritative code; no new scientific qualification performed	COPIED_PATH_ADAPTED	64191	a69540ff31413a23b77be232bb6a4336f5e159b2c58d3acde746c07b7f406723
scripts/export_recomb_figure2_dg_points_v1.py	INCLUDE_PRODUCTION	figures/main/fig2/upstream/export_recomb_figure2_dg_points_v1.py	Original authoritative data-builder code retained for audit; frozen figure entry point does not execute it	authoritative code; no new scientific qualification performed	COPIED_PATH_ADAPTED	21151	8f5ba6c1850918ae96d32ed66f0daf498a1b0a7135265f86c7b5952186438afe
RECOMB_MANUSCRIPT_TECHNICAL_AUDIT.md	INCLUDE_PROVENANCE_ONLY	manifests/provenance/source/RECOMB_MANUSCRIPT_TECHNICAL_AUDIT.md	Read-only audit evidence; warnings and historical terminology preserved verbatim	authoritative code; no new scientific qualification performed	COPIED_BYTE_IDENTICAL	45230	3ec5aa893002bc2c9ccbff55d5fa65082af89f782b5977d8d7fe4de7fa7b8a6a
SUPPLEMENTARY_FIGURES_WAVE1_AUDIT.md	INCLUDE_PROVENANCE_ONLY	manifests/provenance/source/SUPPLEMENTARY_FIGURES_WAVE1_AUDIT.md	Read-only audit evidence; warnings and historical terminology preserved verbatim	authoritative code; no new scientific qualification performed	COPIED_BYTE_IDENTICAL	14456	853d567d26d8f93aa5a280fa6e23995f8d4f11d080f01205be561af1eea3091b
docs/DMI_BRIDGE_A20_DUAL_STRONG_ANCHOR_QUALIFICATION.md	INCLUDE_PROVENANCE_ONLY	manifests/provenance/source/docs/DMI_BRIDGE_A20_DUAL_STRONG_ANCHOR_QUALIFICATION.md	Frozen scientific contract and endpoint definitions; historical filenames preserved	authoritative code; no new scientific qualification performed	COPIED_BYTE_IDENTICAL	7993	c4d733cb88e84baee54dde87d4860ff6102a3e9dc4f975fe925f0dd6840a1da3
docs/DMI_BRIDGE_A21_DUAL_ANCHOR_GEOMETRY.md	INCLUDE_PROVENANCE_ONLY	manifests/provenance/source/docs/DMI_BRIDGE_A21_DUAL_ANCHOR_GEOMETRY.md	Frozen scientific contract and endpoint definitions; historical filenames preserved	authoritative code; no new scientific qualification performed	COPIED_BYTE_IDENTICAL	7789	44f7a99b46936da4ad9216c4ce3e4d10bb3f19034b9b4a26a51e206decb763d9
docs/DMI_BRIDGE_A22_DUAL_ANCHOR_SIGN_ONLY_UTILITY.md	INCLUDE_PROVENANCE_ONLY	manifests/provenance/source/docs/DMI_BRIDGE_A22_DUAL_ANCHOR_SIGN_ONLY_UTILITY.md	Frozen scientific contract and endpoint definitions; historical filenames preserved	authoritative code; no new scientific qualification performed	COPIED_BYTE_IDENTICAL	8416	c2622540e98670d9999ff9557e0c3651cd72ab535559966c5d5c7830678cdb3c
docs/DMI_BRIDGE_A23_A1_A2_SYNTHESIS.md	INCLUDE_PROVENANCE_ONLY	manifests/provenance/source/docs/DMI_BRIDGE_A23_A1_A2_SYNTHESIS.md	Frozen scientific contract and endpoint definitions; historical filenames preserved	authoritative code; no new scientific qualification performed	COPIED_BYTE_IDENTICAL	6920	b1703b6918e4194ab20d50c9ad93dd384b45eaafc18932b45cfdad47dacb2a68
docs/DMI_BRIDGE_M1_MANUSCRIPT_EVIDENCE_CONSOLIDATION.md	INCLUDE_PROVENANCE_ONLY	manifests/provenance/source/docs/DMI_BRIDGE_M1_MANUSCRIPT_EVIDENCE_CONSOLIDATION.md	Frozen scientific contract and endpoint definitions; historical filenames preserved	authoritative code; no new scientific qualification performed	COPIED_BYTE_IDENTICAL	9539	de981b84ae85739920753617539a2752a56272cc2b78251d7d084a93f0cd278b
docs/DMI_BRIDGE_M2_A2_ROBUSTNESS_EVIDENCE_CONSOLIDATION.md	INCLUDE_PROVENANCE_ONLY	manifests/provenance/source/docs/DMI_BRIDGE_M2_A2_ROBUSTNESS_EVIDENCE_CONSOLIDATION.md	Frozen scientific contract and endpoint definitions; historical filenames preserved	authoritative code; no new scientific qualification performed	COPIED_BYTE_IDENTICAL	9851	80093f337b38ab6b316e211d5cbeed8fd757b7899e5c854893454872bbdd344a
docs/DMI_BRIDGE_PL1_PREDICTABILITY_LANDSCAPE.md	INCLUDE_PROVENANCE_ONLY	manifests/provenance/source/docs/DMI_BRIDGE_PL1_PREDICTABILITY_LANDSCAPE.md	Frozen scientific contract and endpoint definitions; historical filenames preserved	authoritative code; no new scientific qualification performed	COPIED_BYTE_IDENTICAL	5280	269d955f19b61ff37cfdc7d91e2fa15be0d8839dfc0a266cb3652aa0baeaf812
docs/DMI_BRIDGE_PL2B_PRODUCTION_CONTRACT.md	INCLUDE_PROVENANCE_ONLY	manifests/provenance/source/docs/DMI_BRIDGE_PL2B_PRODUCTION_CONTRACT.md	Frozen scientific contract and endpoint definitions; historical filenames preserved	authoritative code; no new scientific qualification performed	COPIED_BYTE_IDENTICAL	6469	80e07f0d8081dfbdcda7f8441c7ad612dcbf1314b31664a754f0582dcfa5d84e
docs/DMI_BRIDGE_PL2C_GEOMETRY_UTILITY_DEVELOPMENT_CONTRACT.md	INCLUDE_PROVENANCE_ONLY	manifests/provenance/source/docs/DMI_BRIDGE_PL2C_GEOMETRY_UTILITY_DEVELOPMENT_CONTRACT.md	Frozen scientific contract and endpoint definitions; historical filenames preserved	authoritative code; no new scientific qualification performed	COPIED_BYTE_IDENTICAL	9117	a2f4fb9dea857d91b7827506036abc407b2194b23814007c7c777ba7db34f471
docs/DMI_BRIDGE_PL2D_CONFIRMATION_CONTRACT.md	INCLUDE_PROVENANCE_ONLY	manifests/provenance/source/docs/DMI_BRIDGE_PL2D_CONFIRMATION_CONTRACT.md	Frozen scientific contract and endpoint definitions; historical filenames preserved	authoritative code; no new scientific qualification performed	COPIED_BYTE_IDENTICAL	9848	bcb73a34640fb1612d3d1a79d2e2188b38d7d5219b124eac22b02199e1378371
docs/DMI_BRIDGE_PL2D_HYPOTHESIS_FREEZE_CONTRACT.md	INCLUDE_PROVENANCE_ONLY	manifests/provenance/source/docs/DMI_BRIDGE_PL2D_HYPOTHESIS_FREEZE_CONTRACT.md	Frozen scientific contract and endpoint definitions; historical filenames preserved	authoritative code; no new scientific qualification performed	COPIED_BYTE_IDENTICAL	8590	29a67cc4eacb5077514521a2c8efd36df2920d9fa11f2655004010a02a589eb1
docs/DMI_BRIDGE_PL2D_H_SUPPORT_GATE_AMENDMENT_V1.md	INCLUDE_PROVENANCE_ONLY	manifests/provenance/source/docs/DMI_BRIDGE_PL2D_H_SUPPORT_GATE_AMENDMENT_V1.md	Frozen scientific contract and endpoint definitions; historical filenames preserved	authoritative code; no new scientific qualification performed	COPIED_BYTE_IDENTICAL	6178	5fa69753c30f5d81f4c6a0ca2e8a6cc006b11e1850b17abf892381b4d30e6cc3
docs/DMI_BRIDGE_PL2_SIGN_ONLY_UTILITY.md	INCLUDE_PROVENANCE_ONLY	manifests/provenance/source/docs/DMI_BRIDGE_PL2_SIGN_ONLY_UTILITY.md	Frozen scientific contract and endpoint definitions; historical filenames preserved	authoritative code; no new scientific qualification performed	COPIED_BYTE_IDENTICAL	7891	4c6e8b717d3dc78cd0fc9803efff2826587c2a4de3d276eeb4c933e8841acea9
tests/test_dmi_bridge_a20_dual_anchor_core_v1.py	INCLUDE_PRODUCTION	tests/test_dmi_bridge_a20_dual_anchor_core_v1.py	Existing synthetic scientific-core regression checks; no solver/repository data required after inspection	authoritative code; no new scientific qualification performed	COPIED_BYTE_IDENTICAL	2251	8793de217755ce4457806dd9fb8aa4d629ef6ecce8efcb87950801119cd1ed41
tests/test_dmi_bridge_a21_dual_anchor_geometry_core_v1.py	INCLUDE_PRODUCTION	tests/test_dmi_bridge_a21_dual_anchor_geometry_core_v1.py	Existing synthetic scientific-core regression checks; no solver/repository data required after inspection	authoritative code; no new scientific qualification performed	COPIED_BYTE_IDENTICAL	3798	22cb95da9e4bd6244f479aa0d67b3d31dc27806e4abb2bf82a8eb00f7b8bf70c
tests/test_dmi_bridge_a22_dual_anchor_sign_only_core_v1.py	INCLUDE_PRODUCTION	tests/test_dmi_bridge_a22_dual_anchor_sign_only_core_v1.py	Existing synthetic scientific-core regression checks; no solver/repository data required after inspection	authoritative code; no new scientific qualification performed	COPIED_BYTE_IDENTICAL	3318	fbf8a0bfe8a7e15eee1c65bc83dea0f31bd397accaf878139d68ac1cbb9c3f62
tests/test_dmi_bridge_a23_a1_a2_synthesis_core_v1.py	INCLUDE_PRODUCTION	tests/test_dmi_bridge_a23_a1_a2_synthesis_core_v1.py	Existing synthetic scientific-core regression checks; no solver/repository data required after inspection	authoritative code; no new scientific qualification performed	COPIED_BYTE_IDENTICAL	1443	775d9d8acc6243cd30b6b814817582317563879ef01e7cd895f9aecfba6ebda6
tests/test_dmi_bridge_m1_manuscript_core_v1.py	INCLUDE_PRODUCTION	tests/test_dmi_bridge_m1_manuscript_core_v1.py	Existing synthetic scientific-core regression checks; no solver/repository data required after inspection	authoritative code; no new scientific qualification performed	COPIED_BYTE_IDENTICAL	5443	bbbecfd8c58db861703353f3bdf321848d3ff519a18a2e4fb4ec78e3113fb30e
tests/test_dmi_bridge_m2_a2_robustness_core_v1.py	INCLUDE_PRODUCTION	tests/test_dmi_bridge_m2_a2_robustness_core_v1.py	Existing synthetic scientific-core regression checks; no solver/repository data required after inspection	authoritative code; no new scientific qualification performed	COPIED_BYTE_IDENTICAL	3688	2591b3afbd8faf04da45ef46695b0cbd9094972a0813ba95d0cc324c3d0e8bad
tests/test_dmi_bridge_pl2_sign_only_core_v1.py	INCLUDE_PRODUCTION	tests/test_dmi_bridge_pl2_sign_only_core_v1.py	Existing synthetic scientific-core regression checks; no solver/repository data required after inspection	authoritative code; no new scientific qualification performed	COPIED_BYTE_IDENTICAL	5740	e2f241d6da974871921288fc2f3628440241dce43750d467ebaca487b059868b
tests/test_dmi_bridge_pl2c_geometry_utility_core_v1.py	INCLUDE_PRODUCTION	tests/test_dmi_bridge_pl2c_geometry_utility_core_v1.py	Existing synthetic scientific-core regression checks; no solver/repository data required after inspection	authoritative code; no new scientific qualification performed	COPIED_BYTE_IDENTICAL	5981	ef44201c8bb53174c91174ca61049704b12dd8ba0450174d1975699364ed531a
tests/test_dmi_bridge_pl2d_confirmation_core_v1.py	INCLUDE_PRODUCTION	tests/test_dmi_bridge_pl2d_confirmation_core_v1.py	Existing synthetic scientific-core regression checks; no solver/repository data required after inspection	authoritative code; no new scientific qualification performed	COPIED_BYTE_IDENTICAL	5378	b383f7f14e183b9a5c23fcfe1d73265591667ea4cd4fe9c165baaf83b6917b44
tests/test_dmi_bridge_pl2d_h_support_gate_amendment_core_v1.py	INCLUDE_PRODUCTION	tests/test_dmi_bridge_pl2d_h_support_gate_amendment_core_v1.py	Existing synthetic scientific-core regression checks; no solver/repository data required after inspection	authoritative code; no new scientific qualification performed	COPIED_BYTE_IDENTICAL	5322	3c1c52c1adad7511613da00b1dc4f3ff3a3622a7b7776731050d0db614906ce0
tests/test_dmi_bridge_pl2d_hypothesis_freeze_core_v1.py	INCLUDE_PRODUCTION	tests/test_dmi_bridge_pl2d_hypothesis_freeze_core_v1.py	Existing synthetic scientific-core regression checks; no solver/repository data required after inspection	authoritative code; no new scientific qualification performed	COPIED_BYTE_IDENTICAL	8056	812af0ceaf39b7fc4a5f2e3c2ffba564a39d6c7ef7e7c020f0afc3c25785a2a7
figures/fig2/figure2_DG_points.csv.xz	EXCLUDE_LARGE_OR_EXTERNAL		Required numerical input withheld pending author redistribution review	Frozen scientific relevance; rights pending	WITHHELD_RIGHTS	144940	aedc195237389ccd131cb983d7948483fc84ab1d0df1d88b5f1c1601577cf161
figures/fig3/tables/fig3_directional_advantage_summary.parquet.xz	EXCLUDE_LARGE_OR_EXTERNAL		Required numerical input withheld pending author redistribution review	Frozen scientific relevance; rights pending	WITHHELD_RIGHTS	2324	d2ec6a86e344877f878b63e9ad03c5de0823f821b7527b8e4191f1ab5d39afab
figures/fig3/tables/fig3_gain_cue_direction.parquet.xz	EXCLUDE_LARGE_OR_EXTERNAL		Required numerical input withheld pending author redistribution review	Frozen scientific relevance; rights pending	WITHHELD_RIGHTS	7894460	3c571ad4b97bb451d165c00fd464ccb51b0b5de8c8e69a49d3b423d78eeee30d
figures/fig3/tables/fig3_gain_definition_audit.parquet.xz	EXCLUDE_LARGE_OR_EXTERNAL		Required numerical input withheld pending author redistribution review	Frozen scientific relevance; rights pending	WITHHELD_RIGHTS	2776	32370fc711e923d1476464e7e16e62b8f1f44cee7e1ae0de967cf695de0f4533
figures/fig3/tables/fig3_gain_distribution_metadata.json	EXCLUDE_LARGE_OR_EXTERNAL		Required numerical input withheld pending author redistribution review	Frozen scientific relevance; rights pending	WITHHELD_RIGHTS	8356	d6ebfaa08aec0255104463bd327c55a74f24a1d074589d563782cb5953ab14a7
figures/fig3/tables/fig3_gain_reaction_evaluation.parquet.xz	EXCLUDE_LARGE_OR_EXTERNAL		Required numerical input withheld pending author redistribution review	Frozen scientific relevance; rights pending	WITHHELD_RIGHTS	16541408	7a83a31d29317f7b0d906fff73691428d98427d93d2fdebd4ef91294f8a46676
figures/fig3/tables/fig3_gain_summary.parquet.xz	EXCLUDE_LARGE_OR_EXTERNAL		Required numerical input withheld pending author redistribution review	Frozen scientific relevance; rights pending	WITHHELD_RIGHTS	2496	0529bab84c6ad4cfc4a3c9e0d07ad418afcab3be52d2254183400dcd679af482
figures/fig4/data/fig4_data_manifest.json	EXCLUDE_LARGE_OR_EXTERNAL		Required numerical input withheld pending author redistribution review	Frozen scientific relevance; rights pending	WITHHELD_RIGHTS	326448	2e603c24e53816c3ef0456d14e2ae69d4844e764925d184f2221d6fff482a119
figures/fig4/data/fig4_data_qc_summary.txt	EXCLUDE_LARGE_OR_EXTERNAL		Required numerical input withheld pending author redistribution review	Frozen scientific relevance; rights pending	WITHHELD_RIGHTS	310	8bcee29a362a2ac2e39916202b9b9c10d8d012ae514397ae5207e66395d882a8
figures/fig4/data/fig4_panelB_summary.tsv	EXCLUDE_LARGE_OR_EXTERNAL		Required numerical input withheld pending author redistribution review	Frozen scientific relevance; rights pending	WITHHELD_RIGHTS	705	c8e5dc968cbd5d5557dcdc0b2826bcc6de391994104c61661d9d9649fac87dff
figures/fig4/data/fig4_panelB_summary.tsv.xz	EXCLUDE_LARGE_OR_EXTERNAL		Required numerical input withheld pending author redistribution review	Frozen scientific relevance; rights pending	WITHHELD_RIGHTS	416	4d8059930141026d758b77eb8efdc3eb0698b9794dc6272f0884ef6ed7e02199
figures/fig4/data/fig4_panelC_candidate_groups.parquet.xz	EXCLUDE_LARGE_OR_EXTERNAL		Required numerical input withheld pending author redistribution review	Frozen scientific relevance; rights pending	WITHHELD_RIGHTS	27300	c3ed7de42c909954e54c8394fffa0c789bb08ddd2834a601d78b9c33cbee6f34
figures/fig4/data/fig4_panelC_candidate_metrics.parquet.xz	EXCLUDE_LARGE_OR_EXTERNAL		Required numerical input withheld pending author redistribution review	Frozen scientific relevance; rights pending	WITHHELD_RIGHTS	57864	1bd919cb7f0d6418e83761b1da4f6d31e0d809c6b9ba39a174d65577d98bbd65
figures/fig4/data/fig4_panelC_candidate_support.parquet.xz	EXCLUDE_LARGE_OR_EXTERNAL		Required numerical input withheld pending author redistribution review	Frozen scientific relevance; rights pending	WITHHELD_RIGHTS	1053264	f37f96f07f59bbcd1053deb9dc3fc3055d73f698920f64acfdfdfe8caf54c5dd
figures/fig4/data/fig4_utility_paired/algorithm=iMAT/part-000.parquet.xz	EXCLUDE_LARGE_OR_EXTERNAL		Required numerical input withheld pending author redistribution review	Frozen scientific relevance; rights pending	WITHHELD_RIGHTS	50851888	d92af1ab5656889cc91c4ee95178945e6db29b71dc8fa1d600f612320ed5888b
figures/fig4/data/fig4_utility_paired/algorithm=GIMME/part-000.parquet.xz	EXCLUDE_LARGE_OR_EXTERNAL		Required numerical input withheld pending author redistribution review	Frozen scientific relevance; rights pending	WITHHELD_RIGHTS	39297396	110a31cdb7b129de1b58e51612c9eb74f25c16273d594d42e709294ab9ec2a92
figures/fig4/data/fig4_utility_paired/algorithm=RIPTiDe/part-000.parquet.xz	EXCLUDE_LARGE_OR_EXTERNAL		Required numerical input withheld pending author redistribution review	Frozen scientific relevance; rights pending	WITHHELD_RIGHTS	5891680	918123f42613e333991fc70326b990fbedf8ee13be345bdb6efcdd68f073bee2
figures/fig4/data/fig4_utility_paired/algorithm=CORDA/part-000.parquet.xz	EXCLUDE_LARGE_OR_EXTERNAL		Required numerical input withheld pending author redistribution review	Frozen scientific relevance; rights pending	WITHHELD_RIGHTS	53281056	86b5e8997085f215f72b1e6136ea689fc0a623efc1f4561d73a7222069d08ad2
figures/fig4/data/fig4_geometry_paired/algorithm=iMAT/part.parquet.xz	EXCLUDE_LARGE_OR_EXTERNAL		Required numerical input withheld pending author redistribution review	Frozen scientific relevance; rights pending	WITHHELD_RIGHTS	26366892	a44c629ffdc5ddcb1956d6132a8ec15d7dbb358e86b7888b512e315a73d4a070
figures/fig4/data/fig4_geometry_paired/algorithm=GIMME/part.parquet.xz	EXCLUDE_LARGE_OR_EXTERNAL		Required numerical input withheld pending author redistribution review	Frozen scientific relevance; rights pending	WITHHELD_RIGHTS	24432076	f492947266440ed378540d6c0d6a40aabb8952fafef5cc728dbc8c9aa70f17ad
figures/fig4/data/fig4_geometry_paired/algorithm=RIPTiDe/part.parquet.xz	EXCLUDE_LARGE_OR_EXTERNAL		Required numerical input withheld pending author redistribution review	Frozen scientific relevance; rights pending	WITHHELD_RIGHTS	2326932	642fc972db1aa17854fbd631afb909fc07e9be54c7d5fdc51d23fbb60ffc2e42
figures/fig4/data/fig4_geometry_paired/algorithm=CORDA/part.parquet.xz	EXCLUDE_LARGE_OR_EXTERNAL		Required numerical input withheld pending author redistribution review	Frozen scientific relevance; rights pending	WITHHELD_RIGHTS	29827476	0fd4d308c6d03d5ef144fb5e8c48e497e115af7bc27cdddd1010ddef4e3ba457
figures/supp_fig1/data/candidate_weights.tsv	EXCLUDE_LARGE_OR_EXTERNAL		Required numerical input withheld pending author redistribution review	Frozen scientific relevance; rights pending	WITHHELD_RIGHTS	608185	6e2c34e0f1da709c7847f040efa3408db4b104bdab7ba5b11febcde41786256f
figures/supp_fig1/data/conditional_stratum_summary.tsv	EXCLUDE_LARGE_OR_EXTERNAL		Required numerical input withheld pending author redistribution review	Frozen scientific relevance; rights pending	WITHHELD_RIGHTS	33119	56f0fa4d4a6141f137e85893e5c021572cf195c657ab3b64034d3cfb577c9b01
figures/supp_fig1/data/contrast_product_support.tsv	EXCLUDE_LARGE_OR_EXTERNAL		Required numerical input withheld pending author redistribution review	Frozen scientific relevance; rights pending	WITHHELD_RIGHTS	89622	3c0ce26bd55d41d2e01a761c66124060493ef268b3bfbe0fdcc58b33c4c16651
figures/supp_fig1/data/global_ess_summary.tsv	EXCLUDE_LARGE_OR_EXTERNAL		Required numerical input withheld pending author redistribution review	Frozen scientific relevance; rights pending	WITHHELD_RIGHTS	1208	8c5024056a76cf4526f7670f4e7dd4cbc090754c2ba3d9909333e5e2be65381f
figures/supp_fig1/data/post_holdout_candidate_support.tsv	EXCLUDE_LARGE_OR_EXTERNAL		Required numerical input withheld pending author redistribution review	Frozen scientific relevance; rights pending	WITHHELD_RIGHTS	194663	fa3cb970af53be264e3ca951a652e22cbc013942191307a9c53d534099f0d691
figures/supp_fig1/data/post_holdout_pair_support.tsv	EXCLUDE_LARGE_OR_EXTERNAL		Required numerical input withheld pending author redistribution review	Frozen scientific relevance; rights pending	WITHHELD_RIGHTS	565215	65ce49fa4b2a0bd46693f8b334af7c69428dc96ece28f12b25747a3226f8dbf2
figures/supp_fig1/data/validation_summary.json	EXCLUDE_LARGE_OR_EXTERNAL		Required numerical input withheld pending author redistribution review	Frozen scientific relevance; rights pending	WITHHELD_RIGHTS	5890	7580a5383cd54e595a54f9b422c72b9493c3b2a136655fb051e070111ebfb8cd
figures/supp_fig2/data/supp_fig2_H_dir_paired_shifts.tsv.gz	EXCLUDE_LARGE_OR_EXTERNAL		Required numerical input withheld pending author redistribution review	Frozen scientific relevance; rights pending	WITHHELD_RIGHTS	11893379	4d0c2aff465c26602c0f29c43809e73d0aa453082683d71f7df1c0252ceff558
figures/supp_fig2/data/supp_fig2_dominant_direction_mass_paired_shifts.tsv.gz	EXCLUDE_LARGE_OR_EXTERNAL		Required numerical input withheld pending author redistribution review	Frozen scientific relevance; rights pending	WITHHELD_RIGHTS	11428556	1e21345e74e6bd605ff790c5306a7c94f1c6199cdfc40b7c0687bf7e1b23fab8
figures/supp_fig2/data/supp_fig2_table_summary.json	EXCLUDE_LARGE_OR_EXTERNAL		Required numerical input withheld pending author redistribution review	Frozen scientific relevance; rights pending	WITHHELD_RIGHTS	6242	0478117c353dbaf936d2c7414575ab7bbb087bb5a06360e20d286172899e71df
figures/supp_fig3/data/supp_fig3_build_manifest.json	EXCLUDE_LARGE_OR_EXTERNAL		Required numerical input withheld pending author redistribution review	Frozen scientific relevance; rights pending	WITHHELD_RIGHTS	3282	92a4efe7bf9d44970dd1ba7912ffe95523073be8404e4c9afe417334c288ff06
figures/supp_fig3/data/supp_fig3_paired_geometry.parquet.xz	EXCLUDE_LARGE_OR_EXTERNAL		Required numerical input withheld pending author redistribution review	Frozen scientific relevance; rights pending	WITHHELD_RIGHTS	6984492	927e489b4e78fc84ccbaedd46a148532afbc633181cdb211f54e727f439e3f58
figures/supp_fig4/data/supp_fig4_build_manifest.json	EXCLUDE_LARGE_OR_EXTERNAL		Required numerical input withheld pending author redistribution review	Frozen scientific relevance; rights pending	WITHHELD_RIGHTS	2569	a3a7ce270e8c1ad68f2050962e6a46c13b370b606e6e44bbb236561a7227ab4b
figures/supp_fig4/data/supp_fig4_confirmation_bootstrap.tsv.gz	EXCLUDE_LARGE_OR_EXTERNAL		Required numerical input withheld pending author redistribution review	Frozen scientific relevance; rights pending	WITHHELD_RIGHTS	62262	d8322857f1c441f6c0357dc1256bac8793f39a9bd5dd78f39ecf252a7ffc0d1c
figures/supp_fig4/data/supp_fig4_contexts.tsv	EXCLUDE_LARGE_OR_EXTERNAL		Required numerical input withheld pending author redistribution review	Frozen scientific relevance; rights pending	WITHHELD_RIGHTS	1603	31d3800029c99d5407b41118a080afc3540eff43f464b40a8b44ce534afbf14d
figures/supp_fig4/data/supp_fig4_correlations.tsv	EXCLUDE_LARGE_OR_EXTERNAL		Required numerical input withheld pending author redistribution review	Frozen scientific relevance; rights pending	WITHHELD_RIGHTS	298	c891bc0c142481a64e9aef8afcfb177374a62760f1bebf2f0e2d87138b5a8388
figures/supp_fig4/data/supp_fig4_validation_summary.json	EXCLUDE_LARGE_OR_EXTERNAL		Required numerical input withheld pending author redistribution review	Frozen scientific relevance; rights pending	WITHHELD_RIGHTS	6642	60e3d4c10afdabc47700d50f62f802f80e0830273c30b306049951bb4cf8512f
figures/supp_fig5/data/supp_fig5_build_manifest.json	EXCLUDE_LARGE_OR_EXTERNAL		Required numerical input withheld pending author redistribution review	Frozen scientific relevance; rights pending	WITHHELD_RIGHTS	3782	aa42274a1d791074b89ae1b1003439f36be3f46da51735632e6c3773c1e12790
figures/supp_fig5/data/supp_fig5_context_gains.tsv	EXCLUDE_LARGE_OR_EXTERNAL		Required numerical input withheld pending author redistribution review	Frozen scientific relevance; rights pending	WITHHELD_RIGHTS	8322	c7121886eeb087e0732c90a21b1b845eb0bf0da123d49fa616f1b6b0f7517bd2
figures/supp_fig5/data/supp_fig5_outcome_composition.tsv	EXCLUDE_LARGE_OR_EXTERNAL		Required numerical input withheld pending author redistribution review	Frozen scientific relevance; rights pending	WITHHELD_RIGHTS	781	7476e3a925359479f42cd51531970d2720a66055d541056b57460a39b9bdf010
figures/supp_fig5/data/supp_fig5_truth_tie_coverage.tsv	EXCLUDE_LARGE_OR_EXTERNAL		Required numerical input withheld pending author redistribution review	Frozen scientific relevance; rights pending	WITHHELD_RIGHTS	313	ab761d3467799510005c2cecc28244060378fa7f9dc4cee50bb7a7e311b09c6b
figures/supp_fig6/data/supp_fig6_build_manifest.json	EXCLUDE_LARGE_OR_EXTERNAL		Required numerical input withheld pending author redistribution review	Frozen scientific relevance; rights pending	WITHHELD_RIGHTS	4330	7977e9676f9f10bdb83dcb5df2eb90460de55426463e687897d8cae621422dad
figures/supp_fig6/data/supp_fig6_geometry.tsv.gz	EXCLUDE_LARGE_OR_EXTERNAL		Required numerical input withheld pending author redistribution review	Frozen scientific relevance; rights pending	WITHHELD_RIGHTS	16307572	68e5276d01e2b4eedb1252c8195b94ad2549f0d06734cb2fbbb474897174bdd5
figures/supp_fig6/data/supp_fig6_sign_state_transitions.tsv	EXCLUDE_LARGE_OR_EXTERNAL		Required numerical input withheld pending author redistribution review	Frozen scientific relevance; rights pending	WITHHELD_RIGHTS	254	e9210cdae167ba56251eb1d255bc1a15e2cc903051b80e8c84d2addd39f0f028
figures/supp_fig7/data/supp_fig7_example_selection.tsv	EXCLUDE_LARGE_OR_EXTERNAL		Required numerical input withheld pending author redistribution review	Frozen scientific relevance; rights pending	WITHHELD_RIGHTS	5248	73a27e22eb09c2db6475e97d9393d4a0da873b1b599ce4e290916c7f8f4c5dd3
figures/supp_fig7/data/supp_fig7_manifest.json	EXCLUDE_LARGE_OR_EXTERNAL		Required numerical input withheld pending author redistribution review	Frozen scientific relevance; rights pending	WITHHELD_RIGHTS	7110	f5caf6ee8583de2a135e030374f9e63c16644fafd1ce4112d17a75bb3515ebc0
figures/supp_fig7/data/supp_fig7_support_summary.tsv	EXCLUDE_LARGE_OR_EXTERNAL		Required numerical input withheld pending author redistribution review	Frozen scientific relevance; rights pending	WITHHELD_RIGHTS	2334	7a85a0b6fdef7508e23cbbccabb248e71d88d004d82513ce9b601f2da1d8c306
figures/supp_fig7/data/supp_fig7_weighted_distributions.tsv.gz	EXCLUDE_LARGE_OR_EXTERNAL		Required numerical input withheld pending author redistribution review	Frozen scientific relevance; rights pending	WITHHELD_RIGHTS	195194	6587da0e7b48188ecb17808a1134de5861c13f150e15c7ba306f818b893c909f
metabolic_network/iMM1865/**	EXCLUDE_LARGE_OR_EXTERNAL		Third-party raw input omitted; redistribution/import permissions and upstream practical boundary documented	External source	OMITTED		
external_data/brain_glioma_GL261_CT2A/khalsa_GSE151414/**	EXCLUDE_LARGE_OR_EXTERNAL		Third-party raw input omitted; redistribution/import permissions and upstream practical boundary documented	External source	OMITTED		
external_data/brain_glioma_GL261_CT2A/simoes_2025_DMI/**	EXCLUDE_LARGE_OR_EXTERNAL		Third-party raw input omitted; redistribution/import permissions and upstream practical boundary documented	External source	OMITTED		
outputs/secondary_anchor_exploratory/**	EXCLUDE_EXPLORATORY		Alternate anchors and six-arm explorations are outside manuscript; the cache path consumed by Bridge is documented as a specific upstream exception, not copied	Grouped exclusion / boundary; specific file-level entries take precedence	NOT_COPIED		
13_recomb_identifiability/outputs/secondary_anchor_exploratory/**	EXCLUDE_EXPLORATORY		Alternate-anchor branches, pilots, solver-heavy handoffs and failed experiments	Grouped exclusion / boundary; specific file-level entries take precedence	NOT_COPIED		
figures/fig3/candidates/**	EXCLUDE_EXPLORATORY		Abandoned/candidate renderings are not final manuscript authority	Grouped exclusion / boundary; specific file-level entries take precedence	NOT_COPIED		
figures/fig3/figure3_panelD_directional_specificity_v2.svg	EXCLUDE_SUPERSEDED		Embeds superseded case-pooled means and separations	Grouped exclusion / boundary; specific file-level entries take precedence	NOT_COPIED		
figures/fig3/fig3D.png	EXCLUDE_SUPERSEDED		Legacy endpoint artwork flagged by technical audit	Grouped exclusion / boundary; specific file-level entries take precedence	NOT_COPIED		
figures/fig3/fig3ABCD.png	EXCLUDE_SUPERSEDED		Composite includes legacy unverified panel D	Grouped exclusion / boundary; specific file-level entries take precedence	NOT_COPIED		
figures/fig4/build_fig4_tables.py	EXCLUDE_SUPERSEDED		Updated builder and current manifest establish replacement	Grouped exclusion / boundary; specific file-level entries take precedence	NOT_COPIED		
outputs/*superseded*/**	EXCLUDE_SUPERSEDED		Explicitly superseded gates, work directories and artifacts	Grouped exclusion / boundary; specific file-level entries take precedence	NOT_COPIED		
outputs/*.work*/**	EXCLUDE_LARGE_OR_EXTERNAL		Execution/checkpoint work trees unnecessary for frozen figure reproduction	Grouped exclusion / boundary; specific file-level entries take precedence	NOT_COPIED		
11_recomb_flux_expert_generation/flux_ensembles/**	EXCLUDE_LARGE_OR_EXTERNAL		Expensive generated ensembles; downstream frozen inputs avoid rerunning; evaluate separately for an archive	Grouped exclusion / boundary; specific file-level entries take precedence	NOT_COPIED		
11_recomb_flux_expert_generation/expert_artifacts/**	EXCLUDE_LARGE_OR_EXTERNAL		Generated reconstructed model artifacts; redistribution and archive strategy unresolved	Grouped exclusion / boundary; specific file-level entries take precedence	NOT_COPIED		
1_pathway_flux_scoring/**	EXCLUDE_EXPLORATORY		Unrelated scoring/concordance production line dropped from current manuscript	Grouped exclusion / boundary; specific file-level entries take precedence	NOT_COPIED		
2_independent_transcriptomic_concordance/**	EXCLUDE_EXPLORATORY		Dropped concordance analysis; source provenance JSON is a documented upstream dependency only	Grouped exclusion / boundary; specific file-level entries take precedence	NOT_COPIED		
3_independent_transcriptomic_concordance_audit/**	EXCLUDE_EXPLORATORY		Dropped RNA-flux concordance	Grouped exclusion / boundary; specific file-level entries take precedence	NOT_COPIED		
4_scoring_definition_benchmark/**	EXCLUDE_EXPLORATORY		Alternative scoring benchmark; specific upstream reaction-axis inputs are documented but not copied	Grouped exclusion / boundary; specific file-level entries take precedence	NOT_COPIED		
5_regulatory_aware_gene_scoring_dmi_concordance/**	EXCLUDE_EXPLORATORY		Dropped RNA-flux/regulatory concordance	Grouped exclusion / boundary; specific file-level entries take precedence	NOT_COPIED		
6_targeted_c3_biological_resampling/**	EXCLUDE_EXPLORATORY		Historical resampling not part of final figure workflow	Grouped exclusion / boundary; specific file-level entries take precedence	NOT_COPIED		
7_mikolajewicz_external_flux_concordance/**	EXCLUDE_EXPLORATORY		Dropped external concordance	Grouped exclusion / boundary; specific file-level entries take precedence	NOT_COPIED		
old_7_mikolajewicz_external_flux_concordance/**	EXCLUDE_SUPERSEDED		Older concordance implementation	Grouped exclusion / boundary; specific file-level entries take precedence	NOT_COPIED		
8_cross_study_table_export/**	EXCLUDE_EXPLORATORY		Dropped cross-study export	Grouped exclusion / boundary; specific file-level entries take precedence	NOT_COPIED		
9_recomb_gene_score_validation_combined/**	EXCLUDE_EXPLORATORY		Gene-score analyses outside current production workflow; exact Stage-11 upstream split dependency documented	Grouped exclusion / boundary; specific file-level entries take precedence	NOT_COPIED		
10_recomb_flux_benchmark/**	EXCLUDE_SUPERSEDED		Stage-11 is authoritative four-method reconstruction lineage	Grouped exclusion / boundary; specific file-level entries take precedence	NOT_COPIED		
12_recomb_method_comparison/**	EXCLUDE_EXPLORATORY		Broad historical method comparison and concordance; exact candidate-vector provenance dependency documented separately	Grouped exclusion / boundary; specific file-level entries take precedence	NOT_COPIED		
13_recomb_identifiability/outputs/**	EXCLUDE_EXPLORATORY		Broad historical identifiability/pilot output tree; exact Bridge input dependencies recorded separately	Grouped exclusion / boundary; specific file-level entries take precedence	NOT_COPIED		
paper/**	EXCLUDE_LARGE_OR_EXTERNAL		Third-party papers; reference links rather than redistribution	Grouped exclusion / boundary; specific file-level entries take precedence	NOT_COPIED		
chatgpt_works/**	EXCLUDE_EXPLORATORY		Development conversations, exploratory plans and handoffs	Grouped exclusion / boundary; specific file-level entries take precedence	NOT_COPIED		
secondary_anchor_review_package/**	EXCLUDE_EXPLORATORY		Alternative-anchor exploratory audit bundle	Grouped exclusion / boundary; specific file-level entries take precedence	NOT_COPIED		
dmi_sa_r1_cup_reuse_20260926/**	EXCLUDE_EXPLORATORY		Historical six-arm handoff package; not final figure input	Grouped exclusion / boundary; specific file-level entries take precedence	NOT_COPIED		
pre-simulation_constraint_analysis/**	INCLUDE_PROVENANCE_ONLY		Validated frozen medium dependency must be documented; bulk analyses not copied	Grouped exclusion / boundary; specific file-level entries take precedence	NOT_COPIED		
**/__pycache__/**	EXCLUDE_LARGE_OR_EXTERNAL		Generated interpreter caches	Grouped exclusion / boundary; specific file-level entries take precedence	NOT_COPIED		
**/*.log	EXCLUDE_LARGE_OR_EXTERNAL		Runtime logs; no solver logs copied	Grouped exclusion / boundary; specific file-level entries take precedence	NOT_COPIED		
outputs/dmi_bridge_bio0_audit_v1/BRIDGEBIO0_MANIFEST.json	INCLUDE_PROVENANCE_ONLY	manifests/provenance/FROZEN_LINEAGE.json	Artifact identities extracted as provenance only; original research-bearing manifest not copied while rights review pending	BIO0_READY_FOR_BIO1_FOUR_ARM_DECOMPOSITION	IDENTITY_METADATA_EXTRACTED	1358	40df8378876820bb616fdbdc8ef8a0f77d43e36f464104fca6cae9a16b39d7c1
outputs/dmi_bridge_bio0r_qualification_v1/BRIDGEBIO0R_MANIFEST.json	INCLUDE_PROVENANCE_ONLY	manifests/provenance/FROZEN_LINEAGE.json	Artifact identities extracted as provenance only; original research-bearing manifest not copied while rights review pending	BIO0R_QUALIFIED_READY_FOR_BIO1	IDENTITY_METADATA_EXTRACTED	2015	d155b63f59db3479b1dfd2d87c0b9ca470358c0166496abf288a649f04890cea
outputs/dmi_bridge_a20_dual_anchor_qualification_v1/BRIDGEA20_MANIFEST.json	INCLUDE_PROVENANCE_ONLY	manifests/provenance/FROZEN_LINEAGE.json	Artifact identities extracted as provenance only; original research-bearing manifest not copied while rights review pending	BRIDGE_A20_PARTIAL_QUALIFICATION	IDENTITY_METADATA_EXTRACTED	6944	01f8004a0bf9d5358d7ce7281e827cc1a1fbe00a6750a5c063a1edad2eedf380
outputs/dmi_bridge_pl1_predictability_landscape_v1_resumable_v1/BRIDGEPL1_MANIFEST.json	INCLUDE_PROVENANCE_ONLY	manifests/provenance/FROZEN_LINEAGE.json	Artifact identities extracted as provenance only; original research-bearing manifest not copied while rights review pending	PL1_PREDICTABILITY_LANDSCAPE_COMPLETE	IDENTITY_METADATA_EXTRACTED	6918	b0f81620ff24f5791dd964a8063416784db86a358b0464b8c68a504e84e5f529
outputs/dmi_bridge_pl2a_sign_only_prepare_v1/BRIDGEPL2A_MANIFEST.json	INCLUDE_PROVENANCE_ONLY	manifests/provenance/FROZEN_LINEAGE.json	Artifact identities extracted as provenance only; original research-bearing manifest not copied while rights review pending	PL2A_READY_FOR_PL2B_SIGN_ONLY_UTILITY	IDENTITY_METADATA_EXTRACTED	1925	8ae3eb60eb23614e379e38e3aa3cb72ec16c6bdb69aa9c74cc94499e31f1c312
outputs/dmi_bridge_pl2b_sign_only_utility_v1/BRIDGEPL2B_MANIFEST.json	INCLUDE_PROVENANCE_ONLY	manifests/provenance/FROZEN_LINEAGE.json	Artifact identities extracted as provenance only; original research-bearing manifest not copied while rights review pending	PL2B_SIGN_ONLY_UTILITY_COMPLETE	IDENTITY_METADATA_EXTRACTED	25020	7d9ca97a3f4ea5aa8b0b983e09ee83fc3c82f326d1b1cbf9c6137cfadf25539d
outputs/dmi_bridge_pl2c_geometry_utility_development_v1/BRIDGEPL2C_MANIFEST.json	INCLUDE_PROVENANCE_ONLY	manifests/provenance/FROZEN_LINEAGE.json	Artifact identities extracted as provenance only; original research-bearing manifest not copied while rights review pending	PL2C_DEVELOPMENT_GEOMETRY_UTILITY_COMPLETE	IDENTITY_METADATA_EXTRACTED	2752	6abcf149cd6adb294c0931585cec28f992b453451a5b5f03e10b3ffb2f9b9c39
outputs/dmi_bridge_pl2d_hypothesis_freeze_v1/BRIDGEPL2DH_MANIFEST.json	INCLUDE_PROVENANCE_ONLY	manifests/provenance/FROZEN_LINEAGE.json	Artifact identities extracted as provenance only; original research-bearing manifest not copied while rights review pending	PL2D_HYPOTHESIS_FROZEN_READY_FOR_CONFIRMATION	IDENTITY_METADATA_EXTRACTED	4203	a1dd76d6b40e741e07efe64c34bc39eaad289a46bf6c870917a4f59cab688427
outputs/dmi_bridge_pl2d_h_support_gate_amendment_v1/BRIDGEPL2DHA_MANIFEST.json	INCLUDE_PROVENANCE_ONLY	manifests/provenance/FROZEN_LINEAGE.json	Artifact identities extracted as provenance only; original research-bearing manifest not copied while rights review pending	PL2D_H_SUPPORT_GATE_AMENDED_READY_FOR_CONFIRMATION	IDENTITY_METADATA_EXTRACTED	2192	fb7df9e208da2e6c9841d43a3b572038e59943a4221535705eef9f5dc0ed6a3a
outputs/dmi_bridge_pl2d_confirmation_v1/BRIDGEPL2D_MANIFEST.json	INCLUDE_PROVENANCE_ONLY	manifests/provenance/FROZEN_LINEAGE.json	Artifact identities extracted as provenance only; original research-bearing manifest not copied while rights review pending	PL2D_CONFIRMED	IDENTITY_METADATA_EXTRACTED	1565	9f9eb730473e7ad209c1d5ec3340808ab614087b8ae1121d929eff61be12b699
outputs/dmi_bridge_a21_dual_anchor_geometry_v1/BRIDGEA21_MANIFEST.json	INCLUDE_PROVENANCE_ONLY	manifests/provenance/FROZEN_LINEAGE.json	Artifact identities extracted as provenance only; original research-bearing manifest not copied while rights review pending	BRIDGE_A21_DUAL_ANCHOR_GEOMETRY_FROZEN	IDENTITY_METADATA_EXTRACTED	10816	db9948d7b99447a695cf8aa21429dde6d642e1fd0632bcce52643deac59e6feb
outputs/dmi_bridge_a22_dual_anchor_sign_only_utility_v1/BRIDGEA22_MANIFEST.json	INCLUDE_PROVENANCE_ONLY	manifests/provenance/FROZEN_LINEAGE.json	Artifact identities extracted as provenance only; original research-bearing manifest not copied while rights review pending	BRIDGE_A22_SIGN_ONLY_UTILITY_FROZEN	IDENTITY_METADATA_EXTRACTED	18295	15b237151005538e5077a352868f873ef00466f4f5ea49307b781a8a8cd0e7cb
outputs/dmi_bridge_a23_a1_a2_synthesis_v1/BRIDGEA23_MANIFEST.json	INCLUDE_PROVENANCE_ONLY	manifests/provenance/FROZEN_LINEAGE.json	Artifact identities extracted as provenance only; original research-bearing manifest not copied while rights review pending	BRIDGE_A23_A1_A2_SYNTHESIS_FROZEN	IDENTITY_METADATA_EXTRACTED	3307	b8e57074f3df23fe7708145bc01f51a19f946545b1c16e61628c2678dbcabd18
outputs/dmi_bridge_m1_manuscript_evidence_v1/BRIDGEM1_MANIFEST.json	INCLUDE_PROVENANCE_ONLY	manifests/provenance/FROZEN_LINEAGE.json	Artifact identities extracted as provenance only; original research-bearing manifest not copied while rights review pending	BRIDGE_M1_MANUSCRIPT_EVIDENCE_FROZEN	IDENTITY_METADATA_EXTRACTED	28115	201ba9f4fc2f74290d991cd294aec558c5e5dd23282877e871a5c0669a44cdde
outputs/dmi_bridge_m2_a2_robustness_evidence_v1/BRIDGEM2_MANIFEST.json	INCLUDE_PROVENANCE_ONLY	manifests/provenance/FROZEN_LINEAGE.json	Artifact identities extracted as provenance only; original research-bearing manifest not copied while rights review pending	BRIDGE_M2_A2_ROBUSTNESS_EVIDENCE_FROZEN	IDENTITY_METADATA_EXTRACTED	64903	1ee2790779cb65a23d235d0cec4f1f0ee5bd6204df08c694e8885e7a154d666b
figures/fig2/recomb_figure2_DG_plots.ipynb	INCLUDE_PRODUCTION	figures/main/fig2/plot_fig2_dg.py	Only selected plotting code cells retained; notebook outputs and abandoned variants omitted	Current numeric panel mapping	EXTRACTED_PLOTTING_CODE	1242353	deeae8809cfb84cafe68ce1c4a6dd1a3b352419701ba5f2e4e7de4dfbd2aacba
figures/fig3/fig3_gain_exploration.ipynb	INCLUDE_PRODUCTION	figures/main/fig3/plot_fig3_bc.py	Only selected plotting code cells retained; notebook outputs and abandoned variants omitted	Current numeric panel mapping	EXTRACTED_PLOTTING_CODE	5642816	1ca36f0b9b5e869bac4a339bf2a66ec4f4172880c6e52251f113b8f3997f2228
figures/supp_fig4/supp_fig4.ipynb	INCLUDE_PROVENANCE_ONLY	manifests/provenance/legacy_figure_code/supp_fig4_plot_cells.py	Only selected plotting code cells retained; notebook outputs and abandoned variants omitted	Partial manuscript match; author review required	EXTRACTED_PLOTTING_CODE	122398	91265f6db5b6a0189be6d2e9fc4738f4425457396863bfd02566db2abfc52d8e
figures/supp_fig5/supp_fig5.ipynb	INCLUDE_PROVENANCE_ONLY	manifests/provenance/legacy_figure_code/supp_fig5_plot_cells.py	Only selected plotting code cells retained; notebook outputs and abandoned variants omitted	Partial manuscript match; author review required	EXTRACTED_PLOTTING_CODE	162158	b8ce88f5255416d76b2a9d820695d9889021ddfd70dd63e4b2bf6d924d929aa7
figures/supp_fig6/supp_fig6.ipynb	INCLUDE_PROVENANCE_ONLY	manifests/provenance/legacy_figure_code/supp_fig6_plot_cells.py	Only selected plotting code cells retained; notebook outputs and abandoned variants omitted	Partial manuscript match; author review required	EXTRACTED_PLOTTING_CODE	124128	07569e8004700e60e3d2a94d0e86d85ab2d8467d349bdc225ed00415ac7e061d
figures/supp_fig7/supp_fig7.ipynb	INCLUDE_PROVENANCE_ONLY	manifests/provenance/legacy_figure_code/supp_fig7_plot_cells.py	Only selected plotting code cells retained; notebook outputs and abandoned variants omitted	Partial manuscript match; author review required	EXTRACTED_PLOTTING_CODE	235790	844563f1ae8f23b08f369f5dd3f484c4a0d2a5747bfca4d0649cc9ea3cadfdf6
figures/supp_fig1/build_supp_fig1_tables.py	INCLUDE_PRODUCTION	figures/supplementary/s1/upstream/build_supp_fig1_tables.py	Support-diagnostic builder	Matched diagnostic scope	COPIED_PATH_ADAPTED	19633	63c25b2eeb54a794cbe5224ff0b78255795b77d35e315041cfaf0148fc87cef6
figures/supp_fig4/build_supp_fig4_tables.py	INCLUDE_PROVENANCE_ONLY	manifests/provenance/legacy_figure_code/build_supp_fig4_tables.py	Current-draft coverage incomplete; source builder retained for audit	Partial manuscript match	COPIED_BYTE_IDENTICAL	19229	cce256958a92aebdfd09395ebce2e9bd5c7a47f7d3e8ef8fd5245deee4240de3
figures/supp_fig5/build_supp_fig5_tables.py	INCLUDE_PROVENANCE_ONLY	manifests/provenance/legacy_figure_code/build_supp_fig5_tables.py	Current-draft coverage incomplete; source builder retained for audit	Partial manuscript match	COPIED_BYTE_IDENTICAL	16682	07190502e28c233dd5520a61faccf0b4e66a1a11ea3507bd8bc5d9737cb9ed44
figures/supp_fig6/build_supp_fig6_tables.py	INCLUDE_PROVENANCE_ONLY	manifests/provenance/legacy_figure_code/build_supp_fig6_tables.py	Current-draft coverage incomplete; source builder retained for audit	Partial manuscript match	COPIED_BYTE_IDENTICAL	9647	b74c528670ad74850d996d7bb67c23ea5054b8ecd52018243f6e6052c8875b5b
figures/supp_fig7/build_supp_fig7_tables.py	INCLUDE_PROVENANCE_ONLY	manifests/provenance/legacy_figure_code/build_supp_fig7_tables.py	Current-draft coverage incomplete; source builder retained for audit	Partial manuscript match	COPIED_BYTE_IDENTICAL	18593	69d15a4ae9434c4a4967c13c023f62459b4b080dfd05b90754c34af43a90afd7
figures/supp_fig1/supp_fig1.ipynb	INCLUDE_PRODUCTION	figures/supplementary/s1/plot_s1.py	Candidate/support figure matches manuscript diagnostic scope; preserve and flag label ordering for review	Source plot code; display ordering requires review	EXTRACTED_PLOTTING_CODE	368489	5bdd74746662bd81eba6f35861c14cdf04c8617f05d14e1e5cc479c2324ecfe3
figures/fig4/fig4_panelB_distributions_updated.ipynb	INCLUDE_PRODUCTION	figures/main/fig4/plot_fig4_b.py	Only selected plotting code cells retained; notebook outputs and abandoned variants omitted	Matched absolute ECDF panel	EXTRACTED_PLOTTING_CODE	885059	a8d93870a6e4f4359a13ac13ed822d8e46d9e044ec8b9250266f85595c350d1e
figures/fig4/fig4_panelB_distributions_updated.ipynb	INCLUDE_PRODUCTION	figures/main/fig4/plot_fig4_c_source.py	Only selected plotting code cells retained; notebook outputs and abandoned variants omitted	Source drawing only; main composition requires review	EXTRACTED_PLOTTING_CODE	885059	a8d93870a6e4f4359a13ac13ed822d8e46d9e044ec8b9250266f85595c350d1e
