source_path	destination_path	source_sha256	destination_sha256	comparison	scientific_changes
scripts/dmi_bridge3a_registry_v1.py	scripts/dmi_bridge3a_registry_v1.py	e94a1bc57efeedff9ad06e5699a880e4491e938b4ee3c3f77141363bb0126da4	e94a1bc57efeedff9ad06e5699a880e4491e938b4ee3c3f77141363bb0126da4	COPIED_BYTE_IDENTICAL	none
scripts/dmi_bridge_a20_dual_anchor_core_v1.py	scripts/dmi_bridge_a20_dual_anchor_core_v1.py	47309b913ef6f66dfaf606fe987298c5295c441a76337281edb94ff779958f11	47309b913ef6f66dfaf606fe987298c5295c441a76337281edb94ff779958f11	COPIED_BYTE_IDENTICAL	none
scripts/dmi_bridge_a20_dual_anchor_qualification_v1.py	scripts/dmi_bridge_a20_dual_anchor_qualification_v1.py	b015ee2931b41407c0f01017a62d83e63fd37b4634b3f4f474d7b3f026c5fa8d	b015ee2931b41407c0f01017a62d83e63fd37b4634b3f4f474d7b3f026c5fa8d	COPIED_BYTE_IDENTICAL	none
scripts/dmi_bridge_a21_dual_anchor_geometry_core_v1.py	scripts/dmi_bridge_a21_dual_anchor_geometry_core_v1.py	b13d0863a3c4322bfde46e725e5325618cdb9a30b7209dcd53d00f960bbd2ed6	b13d0863a3c4322bfde46e725e5325618cdb9a30b7209dcd53d00f960bbd2ed6	COPIED_BYTE_IDENTICAL	none
scripts/dmi_bridge_a21_dual_anchor_geometry_v1.py	scripts/dmi_bridge_a21_dual_anchor_geometry_v1.py	1499d6aed2eceb8813e0ff31f02cf88a486096f85eafdcb9f526089ae110218c	1499d6aed2eceb8813e0ff31f02cf88a486096f85eafdcb9f526089ae110218c	COPIED_BYTE_IDENTICAL	none
scripts/dmi_bridge_a22_dual_anchor_sign_only_core_v1.py	scripts/dmi_bridge_a22_dual_anchor_sign_only_core_v1.py	f02dc1f44aafcee5788ff28b7850950122810abd6154f12568170a4324d4c3d2	f02dc1f44aafcee5788ff28b7850950122810abd6154f12568170a4324d4c3d2	COPIED_BYTE_IDENTICAL	none
scripts/dmi_bridge_a22_dual_anchor_sign_only_utility_v1.py	scripts/dmi_bridge_a22_dual_anchor_sign_only_utility_v1.py	c52d070e0431fc6dec3240fb8c4bc911b0e055572e4bc13c079fb3874bef1fdb	c52d070e0431fc6dec3240fb8c4bc911b0e055572e4bc13c079fb3874bef1fdb	COPIED_BYTE_IDENTICAL	none
scripts/dmi_bridge_a23_a1_a2_synthesis_core_v1.py	scripts/dmi_bridge_a23_a1_a2_synthesis_core_v1.py	95ad8026ab6b5f322d8189c36002ed724a5c855cdacc694f87ee01287d9f0d52	95ad8026ab6b5f322d8189c36002ed724a5c855cdacc694f87ee01287d9f0d52	COPIED_BYTE_IDENTICAL	none
scripts/dmi_bridge_a23_a1_a2_synthesis_v1.py	scripts/dmi_bridge_a23_a1_a2_synthesis_v1.py	f20eafe652d632e4064308aefd6f2d4f6aac42daae733e186a63f3b0c7d858d5	f20eafe652d632e4064308aefd6f2d4f6aac42daae733e186a63f3b0c7d858d5	COPIED_BYTE_IDENTICAL	none
scripts/dmi_bridge_bio0_audit_core_v1.py	scripts/dmi_bridge_bio0_audit_core_v1.py	7f3b2fc4de52f3910adfaa7a2e5ffeca8bd170a93d7e0e1768ff58b9b9375a1d	7f3b2fc4de52f3910adfaa7a2e5ffeca8bd170a93d7e0e1768ff58b9b9375a1d	COPIED_BYTE_IDENTICAL	none
scripts/dmi_bridge_bio0_repo_audit_v1.py	scripts/dmi_bridge_bio0_repo_audit_v1.py	36c3bec97d114736e67e9b461c779d5d28a11ce83de26585ba884f0b8a328fca	36c3bec97d114736e67e9b461c779d5d28a11ce83de26585ba884f0b8a328fca	COPIED_BYTE_IDENTICAL	none
scripts/dmi_bridge_bio0r_qualification_core_v1.py	scripts/dmi_bridge_bio0r_qualification_core_v1.py	818f5ddcefdc76e6601327f5d1f596a9d11475e1e763c0e8a30dc82477f4a15f	818f5ddcefdc76e6601327f5d1f596a9d11475e1e763c0e8a30dc82477f4a15f	COPIED_BYTE_IDENTICAL	none
scripts/dmi_bridge_bio0r_repo_qualification_v1.py	scripts/dmi_bridge_bio0r_repo_qualification_v1.py	de50fc12ab6382a69d0242beedd799e427fa00e026fcb3e9618f1f2ce66e2b1d	de50fc12ab6382a69d0242beedd799e427fa00e026fcb3e9618f1f2ce66e2b1d	COPIED_BYTE_IDENTICAL	none
scripts/dmi_bridge_m1_manuscript_core_v1.py	scripts/dmi_bridge_m1_manuscript_core_v1.py	441b3992bffe85740ed2143e09c8f489d6cbf767215e2c9be8bd7a1e9e013b0b	441b3992bffe85740ed2143e09c8f489d6cbf767215e2c9be8bd7a1e9e013b0b	COPIED_BYTE_IDENTICAL	none
scripts/dmi_bridge_m1_manuscript_evidence_v1.py	scripts/dmi_bridge_m1_manuscript_evidence_v1.py	a48ceadfd437fc9a2e4e0b51533b403e247aa655956042c6c4f06825d4ed9bbd	a48ceadfd437fc9a2e4e0b51533b403e247aa655956042c6c4f06825d4ed9bbd	COPIED_BYTE_IDENTICAL	none
scripts/dmi_bridge_m2_a2_robustness_core_v1.py	scripts/dmi_bridge_m2_a2_robustness_core_v1.py	ba170fb209a87373fec4e73ed8a2b9de545ae12117dad458fabf9a2841d42fe6	ba170fb209a87373fec4e73ed8a2b9de545ae12117dad458fabf9a2841d42fe6	COPIED_BYTE_IDENTICAL	none
scripts/dmi_bridge_m2_a2_robustness_evidence_v1.py	scripts/dmi_bridge_m2_a2_robustness_evidence_v1.py	1d84c71cdd4300a3eb91f608dee1b49cd688f739ad185a2afa9e61c6a37c9af6	1d84c71cdd4300a3eb91f608dee1b49cd688f739ad185a2afa9e61c6a37c9af6	COPIED_BYTE_IDENTICAL	none
scripts/dmi_bridge_pl1_predictability_batch_v1.py	scripts/dmi_bridge_pl1_predictability_batch_v1.py	087fe171ea4f13266d46e198a740fb4cbf6be64852a3e6a5a1fe53c6fcc326b3	087fe171ea4f13266d46e198a740fb4cbf6be64852a3e6a5a1fe53c6fcc326b3	COPIED_BYTE_IDENTICAL	none
scripts/dmi_bridge_pl1_predictability_core_v1.py	scripts/dmi_bridge_pl1_predictability_core_v1.py	bdb254a4aa075870a92f503e3dd551998f924f9a8f95f7086663357c20408408	bdb254a4aa075870a92f503e3dd551998f924f9a8f95f7086663357c20408408	COPIED_BYTE_IDENTICAL	none
scripts/dmi_bridge_pl1_predictability_landscape_v1.py	scripts/dmi_bridge_pl1_predictability_landscape_v1.py	712c9c8f507a11a5b5f459aebcf681c536c35ac7e2f10c6585330fb19a419823	712c9c8f507a11a5b5f459aebcf681c536c35ac7e2f10c6585330fb19a419823	COPIED_BYTE_IDENTICAL	none
scripts/dmi_bridge_pl1_predictability_resume_v1.py	scripts/dmi_bridge_pl1_predictability_resume_v1.py	599e055d548b47f494914119d3555e0d977e5c2232c94f0390e821313f9e0944	599e055d548b47f494914119d3555e0d977e5c2232c94f0390e821313f9e0944	COPIED_BYTE_IDENTICAL	none
scripts/dmi_bridge_pl1_storage_v1.py	scripts/dmi_bridge_pl1_storage_v1.py	7d8678ff6843b83f4f869ac534066580b3405b0fd460088302691471d8fa6321	7d8678ff6843b83f4f869ac534066580b3405b0fd460088302691471d8fa6321	COPIED_BYTE_IDENTICAL	none
scripts/dmi_bridge_pl2_sign_only_core_v1.py	scripts/dmi_bridge_pl2_sign_only_core_v1.py	9a32da4aa7c58ad7d9bfb29f38f37aa2a05813da4503675c3bf43c9542b0d4ce	9a32da4aa7c58ad7d9bfb29f38f37aa2a05813da4503675c3bf43c9542b0d4ce	COPIED_BYTE_IDENTICAL	none
scripts/dmi_bridge_pl2a_prepare_v1.py	scripts/dmi_bridge_pl2a_prepare_v1.py	50a69a14467015d477e699bd9b642a8d18324f1069a5f793ec03eb72c31ae259	50a69a14467015d477e699bd9b642a8d18324f1069a5f793ec03eb72c31ae259	COPIED_BYTE_IDENTICAL	none
scripts/dmi_bridge_pl2b_batch_v1.py	scripts/dmi_bridge_pl2b_batch_v1.py	7da76f5e2d4f2f05a0c8f865014fa9a31954a8abf8ea0a03ea2700cc26b68c7b	7da76f5e2d4f2f05a0c8f865014fa9a31954a8abf8ea0a03ea2700cc26b68c7b	COPIED_BYTE_IDENTICAL	none
scripts/dmi_bridge_pl2b_production_v1.py	scripts/dmi_bridge_pl2b_production_v1.py	87c79432915f12f87d6c105b5aa07c1fa55ce287ca5ad87898e333572d8525e3	87c79432915f12f87d6c105b5aa07c1fa55ce287ca5ad87898e333572d8525e3	COPIED_BYTE_IDENTICAL	none
scripts/dmi_bridge_pl2c_geometry_utility_core_v1.py	scripts/dmi_bridge_pl2c_geometry_utility_core_v1.py	009ba3cee43f6b1ad6a517a33357bf74bee54b3df119b1de6a907ea2761dde5d	009ba3cee43f6b1ad6a517a33357bf74bee54b3df119b1de6a907ea2761dde5d	COPIED_BYTE_IDENTICAL	none
scripts/dmi_bridge_pl2c_geometry_utility_development_v1.py	scripts/dmi_bridge_pl2c_geometry_utility_development_v1.py	ab8c0bb19041ff1617f08575f4798452dde1c7019760249d6b91f2490745ff5c	ab8c0bb19041ff1617f08575f4798452dde1c7019760249d6b91f2490745ff5c	COPIED_BYTE_IDENTICAL	none
scripts/dmi_bridge_pl2d_confirmation_core_v1.py	scripts/dmi_bridge_pl2d_confirmation_core_v1.py	cb7bd26ddf523098009213691c028872886cbb09f65369dc1dc6dc60c67e9f5e	cb7bd26ddf523098009213691c028872886cbb09f65369dc1dc6dc60c67e9f5e	COPIED_BYTE_IDENTICAL	none
scripts/dmi_bridge_pl2d_confirmation_v1.py	scripts/dmi_bridge_pl2d_confirmation_v1.py	e3934670072d03a0ae7abc3ea3e29210a883eee01c7ab53b7cbdc1b90b9defcc	e3934670072d03a0ae7abc3ea3e29210a883eee01c7ab53b7cbdc1b90b9defcc	COPIED_BYTE_IDENTICAL	none
scripts/dmi_bridge_pl2d_h_support_gate_amendment_core_v1.py	scripts/dmi_bridge_pl2d_h_support_gate_amendment_core_v1.py	3f9f8b1b37840d0c2a446d13238060ef31887820a064ab22c32e124c51d120db	3f9f8b1b37840d0c2a446d13238060ef31887820a064ab22c32e124c51d120db	COPIED_BYTE_IDENTICAL	none
scripts/dmi_bridge_pl2d_h_support_gate_amendment_v1.py	scripts/dmi_bridge_pl2d_h_support_gate_amendment_v1.py	4c0801e0adfa7338807fe81b426c08702a1905ea11535d45982748aba2866ca4	4c0801e0adfa7338807fe81b426c08702a1905ea11535d45982748aba2866ca4	COPIED_BYTE_IDENTICAL	none
scripts/dmi_bridge_pl2d_hypothesis_freeze_core_v1.py	scripts/dmi_bridge_pl2d_hypothesis_freeze_core_v1.py	0a61bfa15b547fa0a14d0a0fcebc1abdf6b873de259ad6c556dbf044d49ebd98	0a61bfa15b547fa0a14d0a0fcebc1abdf6b873de259ad6c556dbf044d49ebd98	COPIED_BYTE_IDENTICAL	none
scripts/dmi_bridge_pl2d_hypothesis_freeze_v1.py	scripts/dmi_bridge_pl2d_hypothesis_freeze_v1.py	4703d9bb871185ac10070ab0e6ae56e913a2daace1308c4d62c1a53e27d0c3c2	4703d9bb871185ac10070ab0e6ae56e913a2daace1308c4d62c1a53e27d0c3c2	COPIED_BYTE_IDENTICAL	none
11_recomb_flux_expert_generation/src/__init__.py	11_recomb_flux_expert_generation/src/__init__.py	2f3ea26faa4e335090cf2a775ad4b2aab8f4a894b559552149296259b800f9d1	2f3ea26faa4e335090cf2a775ad4b2aab8f4a894b559552149296259b800f9d1	COPIED_BYTE_IDENTICAL	none
11_recomb_flux_expert_generation/src/adapters.py	11_recomb_flux_expert_generation/src/adapters.py	9ab61ee4d2ffcdae37b113cc1c4112fc7a3b939a75e68377d522956d1629db4a	9ab61ee4d2ffcdae37b113cc1c4112fc7a3b939a75e68377d522956d1629db4a	COPIED_BYTE_IDENTICAL	none
11_recomb_flux_expert_generation/src/admission_smoke.py	11_recomb_flux_expert_generation/src/admission_smoke.py	7cd60bb63b993f505bb64b9bf903c502ce4e3fa656f64675268c65b2e87551ba	7cd60bb63b993f505bb64b9bf903c502ce4e3fa656f64675268c65b2e87551ba	COPIED_BYTE_IDENTICAL	none
11_recomb_flux_expert_generation/src/boundary_qc.py	11_recomb_flux_expert_generation/src/boundary_qc.py	0560807bd4dd605faa0f2e01759fdfc2f57ede32a1beac72303fb92e412ff665	0560807bd4dd605faa0f2e01759fdfc2f57ede32a1beac72303fb92e412ff665	COPIED_BYTE_IDENTICAL	none
11_recomb_flux_expert_generation/src/cache_identity.py	11_recomb_flux_expert_generation/src/cache_identity.py	961c0b39fd0d146d30e676874d3687575ffe8a49c69e41c3106185a020b51892	961c0b39fd0d146d30e676874d3687575ffe8a49c69e41c3106185a020b51892	COPIED_BYTE_IDENTICAL	none
11_recomb_flux_expert_generation/src/corda_canonical.py	11_recomb_flux_expert_generation/src/corda_canonical.py	d1f45b70d9bf08d265cd48fdb8a4281a42cab932f60c31c857121b2660c285c7	d1f45b70d9bf08d265cd48fdb8a4281a42cab932f60c31c857121b2660c285c7	COPIED_BYTE_IDENTICAL	none
11_recomb_flux_expert_generation/src/core.py	11_recomb_flux_expert_generation/src/core.py	a432b9f427f7ae039b9ab75c881bb17b290b61ef6e5a7ac73467b02a0ef893b5	a432b9f427f7ae039b9ab75c881bb17b290b61ef6e5a7ac73467b02a0ef893b5	COPIED_BYTE_IDENTICAL	none
11_recomb_flux_expert_generation/src/ensembles.py	11_recomb_flux_expert_generation/src/ensembles.py	38a43c060a561bcf1119d3978b8f30f520a1f9459ab76d9f7bdb283c636e8893	38a43c060a561bcf1119d3978b8f30f520a1f9459ab76d9f7bdb283c636e8893	COPIED_BYTE_IDENTICAL	none
11_recomb_flux_expert_generation/src/expert_artifacts.py	11_recomb_flux_expert_generation/src/expert_artifacts.py	4ded17c02098e756936adbf3b7870a3c506db30222046c4a1e53c180527fd298	4ded17c02098e756936adbf3b7870a3c506db30222046c4a1e53c180527fd298	COPIED_BYTE_IDENTICAL	none
11_recomb_flux_expert_generation/src/expert_fitting.py	11_recomb_flux_expert_generation/src/expert_fitting.py	107a1e0c2e71a1a24fe4313f2cfd0ae8ebb4976845e36cf891f0d425276f5054	107a1e0c2e71a1a24fe4313f2cfd0ae8ebb4976845e36cf891f0d425276f5054	COPIED_BYTE_IDENTICAL	none
11_recomb_flux_expert_generation/src/folds.py	11_recomb_flux_expert_generation/src/folds.py	6647040cf18970de6eedbcda24737980c7d53b3ab89e081ba7f9cee4c9b60715	6647040cf18970de6eedbcda24737980c7d53b3ab89e081ba7f9cee4c9b60715	COPIED_BYTE_IDENTICAL	none
11_recomb_flux_expert_generation/src/gimme_repair.py	11_recomb_flux_expert_generation/src/gimme_repair.py	7a041494c1bd5821fef7861a57b031928354de2358a6fac00cc835478936d372	7a041494c1bd5821fef7861a57b031928354de2358a6fac00cc835478936d372	COPIED_BYTE_IDENTICAL	none
11_recomb_flux_expert_generation/src/imat_canonical.py	11_recomb_flux_expert_generation/src/imat_canonical.py	b578f576805817848a6e832b529ac44ec7b4e01eef3e765e148f797730e3eb26	b578f576805817848a6e832b529ac44ec7b4e01eef3e765e148f797730e3eb26	COPIED_BYTE_IDENTICAL	none
11_recomb_flux_expert_generation/src/jobs.py	11_recomb_flux_expert_generation/src/jobs.py	5a92bae208cdf2b676938adfb5c8044496c70b04d8eca7a87cd32bfe5f67a53d	5a92bae208cdf2b676938adfb5c8044496c70b04d8eca7a87cd32bfe5f67a53d	COPIED_BYTE_IDENTICAL	none
11_recomb_flux_expert_generation/src/models.py	11_recomb_flux_expert_generation/src/models.py	0a58a27406bbc89d4a8edf65af38ca5b64ba890e2e336c4c3610d4a08b305a9d	0a58a27406bbc89d4a8edf65af38ca5b64ba890e2e336c4c3610d4a08b305a9d	COPIED_BYTE_IDENTICAL	none
11_recomb_flux_expert_generation/src/parallel_runner.py	11_recomb_flux_expert_generation/src/parallel_runner.py	8227cdce77f507bf3e6c2cd43894b6137d3a84fd1a681cd1476f135e4c02e31c	8227cdce77f507bf3e6c2cd43894b6137d3a84fd1a681cd1476f135e4c02e31c	COPIED_BYTE_IDENTICAL	none
11_recomb_flux_expert_generation/src/projections.py	11_recomb_flux_expert_generation/src/projections.py	11aa3ebc0f9c2d659d49e5176be84641a7e812d787b984daaa928cb0df19b8e7	11aa3ebc0f9c2d659d49e5176be84641a7e812d787b984daaa928cb0df19b8e7	COPIED_BYTE_IDENTICAL	none
11_recomb_flux_expert_generation/src/qc.py	11_recomb_flux_expert_generation/src/qc.py	753d59d0b7e99b5964edd025528ccb5b6d3455dd64e5f92f0f6ade63bc12c872	753d59d0b7e99b5964edd025528ccb5b6d3455dd64e5f92f0f6ade63bc12c872	COPIED_BYTE_IDENTICAL	none
11_recomb_flux_expert_generation/src/qualification.py	11_recomb_flux_expert_generation/src/qualification.py	6b6c177441ee1a651a452070fdac43ecb34d5f410bf86821e570ad32e71571fa	6b6c177441ee1a651a452070fdac43ecb34d5f410bf86821e570ad32e71571fa	COPIED_BYTE_IDENTICAL	none
11_recomb_flux_expert_generation/src/riptide_native.py	11_recomb_flux_expert_generation/src/riptide_native.py	ee59c5ff875d68169bb028eb5f75d8bd37e188218ef134d278d4b54c33eb2ab2	ee59c5ff875d68169bb028eb5f75d8bd37e188218ef134d278d4b54c33eb2ab2	COPIED_BYTE_IDENTICAL	none
11_recomb_flux_expert_generation/src/riptide_repair.py	11_recomb_flux_expert_generation/src/riptide_repair.py	43b8b3771f83b15b5079ddc15640d8e7dc9f5b8f323e59eedc7921e3fd0331fb	43b8b3771f83b15b5079ddc15640d8e7dc9f5b8f323e59eedc7921e3fd0331fb	COPIED_BYTE_IDENTICAL	none
11_recomb_flux_expert_generation/requirements.txt	manifests/provenance/source/11_recomb_flux_expert_generation/requirements.txt	e5cc3621c4a427fb2bfe711e2dfbe631828b0c671ab13b43ff560076b25b667a	e5cc3621c4a427fb2bfe711e2dfbe631828b0c671ab13b43ff560076b25b667a	COPIED_BYTE_IDENTICAL	none
11_recomb_flux_expert_generation/provenance/master_config.yaml	manifests/provenance/source/11_recomb_flux_expert_generation/provenance/master_config.yaml	9f903956a376534bccad5a5a7b9404abe18e4777a474c36f0b9c97c129a8efd1	9f903956a376534bccad5a5a7b9404abe18e4777a474c36f0b9c97c129a8efd1	COPIED_BYTE_IDENTICAL	none
11_recomb_flux_expert_generation/config/input_paths.yaml	manifests/provenance/source/11_recomb_flux_expert_generation/config/input_paths.yaml	92fa9e0467523c0a6fe71ddce7dcefe2855bf4e7ac00e87b43e93ad8b6e507d1	92fa9e0467523c0a6fe71ddce7dcefe2855bf4e7ac00e87b43e93ad8b6e507d1	COPIED_BYTE_IDENTICAL	none
figures/fig3/make_fig3_gain_tables.py	figures/main/fig3/upstream/make_fig3_gain_tables.py	632ebd3c07998371ea48f1f14c7c3238d73155d16fc57419a01ef64a8134924d	5d8c5c20387d3f1008e3da5c75ea6d2e09ea7a8882b8686987d5d5bbdc4bfec8	COPIED_PATH_ADAPTED	none
figures/fig4/build_fig4_tables_updated.py	figures/main/fig4/upstream/build_fig4_tables_updated.py	a69540ff31413a23b77be232bb6a4336f5e159b2c58d3acde746c07b7f406723	7ac46daf184b136e7f52c05ae8c37ef5b4f5fca036e5a8d6268b8962bdfa731d	COPIED_PATH_ADAPTED	none
scripts/export_recomb_figure2_dg_points_v1.py	figures/main/fig2/upstream/export_recomb_figure2_dg_points_v1.py	8f5ba6c1850918ae96d32ed66f0daf498a1b0a7135265f86c7b5952186438afe	3deaaaec5d2593d03af28eab9702ffdb8c072db109a6049f8814dbcda1552dcc	COPIED_PATH_ADAPTED	none
RECOMB_MANUSCRIPT_TECHNICAL_AUDIT.md	manifests/provenance/source/RECOMB_MANUSCRIPT_TECHNICAL_AUDIT.md	3ec5aa893002bc2c9ccbff55d5fa65082af89f782b5977d8d7fe4de7fa7b8a6a	3ec5aa893002bc2c9ccbff55d5fa65082af89f782b5977d8d7fe4de7fa7b8a6a	COPIED_BYTE_IDENTICAL	none
SUPPLEMENTARY_FIGURES_WAVE1_AUDIT.md	manifests/provenance/source/SUPPLEMENTARY_FIGURES_WAVE1_AUDIT.md	853d567d26d8f93aa5a280fa6e23995f8d4f11d080f01205be561af1eea3091b	853d567d26d8f93aa5a280fa6e23995f8d4f11d080f01205be561af1eea3091b	COPIED_BYTE_IDENTICAL	none
docs/DMI_BRIDGE_A20_DUAL_STRONG_ANCHOR_QUALIFICATION.md	manifests/provenance/source/docs/DMI_BRIDGE_A20_DUAL_STRONG_ANCHOR_QUALIFICATION.md	c4d733cb88e84baee54dde87d4860ff6102a3e9dc4f975fe925f0dd6840a1da3	c4d733cb88e84baee54dde87d4860ff6102a3e9dc4f975fe925f0dd6840a1da3	COPIED_BYTE_IDENTICAL	none
docs/DMI_BRIDGE_A21_DUAL_ANCHOR_GEOMETRY.md	manifests/provenance/source/docs/DMI_BRIDGE_A21_DUAL_ANCHOR_GEOMETRY.md	44f7a99b46936da4ad9216c4ce3e4d10bb3f19034b9b4a26a51e206decb763d9	44f7a99b46936da4ad9216c4ce3e4d10bb3f19034b9b4a26a51e206decb763d9	COPIED_BYTE_IDENTICAL	none
docs/DMI_BRIDGE_A22_DUAL_ANCHOR_SIGN_ONLY_UTILITY.md	manifests/provenance/source/docs/DMI_BRIDGE_A22_DUAL_ANCHOR_SIGN_ONLY_UTILITY.md	c2622540e98670d9999ff9557e0c3651cd72ab535559966c5d5c7830678cdb3c	c2622540e98670d9999ff9557e0c3651cd72ab535559966c5d5c7830678cdb3c	COPIED_BYTE_IDENTICAL	none
docs/DMI_BRIDGE_A23_A1_A2_SYNTHESIS.md	manifests/provenance/source/docs/DMI_BRIDGE_A23_A1_A2_SYNTHESIS.md	b1703b6918e4194ab20d50c9ad93dd384b45eaafc18932b45cfdad47dacb2a68	b1703b6918e4194ab20d50c9ad93dd384b45eaafc18932b45cfdad47dacb2a68	COPIED_BYTE_IDENTICAL	none
docs/DMI_BRIDGE_M1_MANUSCRIPT_EVIDENCE_CONSOLIDATION.md	manifests/provenance/source/docs/DMI_BRIDGE_M1_MANUSCRIPT_EVIDENCE_CONSOLIDATION.md	de981b84ae85739920753617539a2752a56272cc2b78251d7d084a93f0cd278b	de981b84ae85739920753617539a2752a56272cc2b78251d7d084a93f0cd278b	COPIED_BYTE_IDENTICAL	none
docs/DMI_BRIDGE_M2_A2_ROBUSTNESS_EVIDENCE_CONSOLIDATION.md	manifests/provenance/source/docs/DMI_BRIDGE_M2_A2_ROBUSTNESS_EVIDENCE_CONSOLIDATION.md	80093f337b38ab6b316e211d5cbeed8fd757b7899e5c854893454872bbdd344a	80093f337b38ab6b316e211d5cbeed8fd757b7899e5c854893454872bbdd344a	COPIED_BYTE_IDENTICAL	none
docs/DMI_BRIDGE_PL1_PREDICTABILITY_LANDSCAPE.md	manifests/provenance/source/docs/DMI_BRIDGE_PL1_PREDICTABILITY_LANDSCAPE.md	269d955f19b61ff37cfdc7d91e2fa15be0d8839dfc0a266cb3652aa0baeaf812	269d955f19b61ff37cfdc7d91e2fa15be0d8839dfc0a266cb3652aa0baeaf812	COPIED_BYTE_IDENTICAL	none
docs/DMI_BRIDGE_PL2B_PRODUCTION_CONTRACT.md	manifests/provenance/source/docs/DMI_BRIDGE_PL2B_PRODUCTION_CONTRACT.md	80e07f0d8081dfbdcda7f8441c7ad612dcbf1314b31664a754f0582dcfa5d84e	80e07f0d8081dfbdcda7f8441c7ad612dcbf1314b31664a754f0582dcfa5d84e	COPIED_BYTE_IDENTICAL	none
docs/DMI_BRIDGE_PL2C_GEOMETRY_UTILITY_DEVELOPMENT_CONTRACT.md	manifests/provenance/source/docs/DMI_BRIDGE_PL2C_GEOMETRY_UTILITY_DEVELOPMENT_CONTRACT.md	a2f4fb9dea857d91b7827506036abc407b2194b23814007c7c777ba7db34f471	a2f4fb9dea857d91b7827506036abc407b2194b23814007c7c777ba7db34f471	COPIED_BYTE_IDENTICAL	none
docs/DMI_BRIDGE_PL2D_CONFIRMATION_CONTRACT.md	manifests/provenance/source/docs/DMI_BRIDGE_PL2D_CONFIRMATION_CONTRACT.md	bcb73a34640fb1612d3d1a79d2e2188b38d7d5219b124eac22b02199e1378371	bcb73a34640fb1612d3d1a79d2e2188b38d7d5219b124eac22b02199e1378371	COPIED_BYTE_IDENTICAL	none
docs/DMI_BRIDGE_PL2D_HYPOTHESIS_FREEZE_CONTRACT.md	manifests/provenance/source/docs/DMI_BRIDGE_PL2D_HYPOTHESIS_FREEZE_CONTRACT.md	29a67cc4eacb5077514521a2c8efd36df2920d9fa11f2655004010a02a589eb1	29a67cc4eacb5077514521a2c8efd36df2920d9fa11f2655004010a02a589eb1	COPIED_BYTE_IDENTICAL	none
docs/DMI_BRIDGE_PL2D_H_SUPPORT_GATE_AMENDMENT_V1.md	manifests/provenance/source/docs/DMI_BRIDGE_PL2D_H_SUPPORT_GATE_AMENDMENT_V1.md	5fa69753c30f5d81f4c6a0ca2e8a6cc006b11e1850b17abf892381b4d30e6cc3	5fa69753c30f5d81f4c6a0ca2e8a6cc006b11e1850b17abf892381b4d30e6cc3	COPIED_BYTE_IDENTICAL	none
docs/DMI_BRIDGE_PL2_SIGN_ONLY_UTILITY.md	manifests/provenance/source/docs/DMI_BRIDGE_PL2_SIGN_ONLY_UTILITY.md	4c6e8b717d3dc78cd0fc9803efff2826587c2a4de3d276eeb4c933e8841acea9	4c6e8b717d3dc78cd0fc9803efff2826587c2a4de3d276eeb4c933e8841acea9	COPIED_BYTE_IDENTICAL	none
tests/test_dmi_bridge_a20_dual_anchor_core_v1.py	tests/test_dmi_bridge_a20_dual_anchor_core_v1.py	8793de217755ce4457806dd9fb8aa4d629ef6ecce8efcb87950801119cd1ed41	8793de217755ce4457806dd9fb8aa4d629ef6ecce8efcb87950801119cd1ed41	COPIED_BYTE_IDENTICAL	none
tests/test_dmi_bridge_a21_dual_anchor_geometry_core_v1.py	tests/test_dmi_bridge_a21_dual_anchor_geometry_core_v1.py	22cb95da9e4bd6244f479aa0d67b3d31dc27806e4abb2bf82a8eb00f7b8bf70c	22cb95da9e4bd6244f479aa0d67b3d31dc27806e4abb2bf82a8eb00f7b8bf70c	COPIED_BYTE_IDENTICAL	none
tests/test_dmi_bridge_a22_dual_anchor_sign_only_core_v1.py	tests/test_dmi_bridge_a22_dual_anchor_sign_only_core_v1.py	fbf8a0bfe8a7e15eee1c65bc83dea0f31bd397accaf878139d68ac1cbb9c3f62	fbf8a0bfe8a7e15eee1c65bc83dea0f31bd397accaf878139d68ac1cbb9c3f62	COPIED_BYTE_IDENTICAL	none
tests/test_dmi_bridge_a23_a1_a2_synthesis_core_v1.py	tests/test_dmi_bridge_a23_a1_a2_synthesis_core_v1.py	775d9d8acc6243cd30b6b814817582317563879ef01e7cd895f9aecfba6ebda6	775d9d8acc6243cd30b6b814817582317563879ef01e7cd895f9aecfba6ebda6	COPIED_BYTE_IDENTICAL	none
tests/test_dmi_bridge_m1_manuscript_core_v1.py	tests/test_dmi_bridge_m1_manuscript_core_v1.py	bbbecfd8c58db861703353f3bdf321848d3ff519a18a2e4fb4ec78e3113fb30e	bbbecfd8c58db861703353f3bdf321848d3ff519a18a2e4fb4ec78e3113fb30e	COPIED_BYTE_IDENTICAL	none
tests/test_dmi_bridge_m2_a2_robustness_core_v1.py	tests/test_dmi_bridge_m2_a2_robustness_core_v1.py	2591b3afbd8faf04da45ef46695b0cbd9094972a0813ba95d0cc324c3d0e8bad	2591b3afbd8faf04da45ef46695b0cbd9094972a0813ba95d0cc324c3d0e8bad	COPIED_BYTE_IDENTICAL	none
tests/test_dmi_bridge_pl2_sign_only_core_v1.py	tests/test_dmi_bridge_pl2_sign_only_core_v1.py	e2f241d6da974871921288fc2f3628440241dce43750d467ebaca487b059868b	e2f241d6da974871921288fc2f3628440241dce43750d467ebaca487b059868b	COPIED_BYTE_IDENTICAL	none
tests/test_dmi_bridge_pl2c_geometry_utility_core_v1.py	tests/test_dmi_bridge_pl2c_geometry_utility_core_v1.py	ef44201c8bb53174c91174ca61049704b12dd8ba0450174d1975699364ed531a	ef44201c8bb53174c91174ca61049704b12dd8ba0450174d1975699364ed531a	COPIED_BYTE_IDENTICAL	none
tests/test_dmi_bridge_pl2d_confirmation_core_v1.py	tests/test_dmi_bridge_pl2d_confirmation_core_v1.py	b383f7f14e183b9a5c23fcfe1d73265591667ea4cd4fe9c165baaf83b6917b44	b383f7f14e183b9a5c23fcfe1d73265591667ea4cd4fe9c165baaf83b6917b44	COPIED_BYTE_IDENTICAL	none
tests/test_dmi_bridge_pl2d_h_support_gate_amendment_core_v1.py	tests/test_dmi_bridge_pl2d_h_support_gate_amendment_core_v1.py	3c1c52c1adad7511613da00b1dc4f3ff3a3622a7b7776731050d0db614906ce0	3c1c52c1adad7511613da00b1dc4f3ff3a3622a7b7776731050d0db614906ce0	COPIED_BYTE_IDENTICAL	none
tests/test_dmi_bridge_pl2d_hypothesis_freeze_core_v1.py	tests/test_dmi_bridge_pl2d_hypothesis_freeze_core_v1.py	812af0ceaf39b7fc4a5f2e3c2ffba564a39d6c7ef7e7c020f0afc3c25785a2a7	812af0ceaf39b7fc4a5f2e3c2ffba564a39d6c7ef7e7c020f0afc3c25785a2a7	COPIED_BYTE_IDENTICAL	none
figures/fig2/recomb_figure2_DG_plots.ipynb	figures/main/fig2/plot_fig2_dg.py	deeae8809cfb84cafe68ce1c4a6dd1a3b352419701ba5f2e4e7de4dfbd2aacba	0015be9a6cad126b8f4d19bf6db05d2f2e472b9dbc1bff7e9859daf53df8a4f9	EXTRACTED_PLOTTING_CODE	none
figures/fig3/fig3_gain_exploration.ipynb	figures/main/fig3/plot_fig3_bc.py	1ca36f0b9b5e869bac4a339bf2a66ec4f4172880c6e52251f113b8f3997f2228	5fe91e1b9f1e381250a0ff7223e927edf79426284738052100cdfd82b2eac4a4	EXTRACTED_PLOTTING_CODE	none
figures/supp_fig4/supp_fig4.ipynb	manifests/provenance/legacy_figure_code/supp_fig4_plot_cells.py	91265f6db5b6a0189be6d2e9fc4738f4425457396863bfd02566db2abfc52d8e	3e58537b1151cf95f989aa54316b6cad4a6656d6a97002827a35a2abb88a49e8	EXTRACTED_PLOTTING_CODE	none
figures/supp_fig5/supp_fig5.ipynb	manifests/provenance/legacy_figure_code/supp_fig5_plot_cells.py	b8ce88f5255416d76b2a9d820695d9889021ddfd70dd63e4b2bf6d924d929aa7	29a0e9468f00eb6edc457d350238c8f616901ea798a852886c9b8a54135c810c	EXTRACTED_PLOTTING_CODE	none
figures/supp_fig6/supp_fig6.ipynb	manifests/provenance/legacy_figure_code/supp_fig6_plot_cells.py	07569e8004700e60e3d2a94d0e86d85ab2d8467d349bdc225ed00415ac7e061d	306c4ff69e53cc2bc08c6dd8fffc54962d58eaf78872fbbbf6e82f1bf4916d5c	EXTRACTED_PLOTTING_CODE	none
figures/supp_fig7/supp_fig7.ipynb	manifests/provenance/legacy_figure_code/supp_fig7_plot_cells.py	844563f1ae8f23b08f369f5dd3f484c4a0d2a5747bfca4d0649cc9ea3cadfdf6	553601c61d71d2d69925e7215ac4e3e11d2289b1965872200251f1ccf79a361e	EXTRACTED_PLOTTING_CODE	none
figures/supp_fig1/build_supp_fig1_tables.py	figures/supplementary/s1/upstream/build_supp_fig1_tables.py	63c25b2eeb54a794cbe5224ff0b78255795b77d35e315041cfaf0148fc87cef6	23a23990cae1a312c27d8f5ac62f735b05ed98e4b619a2f31b788a20742b27b2	COPIED_PATH_ADAPTED	none
figures/supp_fig4/build_supp_fig4_tables.py	manifests/provenance/legacy_figure_code/build_supp_fig4_tables.py	cce256958a92aebdfd09395ebce2e9bd5c7a47f7d3e8ef8fd5245deee4240de3	cce256958a92aebdfd09395ebce2e9bd5c7a47f7d3e8ef8fd5245deee4240de3	COPIED_BYTE_IDENTICAL	none
figures/supp_fig5/build_supp_fig5_tables.py	manifests/provenance/legacy_figure_code/build_supp_fig5_tables.py	07190502e28c233dd5520a61faccf0b4e66a1a11ea3507bd8bc5d9737cb9ed44	07190502e28c233dd5520a61faccf0b4e66a1a11ea3507bd8bc5d9737cb9ed44	COPIED_BYTE_IDENTICAL	none
figures/supp_fig6/build_supp_fig6_tables.py	manifests/provenance/legacy_figure_code/build_supp_fig6_tables.py	b74c528670ad74850d996d7bb67c23ea5054b8ecd52018243f6e6052c8875b5b	b74c528670ad74850d996d7bb67c23ea5054b8ecd52018243f6e6052c8875b5b	COPIED_BYTE_IDENTICAL	none
figures/supp_fig7/build_supp_fig7_tables.py	manifests/provenance/legacy_figure_code/build_supp_fig7_tables.py	69d15a4ae9434c4a4967c13c023f62459b4b080dfd05b90754c34af43a90afd7	69d15a4ae9434c4a4967c13c023f62459b4b080dfd05b90754c34af43a90afd7	COPIED_BYTE_IDENTICAL	none
figures/supp_fig1/supp_fig1.ipynb	figures/supplementary/s1/plot_s1.py	5bdd74746662bd81eba6f35861c14cdf04c8617f05d14e1e5cc479c2324ecfe3	f999c568faf4a65084d59156e19fee769196651760b1133b74de39be5716a032	EXTRACTED_PLOTTING_CODE	none
figures/fig4/fig4_panelB_distributions_updated.ipynb	figures/main/fig4/plot_fig4_b.py	a8d93870a6e4f4359a13ac13ed822d8e46d9e044ec8b9250266f85595c350d1e	64354e74f53bdc81aa3c1a773a1be5ddb404e0ae8486ac22b3009c64a5b8b7c4	EXTRACTED_PLOTTING_CODE	none
figures/fig4/fig4_panelB_distributions_updated.ipynb	figures/main/fig4/plot_fig4_c_source.py	a8d93870a6e4f4359a13ac13ed822d8e46d9e044ec8b9250266f85595c350d1e	5e90859dcf6fc79a30edf12463c5b3dd8018ca2a4c5b8a36cd1f7369007e220f	EXTRACTED_PLOTTING_CODE	none
